assignment_id,experiment_id,user_id,variant
1,1,100001,Control
2,1,100002,Control
3,1,100003,Control
4,1,100004,Control
5,1,100005,Control
6,1,100006,Control
7,1,100007,Control
8,1,100008,Treatment
9,1,100009,Treatment
10,1,100010,Control
11,1,100011,Control
12,1,100012,Control
13,1,100013,Treatment
14,1,100014,Treatment
15,1,100015,Control
16,1,100016,Treatment
17,1,100017,Treatment
18,1,100018,Treatment
19,1,100019,Control
20,1,100020,Treatment
21,1,100021,Treatment
22,1,100022,Treatment
23,1,100023,Treatment
24,1,100024,Control
25,1,100025,Treatment
26,1,100026,Treatment
27,1,100027,Control
28,1,100028,Control
29,1,100029,Treatment
30,1,100030,Control
31,1,100031,Treatment
32,1,100032,Control
33,1,100033,Control
34,1,100034,Control
35,1,100035,Treatment
36,1,100036,Control
37,1,100037,Treatment
38,1,100038,Treatment
39,1,100039,Treatment
40,1,100040,Treatment
41,1,100041,Treatment
42,1,100042,Control
43,1,100043,Control
44,1,100044,Control
45,1,100045,Control
46,1,100046,Treatment
47,1,100047,Control
48,1,100048,Control
49,1,100049,Treatment
50,1,100050,Control
51,1,100051,Treatment
52,1,100052,Treatment
53,1,100053,Control
54,1,100054,Treatment
55,1,100055,Control
56,1,100056,Control
57,1,100057,Treatment
58,1,100058,Treatment
59,1,100059,Control
60,1,100060,Treatment
61,1,100061,Control
62,1,100062,Control
63,1,100063,Treatment
64,1,100064,Control
65,1,100065,Control
66,1,100066,Treatment
67,1,100067,Treatment
68,1,100068,Control
69,1,100069,Control
70,1,100070,Treatment
71,1,100071,Control
72,1,100072,Treatment
73,1,100073,Control
74,1,100074,Control
75,1,100075,Treatment
76,1,100076,Control
77,1,100077,Treatment
78,1,100078,Control
79,1,100079,Control
80,1,100080,Treatment
81,1,100081,Control
82,1,100082,Control
83,1,100083,Treatment
84,1,100084,Control
85,1,100085,Treatment
86,1,100086,Control
87,1,100087,Control
88,1,100088,Treatment
89,1,100089,Treatment
90,1,100090,Treatment
91,1,100091,Control
92,1,100092,Treatment
93,1,100093,Treatment
94,1,100094,Control
95,1,100095,Control
96,1,100096,Treatment
97,1,100097,Control
98,1,100098,Treatment
99,1,100099,Control
100,1,100100,Treatment
101,1,100101,Treatment
102,1,100102,Treatment
103,1,100103,Treatment
104,1,100104,Treatment
105,1,100105,Control
106,1,100106,Treatment
107,1,100107,Treatment
108,1,100108,Control
109,1,100109,Treatment
110,1,100110,Control
111,1,100111,Control
112,1,100112,Control
113,1,100113,Control
114,1,100114,Control
115,1,100115,Treatment
116,1,100116,Treatment
117,1,100117,Control
118,1,100118,Treatment
119,1,100119,Control
120,1,100120,Treatment
121,1,100121,Treatment
122,1,100122,Control
123,1,100123,Control
124,1,100124,Treatment
125,1,100125,Control
126,1,100126,Treatment
127,1,100127,Treatment
128,1,100128,Control
129,1,100129,Treatment
130,1,100130,Treatment
131,1,100131,Treatment
132,1,100132,Control
133,1,100133,Treatment
134,1,100134,Treatment
135,1,100135,Control
136,1,100136,Treatment
137,1,100137,Control
138,1,100138,Control
139,1,100139,Treatment
140,1,100140,Treatment
141,1,100141,Treatment
142,1,100142,Control
143,1,100143,Control
144,1,100144,Treatment
145,1,100145,Control
146,1,100146,Control
147,1,100147,Treatment
148,1,100148,Treatment
149,1,100149,Control
150,1,100150,Treatment
151,1,100151,Control
152,1,100152,Control
153,1,100153,Treatment
154,1,100154,Control
155,1,100155,Control
156,1,100156,Treatment
157,1,100157,Control
158,1,100158,Control
159,1,100159,Control
160,1,100160,Treatment
161,1,100161,Treatment
162,1,100162,Control
163,1,100163,Control
164,1,100164,Control
165,1,100165,Treatment
166,1,100166,Control
167,1,100167,Control
168,1,100168,Treatment
169,1,100169,Control
170,1,100170,Control
171,1,100171,Control
172,1,100172,Control
173,1,100173,Treatment
174,1,100174,Control
175,1,100175,Treatment
176,1,100176,Treatment
177,1,100177,Control
178,1,100178,Control
179,1,100179,Control
180,1,100180,Control
181,1,100181,Control
182,1,100182,Treatment
183,1,100183,Control
184,1,100184,Treatment
185,1,100185,Treatment
186,1,100186,Treatment
187,1,100187,Treatment
188,1,100188,Control
189,1,100189,Treatment
190,1,100190,Control
191,1,100191,Treatment
192,1,100192,Treatment
193,1,100193,Treatment
194,1,100194,Control
195,1,100195,Treatment
196,1,100196,Treatment
197,1,100197,Control
198,1,100198,Control
199,1,100199,Control
200,1,100200,Control
201,1,100201,Control
202,1,100202,Treatment
203,1,100203,Treatment
204,1,100204,Treatment
205,1,100205,Control
206,1,100206,Treatment
207,1,100207,Treatment
208,1,100208,Treatment
209,1,100209,Treatment
210,1,100210,Control
211,1,100211,Treatment
212,1,100212,Treatment
213,1,100213,Treatment
214,1,100214,Treatment
215,1,100215,Control
216,1,100216,Treatment
217,1,100217,Treatment
218,1,100218,Control
219,1,100219,Control
220,1,100220,Control
221,1,100221,Control
222,1,100222,Treatment
223,1,100223,Control
224,1,100224,Treatment
225,1,100225,Treatment
226,1,100226,Control
227,1,100227,Control
228,1,100228,Treatment
229,1,100229,Treatment
230,1,100230,Control
231,1,100231,Control
232,1,100232,Treatment
233,1,100233,Control
234,1,100234,Treatment
235,1,100235,Treatment
236,1,100236,Treatment
237,1,100237,Control
238,1,100238,Treatment
239,1,100239,Control
240,1,100240,Treatment
241,1,100241,Control
242,1,100242,Control
243,1,100243,Treatment
244,1,100244,Treatment
245,1,100245,Control
246,1,100246,Treatment
247,1,100247,Control
248,1,100248,Treatment
249,1,100249,Control
250,1,100250,Control
251,1,100251,Treatment
252,1,100252,Treatment
253,1,100253,Control
254,1,100254,Treatment
255,1,100255,Treatment
256,1,100256,Control
257,1,100257,Control
258,1,100258,Control
259,1,100259,Treatment
260,1,100260,Treatment
261,1,100261,Control
262,1,100262,Treatment
263,1,100263,Treatment
264,1,100264,Control
265,1,100265,Treatment
266,1,100266,Treatment
267,1,100267,Treatment
268,1,100268,Treatment
269,1,100269,Treatment
270,1,100270,Treatment
271,1,100271,Treatment
272,1,100272,Treatment
273,1,100273,Control
274,1,100274,Treatment
275,1,100275,Treatment
276,1,100276,Control
277,1,100277,Treatment
278,1,100278,Treatment
279,1,100279,Control
280,1,100280,Control
281,1,100281,Treatment
282,1,100282,Control
283,1,100283,Control
284,1,100284,Treatment
285,1,100285,Treatment
286,1,100286,Treatment
287,1,100287,Control
288,1,100288,Treatment
289,1,100289,Control
290,1,100290,Control
291,1,100291,Treatment
292,1,100292,Treatment
293,1,100293,Control
294,1,100294,Control
295,1,100295,Control
296,1,100296,Treatment
297,1,100297,Control
298,1,100298,Treatment
299,1,100299,Control
300,1,100300,Control
301,1,100301,Treatment
302,1,100302,Control
303,1,100303,Control
304,1,100304,Treatment
305,1,100305,Control
306,1,100306,Treatment
307,1,100307,Treatment
308,1,100308,Control
309,1,100309,Treatment
310,1,100310,Treatment
311,1,100311,Control
312,1,100312,Control
313,1,100313,Control
314,1,100314,Control
315,1,100315,Treatment
316,1,100316,Control
317,1,100317,Control
318,1,100318,Treatment
319,1,100319,Treatment
320,1,100320,Treatment
321,1,100321,Treatment
322,1,100322,Treatment
323,1,100323,Treatment
324,1,100324,Control
325,1,100325,Treatment
326,1,100326,Treatment
327,1,100327,Treatment
328,1,100328,Control
329,1,100329,Control
330,1,100330,Control
331,1,100331,Control
332,1,100332,Control
333,1,100333,Treatment
334,1,100334,Control
335,1,100335,Treatment
336,1,100336,Treatment
337,1,100337,Control
338,1,100338,Control
339,1,100339,Treatment
340,1,100340,Treatment
341,1,100341,Control
342,1,100342,Treatment
343,1,100343,Control
344,1,100344,Treatment
345,1,100345,Treatment
346,1,100346,Control
347,1,100347,Treatment
348,1,100348,Control
349,1,100349,Treatment
350,1,100350,Control
351,1,100351,Control
352,1,100352,Treatment
353,1,100353,Treatment
354,1,100354,Control
355,1,100355,Treatment
356,1,100356,Treatment
357,1,100357,Treatment
358,1,100358,Control
359,1,100359,Control
360,1,100360,Control
361,1,100361,Treatment
362,1,100362,Control
363,1,100363,Treatment
364,1,100364,Control
365,1,100365,Control
366,1,100366,Treatment
367,1,100367,Control
368,1,100368,Control
369,1,100369,Control
370,1,100370,Treatment
371,1,100371,Treatment
372,1,100372,Control
373,1,100373,Control
374,1,100374,Treatment
375,1,100375,Treatment
376,1,100376,Treatment
377,1,100377,Control
378,1,100378,Control
379,1,100379,Control
380,1,100380,Treatment
381,1,100381,Treatment
382,1,100382,Control
383,1,100383,Control
384,1,100384,Control
385,1,100385,Treatment
386,1,100386,Treatment
387,1,100387,Treatment
388,1,100388,Control
389,1,100389,Treatment
390,1,100390,Treatment
391,1,100391,Treatment
392,1,100392,Control
393,1,100393,Treatment
394,1,100394,Treatment
395,1,100395,Treatment
396,1,100396,Control
397,1,100397,Control
398,1,100398,Control
399,1,100399,Control
400,1,100400,Treatment
401,1,100401,Treatment
402,1,100402,Treatment
403,1,100403,Treatment
404,1,100404,Control
405,1,100405,Treatment
406,1,100406,Treatment
407,1,100407,Control
408,1,100408,Treatment
409,1,100409,Treatment
410,1,100410,Control
411,1,100411,Control
412,1,100412,Control
413,1,100413,Treatment
414,1,100414,Control
415,1,100415,Control
416,1,100416,Treatment
417,1,100417,Treatment
418,1,100418,Treatment
419,1,100419,Control
420,1,100420,Control
421,1,100421,Control
422,1,100422,Control
423,1,100423,Treatment
424,1,100424,Treatment
425,1,100425,Control
426,1,100426,Treatment
427,1,100427,Treatment
428,1,100428,Treatment
429,1,100429,Control
430,1,100430,Treatment
431,1,100431,Control
432,1,100432,Control
433,1,100433,Control
434,1,100434,Control
435,1,100435,Control
436,1,100436,Treatment
437,1,100437,Control
438,1,100438,Treatment
439,1,100439,Control
440,1,100440,Control
441,1,100441,Control
442,1,100442,Control
443,1,100443,Treatment
444,1,100444,Treatment
445,1,100445,Treatment
446,1,100446,Control
447,1,100447,Control
448,1,100448,Control
449,1,100449,Treatment
450,1,100450,Treatment
451,1,100451,Control
452,1,100452,Control
453,1,100453,Control
454,1,100454,Treatment
455,1,100455,Treatment
456,1,100456,Treatment
457,1,100457,Treatment
458,1,100458,Control
459,1,100459,Control
460,1,100460,Control
461,1,100461,Control
462,1,100462,Control
463,1,100463,Treatment
464,1,100464,Treatment
465,1,100465,Control
466,1,100466,Control
467,1,100467,Treatment
468,1,100468,Control
469,1,100469,Treatment
470,1,100470,Treatment
471,1,100471,Treatment
472,1,100472,Treatment
473,1,100473,Control
474,1,100474,Treatment
475,1,100475,Treatment
476,1,100476,Treatment
477,1,100477,Treatment
478,1,100478,Treatment
479,1,100479,Treatment
480,1,100480,Treatment
481,1,100481,Treatment
482,1,100482,Treatment
483,1,100483,Treatment
484,1,100484,Treatment
485,1,100485,Treatment
486,1,100486,Treatment
487,1,100487,Control
488,1,100488,Control
489,1,100489,Control
490,1,100490,Treatment
491,1,100491,Control
492,1,100492,Control
493,1,100493,Treatment
494,1,100494,Treatment
495,1,100495,Treatment
496,1,100496,Treatment
497,1,100497,Control
498,1,100498,Control
499,1,100499,Treatment
500,1,100500,Control
501,1,100501,Treatment
502,1,100502,Treatment
503,1,100503,Control
504,1,100504,Control
505,1,100505,Control
506,1,100506,Treatment
507,1,100507,Control
508,1,100508,Treatment
509,1,100509,Control
510,1,100510,Treatment
511,1,100511,Control
512,1,100512,Treatment
513,1,100513,Treatment
514,1,100514,Control
515,1,100515,Control
516,1,100516,Control
517,1,100517,Treatment
518,1,100518,Control
519,1,100519,Control
520,1,100520,Control
521,1,100521,Treatment
522,1,100522,Control
523,1,100523,Control
524,1,100524,Treatment
525,1,100525,Treatment
526,1,100526,Treatment
527,1,100527,Treatment
528,1,100528,Control
529,1,100529,Treatment
530,1,100530,Treatment
531,1,100531,Control
532,1,100532,Control
533,1,100533,Control
534,1,100534,Treatment
535,1,100535,Treatment
536,1,100536,Control
537,1,100537,Treatment
538,1,100538,Treatment
539,1,100539,Treatment
540,1,100540,Control
541,1,100541,Treatment
542,1,100542,Control
543,1,100543,Control
544,1,100544,Control
545,1,100545,Treatment
546,1,100546,Treatment
547,1,100547,Treatment
548,1,100548,Treatment
549,1,100549,Treatment
550,1,100550,Treatment
551,1,100551,Control
552,1,100552,Treatment
553,1,100553,Control
554,1,100554,Control
555,1,100555,Treatment
556,1,100556,Control
557,1,100557,Control
558,1,100558,Control
559,1,100559,Control
560,1,100560,Treatment
561,1,100561,Control
562,1,100562,Treatment
563,1,100563,Control
564,1,100564,Treatment
565,1,100565,Treatment
566,1,100566,Control
567,1,100567,Control
568,1,100568,Control
569,1,100569,Treatment
570,1,100570,Treatment
571,1,100571,Treatment
572,1,100572,Control
573,1,100573,Control
574,1,100574,Control
575,1,100575,Treatment
576,1,100576,Treatment
577,1,100577,Control
578,1,100578,Control
579,1,100579,Control
580,1,100580,Control
581,1,100581,Control
582,1,100582,Control
583,1,100583,Control
584,1,100584,Treatment
585,1,100585,Treatment
586,1,100586,Treatment
587,1,100587,Treatment
588,1,100588,Control
589,1,100589,Treatment
590,1,100590,Treatment
591,1,100591,Control
592,1,100592,Control
593,1,100593,Control
594,1,100594,Control
595,1,100595,Treatment
596,1,100596,Control
597,1,100597,Control
598,1,100598,Treatment
599,1,100599,Control
600,1,100600,Control
601,1,100601,Treatment
602,1,100602,Treatment
603,1,100603,Control
604,1,100604,Control
605,1,100605,Treatment
606,1,100606,Treatment
607,1,100607,Treatment
608,1,100608,Control
609,1,100609,Treatment
610,1,100610,Control
611,1,100611,Treatment
612,1,100612,Treatment
613,1,100613,Control
614,1,100614,Control
615,1,100615,Treatment
616,1,100616,Treatment
617,1,100617,Control
618,1,100618,Treatment
619,1,100619,Control
620,1,100620,Treatment
621,1,100621,Treatment
622,1,100622,Control
623,1,100623,Control
624,1,100624,Control
625,1,100625,Treatment
626,1,100626,Control
627,1,100627,Control
628,1,100628,Control
629,1,100629,Treatment
630,1,100630,Control
631,1,100631,Control
632,1,100632,Control
633,1,100633,Control
634,1,100634,Treatment
635,1,100635,Control
636,1,100636,Control
637,1,100637,Treatment
638,1,100638,Treatment
639,1,100639,Treatment
640,1,100640,Treatment
641,1,100641,Control
642,1,100642,Control
643,1,100643,Treatment
644,1,100644,Control
645,1,100645,Control
646,1,100646,Treatment
647,1,100647,Control
648,1,100648,Treatment
649,1,100649,Treatment
650,1,100650,Treatment
651,1,100651,Control
652,1,100652,Control
653,1,100653,Treatment
654,1,100654,Treatment
655,1,100655,Control
656,1,100656,Control
657,1,100657,Treatment
658,1,100658,Control
659,1,100659,Treatment
660,1,100660,Treatment
661,1,100661,Control
662,1,100662,Treatment
663,1,100663,Treatment
664,1,100664,Control
665,1,100665,Treatment
666,1,100666,Control
667,1,100667,Control
668,1,100668,Control
669,1,100669,Control
670,1,100670,Treatment
671,1,100671,Treatment
672,1,100672,Control
673,1,100673,Control
674,1,100674,Control
675,1,100675,Treatment
676,1,100676,Control
677,1,100677,Control
678,1,100678,Treatment
679,1,100679,Treatment
680,1,100680,Control
681,1,100681,Treatment
682,1,100682,Treatment
683,1,100683,Control
684,1,100684,Treatment
685,1,100685,Treatment
686,1,100686,Control
687,1,100687,Control
688,1,100688,Control
689,1,100689,Treatment
690,1,100690,Control
691,1,100691,Control
692,1,100692,Treatment
693,1,100693,Treatment
694,1,100694,Control
695,1,100695,Control
696,1,100696,Control
697,1,100697,Treatment
698,1,100698,Treatment
699,1,100699,Control
700,1,100700,Control
701,1,100701,Control
702,1,100702,Control
703,1,100703,Treatment
704,1,100704,Treatment
705,1,100705,Treatment
706,1,100706,Control
707,1,100707,Treatment
708,1,100708,Treatment
709,1,100709,Treatment
710,1,100710,Treatment
711,1,100711,Treatment
712,1,100712,Control
713,1,100713,Control
714,1,100714,Control
715,1,100715,Treatment
716,1,100716,Control
717,1,100717,Control
718,1,100718,Treatment
719,1,100719,Treatment
720,1,100720,Control
721,1,100721,Control
722,1,100722,Treatment
723,1,100723,Control
724,1,100724,Treatment
725,1,100725,Treatment
726,1,100726,Treatment
727,1,100727,Control
728,1,100728,Control
729,1,100729,Treatment
730,1,100730,Control
731,1,100731,Control
732,1,100732,Treatment
733,1,100733,Treatment
734,1,100734,Treatment
735,1,100735,Control
736,1,100736,Control
737,1,100737,Control
738,1,100738,Treatment
739,1,100739,Control
740,1,100740,Treatment
741,1,100741,Control
742,1,100742,Treatment
743,1,100743,Control
744,1,100744,Control
745,1,100745,Control
746,1,100746,Treatment
747,1,100747,Control
748,1,100748,Control
749,1,100749,Treatment
750,1,100750,Treatment
751,1,100751,Control
752,1,100752,Treatment
753,1,100753,Control
754,1,100754,Control
755,1,100755,Treatment
756,1,100756,Control
757,1,100757,Control
758,1,100758,Treatment
759,1,100759,Treatment
760,1,100760,Treatment
761,1,100761,Treatment
762,1,100762,Treatment
763,1,100763,Control
764,1,100764,Treatment
765,1,100765,Treatment
766,1,100766,Control
767,1,100767,Control
768,1,100768,Control
769,1,100769,Control
770,1,100770,Treatment
771,1,100771,Control
772,1,100772,Control
773,1,100773,Control
774,1,100774,Treatment
775,1,100775,Treatment
776,1,100776,Treatment
777,1,100777,Control
778,1,100778,Control
779,1,100779,Control
780,1,100780,Treatment
781,1,100781,Treatment
782,1,100782,Control
783,1,100783,Control
784,1,100784,Control
785,1,100785,Control
786,1,100786,Control
787,1,100787,Treatment
788,1,100788,Control
789,1,100789,Control
790,1,100790,Control
791,1,100791,Treatment
792,1,100792,Treatment
793,1,100793,Treatment
794,1,100794,Treatment
795,1,100795,Control
796,1,100796,Control
797,1,100797,Control
798,1,100798,Treatment
799,1,100799,Treatment
800,1,100800,Control
801,1,100801,Control
802,1,100802,Treatment
803,1,100803,Control
804,1,100804,Treatment
805,1,100805,Control
806,1,100806,Control
807,1,100807,Treatment
808,1,100808,Treatment
809,1,100809,Control
810,1,100810,Control
811,1,100811,Treatment
812,1,100812,Treatment
813,1,100813,Treatment
814,1,100814,Control
815,1,100815,Treatment
816,1,100816,Treatment
817,1,100817,Treatment
818,1,100818,Control
819,1,100819,Control
820,1,100820,Control
821,1,100821,Treatment
822,1,100822,Control
823,1,100823,Treatment
824,1,100824,Control
825,1,100825,Control
826,1,100826,Treatment
827,1,100827,Control
828,1,100828,Treatment
829,1,100829,Control
830,1,100830,Control
831,1,100831,Treatment
832,1,100832,Control
833,1,100833,Treatment
834,1,100834,Treatment
835,1,100835,Treatment
836,1,100836,Treatment
837,1,100837,Control
838,1,100838,Treatment
839,1,100839,Control
840,1,100840,Treatment
841,1,100841,Control
842,1,100842,Treatment
843,1,100843,Treatment
844,1,100844,Treatment
845,1,100845,Treatment
846,1,100846,Treatment
847,1,100847,Treatment
848,1,100848,Control
849,1,100849,Control
850,1,100850,Control
851,1,100851,Treatment
852,1,100852,Control
853,1,100853,Treatment
854,1,100854,Control
855,1,100855,Treatment
856,1,100856,Control
857,1,100857,Control
858,1,100858,Control
859,1,100859,Treatment
860,1,100860,Treatment
861,1,100861,Treatment
862,1,100862,Control
863,1,100863,Treatment
864,1,100864,Treatment
865,1,100865,Control
866,1,100866,Treatment
867,1,100867,Control
868,1,100868,Control
869,1,100869,Control
870,1,100870,Treatment
871,1,100871,Control
872,1,100872,Treatment
873,1,100873,Treatment
874,1,100874,Treatment
875,1,100875,Control
876,1,100876,Control
877,1,100877,Control
878,1,100878,Control
879,1,100879,Control
880,1,100880,Treatment
881,1,100881,Control
882,1,100882,Control
883,1,100883,Treatment
884,1,100884,Treatment
885,1,100885,Control
886,1,100886,Control
887,1,100887,Control
888,1,100888,Treatment
889,1,100889,Control
890,1,100890,Control
891,1,100891,Control
892,1,100892,Control
893,1,100893,Control
894,1,100894,Control
895,1,100895,Control
896,1,100896,Treatment
897,1,100897,Treatment
898,1,100898,Control
899,1,100899,Control
900,1,100900,Treatment
901,1,100901,Treatment
902,1,100902,Treatment
903,1,100903,Control
904,1,100904,Treatment
905,1,100905,Treatment
906,1,100906,Treatment
907,1,100907,Control
908,1,100908,Control
909,1,100909,Control
910,1,100910,Control
911,1,100911,Control
912,1,100912,Treatment
913,1,100913,Treatment
914,1,100914,Control
915,1,100915,Treatment
916,1,100916,Control
917,1,100917,Control
918,1,100918,Control
919,1,100919,Control
920,1,100920,Treatment
921,1,100921,Treatment
922,1,100922,Control
923,1,100923,Treatment
924,1,100924,Control
925,1,100925,Control
926,1,100926,Treatment
927,1,100927,Control
928,1,100928,Treatment
929,1,100929,Control
930,1,100930,Treatment
931,1,100931,Control
932,1,100932,Control
933,1,100933,Control
934,1,100934,Treatment
935,1,100935,Control
936,1,100936,Control
937,1,100937,Control
938,1,100938,Treatment
939,1,100939,Control
940,1,100940,Control
941,1,100941,Treatment
942,1,100942,Control
943,1,100943,Treatment
944,1,100944,Treatment
945,1,100945,Treatment
946,1,100946,Treatment
947,1,100947,Treatment
948,1,100948,Control
949,1,100949,Treatment
950,1,100950,Treatment
951,1,100951,Treatment
952,1,100952,Control
953,1,100953,Treatment
954,1,100954,Treatment
955,1,100955,Control
956,1,100956,Control
957,1,100957,Control
958,1,100958,Control
959,1,100959,Treatment
960,1,100960,Treatment
961,1,100961,Control
962,1,100962,Control
963,1,100963,Control
964,1,100964,Control
965,1,100965,Treatment
966,1,100966,Treatment
967,1,100967,Treatment
968,1,100968,Control
969,1,100969,Control
970,1,100970,Treatment
971,1,100971,Control
972,1,100972,Treatment
973,1,100973,Treatment
974,1,100974,Control
975,1,100975,Treatment
976,1,100976,Treatment
977,1,100977,Control
978,1,100978,Treatment
979,1,100979,Treatment
980,1,100980,Treatment
981,1,100981,Treatment
982,1,100982,Treatment
983,1,100983,Control
984,1,100984,Treatment
985,1,100985,Treatment
986,1,100986,Control
987,1,100987,Treatment
988,1,100988,Treatment
989,1,100989,Control
990,1,100990,Treatment
991,1,100991,Treatment
992,1,100992,Control
993,1,100993,Treatment
994,1,100994,Treatment
995,1,100995,Treatment
996,1,100996,Treatment
997,1,100997,Treatment
998,1,100998,Control
999,1,100999,Control
1000,1,101000,Treatment
1001,1,101001,Control
1002,1,101002,Treatment
1003,1,101003,Treatment
1004,1,101004,Treatment
1005,1,101005,Control
1006,1,101006,Control
1007,1,101007,Control
1008,1,101008,Control
1009,1,101009,Control
1010,1,101010,Treatment
1011,1,101011,Control
1012,1,101012,Treatment
1013,1,101013,Control
1014,1,101014,Control
1015,1,101015,Treatment
1016,1,101016,Control
1017,1,101017,Treatment
1018,1,101018,Control
1019,1,101019,Control
1020,1,101020,Treatment
1021,1,101021,Treatment
1022,1,101022,Treatment
1023,1,101023,Control
1024,1,101024,Control
1025,1,101025,Treatment
1026,1,101026,Treatment
1027,1,101027,Treatment
1028,1,101028,Treatment
1029,1,101029,Treatment
1030,1,101030,Treatment
1031,1,101031,Treatment
1032,1,101032,Control
1033,1,101033,Control
1034,1,101034,Control
1035,1,101035,Control
1036,1,101036,Treatment
1037,1,101037,Treatment
1038,1,101038,Control
1039,1,101039,Control
1040,1,101040,Treatment
1041,1,101041,Treatment
1042,1,101042,Control
1043,1,101043,Treatment
1044,1,101044,Treatment
1045,1,101045,Control
1046,1,101046,Control
1047,1,101047,Treatment
1048,1,101048,Treatment
1049,1,101049,Treatment
1050,1,101050,Treatment
1051,1,101051,Control
1052,1,101052,Control
1053,1,101053,Treatment
1054,1,101054,Treatment
1055,1,101055,Treatment
1056,1,101056,Treatment
1057,1,101057,Control
1058,1,101058,Treatment
1059,1,101059,Control
1060,1,101060,Treatment
1061,1,101061,Treatment
1062,1,101062,Control
1063,1,101063,Treatment
1064,1,101064,Control
1065,1,101065,Control
1066,1,101066,Control
1067,1,101067,Control
1068,1,101068,Treatment
1069,1,101069,Control
1070,1,101070,Control
1071,1,101071,Control
1072,1,101072,Treatment
1073,1,101073,Control
1074,1,101074,Control
1075,1,101075,Treatment
1076,1,101076,Treatment
1077,1,101077,Treatment
1078,1,101078,Treatment
1079,1,101079,Control
1080,1,101080,Control
1081,1,101081,Treatment
1082,1,101082,Control
1083,1,101083,Treatment
1084,1,101084,Control
1085,1,101085,Control
1086,1,101086,Control
1087,1,101087,Treatment
1088,1,101088,Treatment
1089,1,101089,Control
1090,1,101090,Treatment
1091,1,101091,Control
1092,1,101092,Treatment
1093,1,101093,Treatment
1094,1,101094,Control
1095,1,101095,Treatment
1096,1,101096,Treatment
1097,1,101097,Treatment
1098,1,101098,Control
1099,1,101099,Treatment
1100,1,101100,Treatment
1101,1,101101,Control
1102,1,101102,Control
1103,1,101103,Treatment
1104,1,101104,Control
1105,1,101105,Treatment
1106,1,101106,Treatment
1107,1,101107,Control
1108,1,101108,Treatment
1109,1,101109,Treatment
1110,1,101110,Treatment
1111,1,101111,Treatment
1112,1,101112,Treatment
1113,1,101113,Control
1114,1,101114,Treatment
1115,1,101115,Treatment
1116,1,101116,Treatment
1117,1,101117,Control
1118,1,101118,Treatment
1119,1,101119,Treatment
1120,1,101120,Treatment
1121,1,101121,Treatment
1122,1,101122,Treatment
1123,1,101123,Treatment
1124,1,101124,Control
1125,1,101125,Control
1126,1,101126,Control
1127,1,101127,Control
1128,1,101128,Control
1129,1,101129,Treatment
1130,1,101130,Control
1131,1,101131,Control
1132,1,101132,Treatment
1133,1,101133,Treatment
1134,1,101134,Control
1135,1,101135,Treatment
1136,1,101136,Control
1137,1,101137,Treatment
1138,1,101138,Treatment
1139,1,101139,Treatment
1140,1,101140,Treatment
1141,1,101141,Treatment
1142,1,101142,Control
1143,1,101143,Control
1144,1,101144,Treatment
1145,1,101145,Control
1146,1,101146,Treatment
1147,1,101147,Control
1148,1,101148,Treatment
1149,1,101149,Treatment
1150,1,101150,Control
1151,1,101151,Treatment
1152,1,101152,Control
1153,1,101153,Treatment
1154,1,101154,Control
1155,1,101155,Treatment
1156,1,101156,Treatment
1157,1,101157,Control
1158,1,101158,Control
1159,1,101159,Treatment
1160,1,101160,Treatment
1161,1,101161,Control
1162,1,101162,Control
1163,1,101163,Treatment
1164,1,101164,Treatment
1165,1,101165,Treatment
1166,1,101166,Control
1167,1,101167,Control
1168,1,101168,Treatment
1169,1,101169,Treatment
1170,1,101170,Treatment
1171,1,101171,Treatment
1172,1,101172,Control
1173,1,101173,Control
1174,1,101174,Control
1175,1,101175,Treatment
1176,1,101176,Control
1177,1,101177,Treatment
1178,1,101178,Treatment
1179,1,101179,Control
1180,1,101180,Treatment
1181,1,101181,Control
1182,1,101182,Control
1183,1,101183,Treatment
1184,1,101184,Treatment
1185,1,101185,Treatment
1186,1,101186,Control
1187,1,101187,Control
1188,1,101188,Control
1189,1,101189,Treatment
1190,1,101190,Treatment
1191,1,101191,Treatment
1192,1,101192,Treatment
1193,1,101193,Control
1194,1,101194,Treatment
1195,1,101195,Control
1196,1,101196,Control
1197,1,101197,Treatment
1198,1,101198,Control
1199,1,101199,Control
1200,1,101200,Treatment
1201,1,101201,Control
1202,1,101202,Treatment
1203,1,101203,Treatment
1204,1,101204,Control
1205,1,101205,Control
1206,1,101206,Treatment
1207,1,101207,Control
1208,1,101208,Control
1209,1,101209,Treatment
1210,1,101210,Control
1211,1,101211,Treatment
1212,1,101212,Treatment
1213,1,101213,Control
1214,1,101214,Control
1215,1,101215,Control
1216,1,101216,Control
1217,1,101217,Control
1218,1,101218,Control
1219,1,101219,Control
1220,1,101220,Treatment
1221,1,101221,Treatment
1222,1,101222,Treatment
1223,1,101223,Control
1224,1,101224,Control
1225,1,101225,Treatment
1226,1,101226,Control
1227,1,101227,Treatment
1228,1,101228,Control
1229,1,101229,Control
1230,1,101230,Treatment
1231,1,101231,Treatment
1232,1,101232,Treatment
1233,1,101233,Treatment
1234,1,101234,Control
1235,1,101235,Control
1236,1,101236,Treatment
1237,1,101237,Control
1238,1,101238,Treatment
1239,1,101239,Treatment
1240,1,101240,Control
1241,1,101241,Treatment
1242,1,101242,Control
1243,1,101243,Control
1244,1,101244,Treatment
1245,1,101245,Control
1246,1,101246,Treatment
1247,1,101247,Control
1248,1,101248,Treatment
1249,1,101249,Control
1250,1,101250,Control
1251,1,101251,Control
1252,1,101252,Control
1253,1,101253,Control
1254,1,101254,Treatment
1255,1,101255,Treatment
1256,1,101256,Treatment
1257,1,101257,Control
1258,1,101258,Treatment
1259,1,101259,Treatment
1260,1,101260,Control
1261,1,101261,Control
1262,1,101262,Treatment
1263,1,101263,Treatment
1264,1,101264,Treatment
1265,1,101265,Treatment
1266,1,101266,Control
1267,1,101267,Treatment
1268,1,101268,Control
1269,1,101269,Control
1270,1,101270,Treatment
1271,1,101271,Treatment
1272,1,101272,Control
1273,1,101273,Control
1274,1,101274,Treatment
1275,1,101275,Control
1276,1,101276,Treatment
1277,1,101277,Control
1278,1,101278,Control
1279,1,101279,Treatment
1280,1,101280,Control
1281,1,101281,Treatment
1282,1,101282,Control
1283,1,101283,Control
1284,1,101284,Treatment
1285,1,101285,Treatment
1286,1,101286,Control
1287,1,101287,Treatment
1288,1,101288,Treatment
1289,1,101289,Control
1290,1,101290,Treatment
1291,1,101291,Control
1292,1,101292,Control
1293,1,101293,Treatment
1294,1,101294,Treatment
1295,1,101295,Treatment
1296,1,101296,Treatment
1297,1,101297,Control
1298,1,101298,Control
1299,1,101299,Control
1300,1,101300,Control
1301,1,101301,Treatment
1302,1,101302,Control
1303,1,101303,Control
1304,1,101304,Control
1305,1,101305,Treatment
1306,1,101306,Treatment
1307,1,101307,Control
1308,1,101308,Treatment
1309,1,101309,Control
1310,1,101310,Control
1311,1,101311,Control
1312,1,101312,Treatment
1313,1,101313,Treatment
1314,1,101314,Treatment
1315,1,101315,Control
1316,1,101316,Treatment
1317,1,101317,Control
1318,1,101318,Treatment
1319,1,101319,Treatment
1320,1,101320,Control
1321,1,101321,Control
1322,1,101322,Control
1323,1,101323,Control
1324,1,101324,Treatment
1325,1,101325,Control
1326,1,101326,Treatment
1327,1,101327,Treatment
1328,1,101328,Control
1329,1,101329,Treatment
1330,1,101330,Treatment
1331,1,101331,Treatment
1332,1,101332,Control
1333,1,101333,Control
1334,1,101334,Treatment
1335,1,101335,Treatment
1336,1,101336,Control
1337,1,101337,Control
1338,1,101338,Treatment
1339,1,101339,Control
1340,1,101340,Treatment
1341,1,101341,Control
1342,1,101342,Treatment
1343,1,101343,Control
1344,1,101344,Control
1345,1,101345,Treatment
1346,1,101346,Treatment
1347,1,101347,Control
1348,1,101348,Treatment
1349,1,101349,Control
1350,1,101350,Control
1351,1,101351,Control
1352,1,101352,Treatment
1353,1,101353,Control
1354,1,101354,Control
1355,1,101355,Control
1356,1,101356,Control
1357,1,101357,Control
1358,1,101358,Treatment
1359,1,101359,Control
1360,1,101360,Treatment
1361,1,101361,Treatment
1362,1,101362,Control
1363,1,101363,Control
1364,1,101364,Treatment
1365,1,101365,Treatment
1366,1,101366,Control
1367,1,101367,Treatment
1368,1,101368,Control
1369,1,101369,Control
1370,1,101370,Treatment
1371,1,101371,Control
1372,1,101372,Treatment
1373,1,101373,Control
1374,1,101374,Treatment
1375,1,101375,Control
1376,1,101376,Treatment
1377,1,101377,Treatment
1378,1,101378,Control
1379,1,101379,Treatment
1380,1,101380,Control
1381,1,101381,Treatment
1382,1,101382,Treatment
1383,1,101383,Control
1384,1,101384,Treatment
1385,1,101385,Treatment
1386,1,101386,Treatment
1387,1,101387,Treatment
1388,1,101388,Control
1389,1,101389,Treatment
1390,1,101390,Treatment
1391,1,101391,Treatment
1392,1,101392,Treatment
1393,1,101393,Control
1394,1,101394,Control
1395,1,101395,Control
1396,1,101396,Control
1397,1,101397,Control
1398,1,101398,Control
1399,1,101399,Control
1400,1,101400,Treatment
1401,1,101401,Treatment
1402,1,101402,Control
1403,1,101403,Treatment
1404,1,101404,Treatment
1405,1,101405,Control
1406,1,101406,Control
1407,1,101407,Control
1408,1,101408,Control
1409,1,101409,Treatment
1410,1,101410,Control
1411,1,101411,Treatment
1412,1,101412,Treatment
1413,1,101413,Treatment
1414,1,101414,Control
1415,1,101415,Treatment
1416,1,101416,Control
1417,1,101417,Treatment
1418,1,101418,Control
1419,1,101419,Control
1420,1,101420,Control
1421,1,101421,Treatment
1422,1,101422,Treatment
1423,1,101423,Treatment
1424,1,101424,Control
1425,1,101425,Control
1426,1,101426,Treatment
1427,1,101427,Control
1428,1,101428,Control
1429,1,101429,Control
1430,1,101430,Control
1431,1,101431,Treatment
1432,1,101432,Treatment
1433,1,101433,Treatment
1434,1,101434,Treatment
1435,1,101435,Control
1436,1,101436,Treatment
1437,1,101437,Treatment
1438,1,101438,Control
1439,1,101439,Control
1440,1,101440,Treatment
1441,1,101441,Control
1442,1,101442,Control
1443,1,101443,Treatment
1444,1,101444,Treatment
1445,1,101445,Treatment
1446,1,101446,Control
1447,1,101447,Control
1448,1,101448,Control
1449,1,101449,Control
1450,1,101450,Treatment
1451,1,101451,Treatment
1452,1,101452,Control
1453,1,101453,Treatment
1454,1,101454,Control
1455,1,101455,Control
1456,1,101456,Control
1457,1,101457,Control
1458,1,101458,Control
1459,1,101459,Treatment
1460,1,101460,Treatment
1461,1,101461,Control
1462,1,101462,Treatment
1463,1,101463,Control
1464,1,101464,Treatment
1465,1,101465,Treatment
1466,1,101466,Treatment
1467,1,101467,Control
1468,1,101468,Control
1469,1,101469,Control
1470,1,101470,Control
1471,1,101471,Control
1472,1,101472,Control
1473,1,101473,Control
1474,1,101474,Treatment
1475,1,101475,Treatment
1476,1,101476,Treatment
1477,1,101477,Treatment
1478,1,101478,Treatment
1479,1,101479,Treatment
1480,1,101480,Control
1481,1,101481,Control
1482,1,101482,Treatment
1483,1,101483,Control
1484,1,101484,Control
1485,1,101485,Control
1486,1,101486,Treatment
1487,1,101487,Control
1488,1,101488,Control
1489,1,101489,Treatment
1490,1,101490,Treatment
1491,1,101491,Treatment
1492,1,101492,Treatment
1493,1,101493,Control
1494,1,101494,Treatment
1495,1,101495,Control
1496,1,101496,Treatment
1497,1,101497,Treatment
1498,1,101498,Treatment
1499,1,101499,Treatment
1500,1,101500,Control
1501,1,101501,Treatment
1502,1,101502,Control
1503,1,101503,Control
1504,1,101504,Control
1505,1,101505,Control
1506,1,101506,Control
1507,1,101507,Control
1508,1,101508,Control
1509,1,101509,Treatment
1510,1,101510,Control
1511,1,101511,Treatment
1512,1,101512,Treatment
1513,1,101513,Treatment
1514,1,101514,Control
1515,1,101515,Treatment
1516,1,101516,Treatment
1517,1,101517,Control
1518,1,101518,Treatment
1519,1,101519,Control
1520,1,101520,Treatment
1521,1,101521,Control
1522,1,101522,Control
1523,1,101523,Control
1524,1,101524,Control
1525,1,101525,Treatment
1526,1,101526,Control
1527,1,101527,Control
1528,1,101528,Treatment
1529,1,101529,Treatment
1530,1,101530,Control
1531,1,101531,Treatment
1532,1,101532,Treatment
1533,1,101533,Treatment
1534,1,101534,Treatment
1535,1,101535,Treatment
1536,1,101536,Treatment
1537,1,101537,Control
1538,1,101538,Control
1539,1,101539,Treatment
1540,1,101540,Treatment
1541,1,101541,Treatment
1542,1,101542,Control
1543,1,101543,Treatment
1544,1,101544,Treatment
1545,1,101545,Control
1546,1,101546,Treatment
1547,1,101547,Control
1548,1,101548,Control
1549,1,101549,Control
1550,1,101550,Treatment
1551,1,101551,Treatment
1552,1,101552,Treatment
1553,1,101553,Treatment
1554,1,101554,Control
1555,1,101555,Control
1556,1,101556,Control
1557,1,101557,Treatment
1558,1,101558,Treatment
1559,1,101559,Treatment
1560,1,101560,Control
1561,1,101561,Treatment
1562,1,101562,Control
1563,1,101563,Treatment
1564,1,101564,Treatment
1565,1,101565,Control
1566,1,101566,Treatment
1567,1,101567,Control
1568,1,101568,Treatment
1569,1,101569,Treatment
1570,1,101570,Control
1571,1,101571,Treatment
1572,1,101572,Treatment
1573,1,101573,Treatment
1574,1,101574,Control
1575,1,101575,Control
1576,1,101576,Control
1577,1,101577,Treatment
1578,1,101578,Treatment
1579,1,101579,Treatment
1580,1,101580,Control
1581,1,101581,Treatment
1582,1,101582,Treatment
1583,1,101583,Treatment
1584,1,101584,Control
1585,1,101585,Treatment
1586,1,101586,Treatment
1587,1,101587,Treatment
1588,1,101588,Treatment
1589,1,101589,Control
1590,1,101590,Control
1591,1,101591,Treatment
1592,1,101592,Control
1593,1,101593,Control
1594,1,101594,Treatment
1595,1,101595,Treatment
1596,1,101596,Treatment
1597,1,101597,Control
1598,1,101598,Treatment
1599,1,101599,Treatment
1600,1,101600,Control
1601,1,101601,Treatment
1602,1,101602,Treatment
1603,1,101603,Control
1604,1,101604,Treatment
1605,1,101605,Treatment
1606,1,101606,Control
1607,1,101607,Treatment
1608,1,101608,Treatment
1609,1,101609,Control
1610,1,101610,Treatment
1611,1,101611,Treatment
1612,1,101612,Treatment
1613,1,101613,Treatment
1614,1,101614,Treatment
1615,1,101615,Control
1616,1,101616,Treatment
1617,1,101617,Control
1618,1,101618,Control
1619,1,101619,Treatment
1620,1,101620,Treatment
1621,1,101621,Treatment
1622,1,101622,Treatment
1623,1,101623,Treatment
1624,1,101624,Control
1625,1,101625,Control
1626,1,101626,Treatment
1627,1,101627,Treatment
1628,1,101628,Control
1629,1,101629,Control
1630,1,101630,Treatment
1631,1,101631,Treatment
1632,1,101632,Control
1633,1,101633,Treatment
1634,1,101634,Treatment
1635,1,101635,Control
1636,1,101636,Control
1637,1,101637,Control
1638,1,101638,Control
1639,1,101639,Treatment
1640,1,101640,Treatment
1641,1,101641,Control
1642,1,101642,Control
1643,1,101643,Treatment
1644,1,101644,Control
1645,1,101645,Treatment
1646,1,101646,Control
1647,1,101647,Control
1648,1,101648,Control
1649,1,101649,Treatment
1650,1,101650,Treatment
1651,1,101651,Control
1652,1,101652,Control
1653,1,101653,Control
1654,1,101654,Control
1655,1,101655,Treatment
1656,1,101656,Control
1657,1,101657,Control
1658,1,101658,Treatment
1659,1,101659,Control
1660,1,101660,Control
1661,1,101661,Treatment
1662,1,101662,Control
1663,1,101663,Treatment
1664,1,101664,Control
1665,1,101665,Control
1666,1,101666,Control
1667,1,101667,Treatment
1668,1,101668,Control
1669,1,101669,Control
1670,1,101670,Treatment
1671,1,101671,Control
1672,1,101672,Control
1673,1,101673,Control
1674,1,101674,Treatment
1675,1,101675,Control
1676,1,101676,Control
1677,1,101677,Treatment
1678,1,101678,Treatment
1679,1,101679,Treatment
1680,1,101680,Control
1681,1,101681,Treatment
1682,1,101682,Control
1683,1,101683,Control
1684,1,101684,Control
1685,1,101685,Control
1686,1,101686,Control
1687,1,101687,Treatment
1688,1,101688,Treatment
1689,1,101689,Control
1690,1,101690,Control
1691,1,101691,Control
1692,1,101692,Control
1693,1,101693,Treatment
1694,1,101694,Treatment
1695,1,101695,Control
1696,1,101696,Treatment
1697,1,101697,Control
1698,1,101698,Treatment
1699,1,101699,Treatment
1700,1,101700,Control
1701,1,101701,Treatment
1702,1,101702,Treatment
1703,1,101703,Control
1704,1,101704,Treatment
1705,1,101705,Treatment
1706,1,101706,Control
1707,1,101707,Control
1708,1,101708,Control
1709,1,101709,Treatment
1710,1,101710,Treatment
1711,1,101711,Treatment
1712,1,101712,Treatment
1713,1,101713,Control
1714,1,101714,Control
1715,1,101715,Treatment
1716,1,101716,Treatment
1717,1,101717,Treatment
1718,1,101718,Control
1719,1,101719,Treatment
1720,1,101720,Treatment
1721,1,101721,Treatment
1722,1,101722,Control
1723,1,101723,Treatment
1724,1,101724,Treatment
1725,1,101725,Treatment
1726,1,101726,Control
1727,1,101727,Control
1728,1,101728,Treatment
1729,1,101729,Control
1730,1,101730,Control
1731,1,101731,Treatment
1732,1,101732,Treatment
1733,1,101733,Control
1734,1,101734,Treatment
1735,1,101735,Control
1736,1,101736,Treatment
1737,1,101737,Control
1738,1,101738,Control
1739,1,101739,Control
1740,1,101740,Treatment
1741,1,101741,Control
1742,1,101742,Treatment
1743,1,101743,Control
1744,1,101744,Control
1745,1,101745,Treatment
1746,1,101746,Treatment
1747,1,101747,Control
1748,1,101748,Control
1749,1,101749,Treatment
1750,1,101750,Treatment
1751,1,101751,Control
1752,1,101752,Control
1753,1,101753,Control
1754,1,101754,Treatment
1755,1,101755,Treatment
1756,1,101756,Control
1757,1,101757,Treatment
1758,1,101758,Treatment
1759,1,101759,Treatment
1760,1,101760,Control
1761,1,101761,Treatment
1762,1,101762,Control
1763,1,101763,Control
1764,1,101764,Control
1765,1,101765,Control
1766,1,101766,Control
1767,1,101767,Treatment
1768,1,101768,Treatment
1769,1,101769,Treatment
1770,1,101770,Control
1771,1,101771,Control
1772,1,101772,Control
1773,1,101773,Control
1774,1,101774,Treatment
1775,1,101775,Control
1776,1,101776,Control
1777,1,101777,Control
1778,1,101778,Treatment
1779,1,101779,Control
1780,1,101780,Control
1781,1,101781,Treatment
1782,1,101782,Control
1783,1,101783,Treatment
1784,1,101784,Control
1785,1,101785,Treatment
1786,1,101786,Treatment
1787,1,101787,Control
1788,1,101788,Control
1789,1,101789,Treatment
1790,1,101790,Control
1791,1,101791,Treatment
1792,1,101792,Treatment
1793,1,101793,Treatment
1794,1,101794,Treatment
1795,1,101795,Control
1796,1,101796,Treatment
1797,1,101797,Control
1798,1,101798,Treatment
1799,1,101799,Control
1800,1,101800,Treatment
1801,1,101801,Control
1802,1,101802,Treatment
1803,1,101803,Treatment
1804,1,101804,Treatment
1805,1,101805,Treatment
1806,1,101806,Treatment
1807,1,101807,Control
1808,1,101808,Control
1809,1,101809,Treatment
1810,1,101810,Treatment
1811,1,101811,Control
1812,1,101812,Treatment
1813,1,101813,Treatment
1814,1,101814,Treatment
1815,1,101815,Treatment
1816,1,101816,Treatment
1817,1,101817,Treatment
1818,1,101818,Control
1819,1,101819,Treatment
1820,1,101820,Treatment
1821,1,101821,Treatment
1822,1,101822,Control
1823,1,101823,Control
1824,1,101824,Control
1825,1,101825,Control
1826,1,101826,Control
1827,1,101827,Treatment
1828,1,101828,Treatment
1829,1,101829,Control
1830,1,101830,Control
1831,1,101831,Control
1832,1,101832,Control
1833,1,101833,Treatment
1834,1,101834,Control
1835,1,101835,Treatment
1836,1,101836,Treatment
1837,1,101837,Control
1838,1,101838,Control
1839,1,101839,Control
1840,1,101840,Treatment
1841,1,101841,Treatment
1842,1,101842,Control
1843,1,101843,Treatment
1844,1,101844,Treatment
1845,1,101845,Control
1846,1,101846,Control
1847,1,101847,Control
1848,1,101848,Control
1849,1,101849,Control
1850,1,101850,Treatment
1851,1,101851,Control
1852,1,101852,Treatment
1853,1,101853,Treatment
1854,1,101854,Treatment
1855,1,101855,Control
1856,1,101856,Control
1857,1,101857,Control
1858,1,101858,Control
1859,1,101859,Control
1860,1,101860,Treatment
1861,1,101861,Treatment
1862,1,101862,Treatment
1863,1,101863,Treatment
1864,1,101864,Treatment
1865,1,101865,Control
1866,1,101866,Treatment
1867,1,101867,Control
1868,1,101868,Control
1869,1,101869,Control
1870,1,101870,Treatment
1871,1,101871,Control
1872,1,101872,Control
1873,1,101873,Control
1874,1,101874,Control
1875,1,101875,Treatment
1876,1,101876,Control
1877,1,101877,Control
1878,1,101878,Treatment
1879,1,101879,Treatment
1880,1,101880,Treatment
1881,1,101881,Treatment
1882,1,101882,Control
1883,1,101883,Control
1884,1,101884,Control
1885,1,101885,Treatment
1886,1,101886,Treatment
1887,1,101887,Control
1888,1,101888,Treatment
1889,1,101889,Control
1890,1,101890,Control
1891,1,101891,Treatment
1892,1,101892,Treatment
1893,1,101893,Control
1894,1,101894,Control
1895,1,101895,Treatment
1896,1,101896,Control
1897,1,101897,Treatment
1898,1,101898,Control
1899,1,101899,Treatment
1900,1,101900,Treatment
1901,1,101901,Control
1902,1,101902,Control
1903,1,101903,Treatment
1904,1,101904,Treatment
1905,1,101905,Control
1906,1,101906,Control
1907,1,101907,Control
1908,1,101908,Treatment
1909,1,101909,Treatment
1910,1,101910,Control
1911,1,101911,Treatment
1912,1,101912,Control
1913,1,101913,Treatment
1914,1,101914,Control
1915,1,101915,Control
1916,1,101916,Treatment
1917,1,101917,Control
1918,1,101918,Control
1919,1,101919,Treatment
1920,1,101920,Treatment
1921,1,101921,Treatment
1922,1,101922,Control
1923,1,101923,Treatment
1924,1,101924,Control
1925,1,101925,Control
1926,1,101926,Control
1927,1,101927,Treatment
1928,1,101928,Treatment
1929,1,101929,Control
1930,1,101930,Treatment
1931,1,101931,Control
1932,1,101932,Control
1933,1,101933,Treatment
1934,1,101934,Treatment
1935,1,101935,Treatment
1936,1,101936,Control
1937,1,101937,Treatment
1938,1,101938,Control
1939,1,101939,Control
1940,1,101940,Treatment
1941,1,101941,Control
1942,1,101942,Treatment
1943,1,101943,Treatment
1944,1,101944,Control
1945,1,101945,Control
1946,1,101946,Treatment
1947,1,101947,Control
1948,1,101948,Treatment
1949,1,101949,Treatment
1950,1,101950,Control
1951,1,101951,Treatment
1952,1,101952,Treatment
1953,1,101953,Control
1954,1,101954,Treatment
1955,1,101955,Control
1956,1,101956,Treatment
1957,1,101957,Treatment
1958,1,101958,Treatment
1959,1,101959,Control
1960,1,101960,Control
1961,1,101961,Control
1962,1,101962,Control
1963,1,101963,Treatment
1964,1,101964,Control
1965,1,101965,Treatment
1966,1,101966,Treatment
1967,1,101967,Treatment
1968,1,101968,Treatment
1969,1,101969,Treatment
1970,1,101970,Treatment
1971,1,101971,Treatment
1972,1,101972,Treatment
1973,1,101973,Control
1974,1,101974,Control
1975,1,101975,Treatment
1976,1,101976,Control
1977,1,101977,Treatment
1978,1,101978,Treatment
1979,1,101979,Treatment
1980,1,101980,Control
1981,1,101981,Control
1982,1,101982,Treatment
1983,1,101983,Control
1984,1,101984,Treatment
1985,1,101985,Control
1986,1,101986,Treatment
1987,1,101987,Treatment
1988,1,101988,Control
1989,1,101989,Control
1990,1,101990,Control
1991,1,101991,Treatment
1992,1,101992,Control
1993,1,101993,Control
1994,1,101994,Control
1995,1,101995,Treatment
1996,1,101996,Treatment
1997,1,101997,Treatment
1998,1,101998,Treatment
1999,1,101999,Treatment
2000,1,102000,Treatment
2001,1,102001,Control
2002,1,102002,Treatment
2003,1,102003,Treatment
2004,1,102004,Treatment
2005,1,102005,Control
2006,1,102006,Control
2007,1,102007,Treatment
2008,1,102008,Control
2009,1,102009,Treatment
2010,1,102010,Treatment
2011,1,102011,Treatment
2012,1,102012,Treatment
2013,1,102013,Control
2014,1,102014,Control
2015,1,102015,Control
2016,1,102016,Control
2017,1,102017,Control
2018,1,102018,Treatment
2019,1,102019,Treatment
2020,1,102020,Treatment
2021,1,102021,Control
2022,1,102022,Control
2023,1,102023,Treatment
2024,1,102024,Control
2025,1,102025,Treatment
2026,1,102026,Treatment
2027,1,102027,Treatment
2028,1,102028,Treatment
2029,1,102029,Control
2030,1,102030,Treatment
2031,1,102031,Control
2032,1,102032,Control
2033,1,102033,Control
2034,1,102034,Treatment
2035,1,102035,Control
2036,1,102036,Treatment
2037,1,102037,Treatment
2038,1,102038,Treatment
2039,1,102039,Treatment
2040,1,102040,Treatment
2041,1,102041,Treatment
2042,1,102042,Control
2043,1,102043,Control
2044,1,102044,Control
2045,1,102045,Control
2046,1,102046,Control
2047,1,102047,Control
2048,1,102048,Control
2049,1,102049,Treatment
2050,1,102050,Treatment
2051,1,102051,Control
2052,1,102052,Control
2053,1,102053,Treatment
2054,1,102054,Treatment
2055,1,102055,Treatment
2056,1,102056,Treatment
2057,1,102057,Control
2058,1,102058,Treatment
2059,1,102059,Control
2060,1,102060,Control
2061,1,102061,Treatment
2062,1,102062,Control
2063,1,102063,Treatment
2064,1,102064,Control
2065,1,102065,Control
2066,1,102066,Treatment
2067,1,102067,Treatment
2068,1,102068,Control
2069,1,102069,Treatment
2070,1,102070,Treatment
2071,1,102071,Treatment
2072,1,102072,Control
2073,1,102073,Control
2074,1,102074,Control
2075,1,102075,Treatment
2076,1,102076,Treatment
2077,1,102077,Control
2078,1,102078,Treatment
2079,1,102079,Treatment
2080,1,102080,Treatment
2081,1,102081,Treatment
2082,1,102082,Control
2083,1,102083,Control
2084,1,102084,Treatment
2085,1,102085,Treatment
2086,1,102086,Control
2087,1,102087,Control
2088,1,102088,Treatment
2089,1,102089,Treatment
2090,1,102090,Control
2091,1,102091,Control
2092,1,102092,Treatment
2093,1,102093,Treatment
2094,1,102094,Control
2095,1,102095,Treatment
2096,1,102096,Control
2097,1,102097,Control
2098,1,102098,Treatment
2099,1,102099,Control
2100,1,102100,Control
2101,1,102101,Control
2102,1,102102,Control
2103,1,102103,Control
2104,1,102104,Control
2105,1,102105,Control
2106,1,102106,Treatment
2107,1,102107,Control
2108,1,102108,Treatment
2109,1,102109,Treatment
2110,1,102110,Control
2111,1,102111,Treatment
2112,1,102112,Treatment
2113,1,102113,Control
2114,1,102114,Control
2115,1,102115,Control
2116,1,102116,Treatment
2117,1,102117,Treatment
2118,1,102118,Treatment
2119,1,102119,Treatment
2120,1,102120,Control
2121,1,102121,Control
2122,1,102122,Treatment
2123,1,102123,Treatment
2124,1,102124,Control
2125,1,102125,Control
2126,1,102126,Control
2127,1,102127,Treatment
2128,1,102128,Control
2129,1,102129,Control
2130,1,102130,Control
2131,1,102131,Treatment
2132,1,102132,Control
2133,1,102133,Treatment
2134,1,102134,Control
2135,1,102135,Treatment
2136,1,102136,Treatment
2137,1,102137,Control
2138,1,102138,Treatment
2139,1,102139,Treatment
2140,1,102140,Control
2141,1,102141,Control
2142,1,102142,Treatment
2143,1,102143,Treatment
2144,1,102144,Control
2145,1,102145,Control
2146,1,102146,Control
2147,1,102147,Control
2148,1,102148,Treatment
2149,1,102149,Treatment
2150,1,102150,Treatment
2151,1,102151,Control
2152,1,102152,Control
2153,1,102153,Treatment
2154,1,102154,Treatment
2155,1,102155,Control
2156,1,102156,Treatment
2157,1,102157,Control
2158,1,102158,Control
2159,1,102159,Treatment
2160,1,102160,Control
2161,1,102161,Treatment
2162,1,102162,Treatment
2163,1,102163,Control
2164,1,102164,Treatment
2165,1,102165,Control
2166,1,102166,Treatment
2167,1,102167,Treatment
2168,1,102168,Treatment
2169,1,102169,Treatment
2170,1,102170,Treatment
2171,1,102171,Control
2172,1,102172,Treatment
2173,1,102173,Treatment
2174,1,102174,Control
2175,1,102175,Control
2176,1,102176,Treatment
2177,1,102177,Control
2178,1,102178,Treatment
2179,1,102179,Treatment
2180,1,102180,Treatment
2181,1,102181,Control
2182,1,102182,Control
2183,1,102183,Treatment
2184,1,102184,Treatment
2185,1,102185,Treatment
2186,1,102186,Treatment
2187,1,102187,Treatment
2188,1,102188,Control
2189,1,102189,Treatment
2190,1,102190,Control
2191,1,102191,Treatment
2192,1,102192,Control
2193,1,102193,Treatment
2194,1,102194,Control
2195,1,102195,Treatment
2196,1,102196,Treatment
2197,1,102197,Treatment
2198,1,102198,Control
2199,1,102199,Control
2200,1,102200,Treatment
2201,1,102201,Control
2202,1,102202,Control
2203,1,102203,Treatment
2204,1,102204,Treatment
2205,1,102205,Control
2206,1,102206,Treatment
2207,1,102207,Control
2208,1,102208,Treatment
2209,1,102209,Control
2210,1,102210,Control
2211,1,102211,Treatment
2212,1,102212,Control
2213,1,102213,Treatment
2214,1,102214,Treatment
2215,1,102215,Control
2216,1,102216,Control
2217,1,102217,Treatment
2218,1,102218,Control
2219,1,102219,Control
2220,1,102220,Treatment
2221,1,102221,Treatment
2222,1,102222,Treatment
2223,1,102223,Treatment
2224,1,102224,Control
2225,1,102225,Control
2226,1,102226,Treatment
2227,1,102227,Control
2228,1,102228,Treatment
2229,1,102229,Control
2230,1,102230,Treatment
2231,1,102231,Treatment
2232,1,102232,Control
2233,1,102233,Treatment
2234,1,102234,Control
2235,1,102235,Treatment
2236,1,102236,Treatment
2237,1,102237,Control
2238,1,102238,Control
2239,1,102239,Treatment
2240,1,102240,Treatment
2241,1,102241,Treatment
2242,1,102242,Control
2243,1,102243,Control
2244,1,102244,Control
2245,1,102245,Treatment
2246,1,102246,Control
2247,1,102247,Treatment
2248,1,102248,Control
2249,1,102249,Treatment
2250,1,102250,Control
2251,1,102251,Control
2252,1,102252,Control
2253,1,102253,Control
2254,1,102254,Treatment
2255,1,102255,Treatment
2256,1,102256,Treatment
2257,1,102257,Treatment
2258,1,102258,Treatment
2259,1,102259,Control
2260,1,102260,Control
2261,1,102261,Control
2262,1,102262,Treatment
2263,1,102263,Treatment
2264,1,102264,Treatment
2265,1,102265,Treatment
2266,1,102266,Treatment
2267,1,102267,Treatment
2268,1,102268,Control
2269,1,102269,Control
2270,1,102270,Treatment
2271,1,102271,Control
2272,1,102272,Control
2273,1,102273,Control
2274,1,102274,Treatment
2275,1,102275,Treatment
2276,1,102276,Control
2277,1,102277,Control
2278,1,102278,Control
2279,1,102279,Treatment
2280,1,102280,Control
2281,1,102281,Control
2282,1,102282,Control
2283,1,102283,Treatment
2284,1,102284,Treatment
2285,1,102285,Control
2286,1,102286,Treatment
2287,1,102287,Control
2288,1,102288,Treatment
2289,1,102289,Treatment
2290,1,102290,Treatment
2291,1,102291,Treatment
2292,1,102292,Control
2293,1,102293,Control
2294,1,102294,Treatment
2295,1,102295,Control
2296,1,102296,Treatment
2297,1,102297,Control
2298,1,102298,Control
2299,1,102299,Control
2300,1,102300,Control
2301,1,102301,Control
2302,1,102302,Control
2303,1,102303,Treatment
2304,1,102304,Treatment
2305,1,102305,Treatment
2306,1,102306,Treatment
2307,1,102307,Control
2308,1,102308,Control
2309,1,102309,Control
2310,1,102310,Treatment
2311,1,102311,Treatment
2312,1,102312,Control
2313,1,102313,Treatment
2314,1,102314,Treatment
2315,1,102315,Control
2316,1,102316,Treatment
2317,1,102317,Control
2318,1,102318,Treatment
2319,1,102319,Control
2320,1,102320,Control
2321,1,102321,Treatment
2322,1,102322,Control
2323,1,102323,Control
2324,1,102324,Control
2325,1,102325,Treatment
2326,1,102326,Treatment
2327,1,102327,Control
2328,1,102328,Treatment
2329,1,102329,Treatment
2330,1,102330,Treatment
2331,1,102331,Control
2332,1,102332,Control
2333,1,102333,Control
2334,1,102334,Treatment
2335,1,102335,Treatment
2336,1,102336,Treatment
2337,1,102337,Treatment
2338,1,102338,Control
2339,1,102339,Control
2340,1,102340,Treatment
2341,1,102341,Treatment
2342,1,102342,Treatment
2343,1,102343,Control
2344,1,102344,Control
2345,1,102345,Control
2346,1,102346,Treatment
2347,1,102347,Control
2348,1,102348,Control
2349,1,102349,Treatment
2350,1,102350,Treatment
2351,1,102351,Control
2352,1,102352,Treatment
2353,1,102353,Control
2354,1,102354,Control
2355,1,102355,Control
2356,1,102356,Treatment
2357,1,102357,Control
2358,1,102358,Treatment
2359,1,102359,Control
2360,1,102360,Control
2361,1,102361,Treatment
2362,1,102362,Treatment
2363,1,102363,Control
2364,1,102364,Treatment
2365,1,102365,Control
2366,1,102366,Control
2367,1,102367,Control
2368,1,102368,Control
2369,1,102369,Control
2370,1,102370,Treatment
2371,1,102371,Control
2372,1,102372,Control
2373,1,102373,Treatment
2374,1,102374,Treatment
2375,1,102375,Treatment
2376,1,102376,Treatment
2377,1,102377,Treatment
2378,1,102378,Treatment
2379,1,102379,Control
2380,1,102380,Control
2381,1,102381,Control
2382,1,102382,Control
2383,1,102383,Treatment
2384,1,102384,Treatment
2385,1,102385,Treatment
2386,1,102386,Control
2387,1,102387,Control
2388,1,102388,Treatment
2389,1,102389,Control
2390,1,102390,Control
2391,1,102391,Control
2392,1,102392,Control
2393,1,102393,Treatment
2394,1,102394,Treatment
2395,1,102395,Control
2396,1,102396,Treatment
2397,1,102397,Treatment
2398,1,102398,Control
2399,1,102399,Control
2400,1,102400,Control
2401,1,102401,Treatment
2402,1,102402,Treatment
2403,1,102403,Control
2404,1,102404,Control
2405,1,102405,Control
2406,1,102406,Control
2407,1,102407,Treatment
2408,1,102408,Treatment
2409,1,102409,Treatment
2410,1,102410,Treatment
2411,1,102411,Control
2412,1,102412,Treatment
2413,1,102413,Control
2414,1,102414,Control
2415,1,102415,Control
2416,1,102416,Control
2417,1,102417,Treatment
2418,1,102418,Treatment
2419,1,102419,Treatment
2420,1,102420,Treatment
2421,1,102421,Control
2422,1,102422,Control
2423,1,102423,Treatment
2424,1,102424,Treatment
2425,1,102425,Treatment
2426,1,102426,Treatment
2427,1,102427,Treatment
2428,1,102428,Treatment
2429,1,102429,Treatment
2430,1,102430,Control
2431,1,102431,Control
2432,1,102432,Treatment
2433,1,102433,Treatment
2434,1,102434,Control
2435,1,102435,Treatment
2436,1,102436,Treatment
2437,1,102437,Treatment
2438,1,102438,Treatment
2439,1,102439,Control
2440,1,102440,Control
2441,1,102441,Treatment
2442,1,102442,Control
2443,1,102443,Treatment
2444,1,102444,Treatment
2445,1,102445,Treatment
2446,1,102446,Control
2447,1,102447,Treatment
2448,1,102448,Control
2449,1,102449,Treatment
2450,1,102450,Control
2451,1,102451,Control
2452,1,102452,Treatment
2453,1,102453,Control
2454,1,102454,Treatment
2455,1,102455,Treatment
2456,1,102456,Control
2457,1,102457,Control
2458,1,102458,Control
2459,1,102459,Treatment
2460,1,102460,Control
2461,1,102461,Treatment
2462,1,102462,Control
2463,1,102463,Treatment
2464,1,102464,Control
2465,1,102465,Treatment
2466,1,102466,Control
2467,1,102467,Control
2468,1,102468,Treatment
2469,1,102469,Treatment
2470,1,102470,Control
2471,1,102471,Control
2472,1,102472,Control
2473,1,102473,Treatment
2474,1,102474,Treatment
2475,1,102475,Treatment
2476,1,102476,Treatment
2477,1,102477,Treatment
2478,1,102478,Treatment
2479,1,102479,Control
2480,1,102480,Control
2481,1,102481,Control
2482,1,102482,Treatment
2483,1,102483,Treatment
2484,1,102484,Treatment
2485,1,102485,Treatment
2486,1,102486,Treatment
2487,1,102487,Treatment
2488,1,102488,Control
2489,1,102489,Treatment
2490,1,102490,Control
2491,1,102491,Control
2492,1,102492,Control
2493,1,102493,Treatment
2494,1,102494,Treatment
2495,1,102495,Control
2496,1,102496,Treatment
2497,1,102497,Control
2498,1,102498,Control
2499,1,102499,Control
2500,1,102500,Control
2501,1,102501,Control
2502,1,102502,Treatment
2503,1,102503,Treatment
2504,1,102504,Treatment
2505,1,102505,Control
2506,1,102506,Treatment
2507,1,102507,Control
2508,1,102508,Treatment
2509,1,102509,Treatment
2510,1,102510,Control
2511,1,102511,Treatment
2512,1,102512,Treatment
2513,1,102513,Control
2514,1,102514,Treatment
2515,1,102515,Treatment
2516,1,102516,Control
2517,1,102517,Control
2518,1,102518,Control
2519,1,102519,Treatment
2520,1,102520,Treatment
2521,1,102521,Treatment
2522,1,102522,Treatment
2523,1,102523,Treatment
2524,1,102524,Control
2525,1,102525,Treatment
2526,1,102526,Treatment
2527,1,102527,Treatment
2528,1,102528,Control
2529,1,102529,Control
2530,1,102530,Control
2531,1,102531,Control
2532,1,102532,Treatment
2533,1,102533,Control
2534,1,102534,Treatment
2535,1,102535,Treatment
2536,1,102536,Control
2537,1,102537,Treatment
2538,1,102538,Control
2539,1,102539,Control
2540,1,102540,Control
2541,1,102541,Control
2542,1,102542,Control
2543,1,102543,Control
2544,1,102544,Control
2545,1,102545,Treatment
2546,1,102546,Control
2547,1,102547,Control
2548,1,102548,Control
2549,1,102549,Control
2550,1,102550,Treatment
2551,1,102551,Control
2552,1,102552,Treatment
2553,1,102553,Control
2554,1,102554,Control
2555,1,102555,Treatment
2556,1,102556,Treatment
2557,1,102557,Control
2558,1,102558,Treatment
2559,1,102559,Treatment
2560,1,102560,Control
2561,1,102561,Control
2562,1,102562,Treatment
2563,1,102563,Treatment
2564,1,102564,Control
2565,1,102565,Treatment
2566,1,102566,Control
2567,1,102567,Control
2568,1,102568,Treatment
2569,1,102569,Treatment
2570,1,102570,Treatment
2571,1,102571,Control
2572,1,102572,Treatment
2573,1,102573,Treatment
2574,1,102574,Treatment
2575,1,102575,Control
2576,1,102576,Treatment
2577,1,102577,Control
2578,1,102578,Treatment
2579,1,102579,Control
2580,1,102580,Control
2581,1,102581,Treatment
2582,1,102582,Control
2583,1,102583,Treatment
2584,1,102584,Treatment
2585,1,102585,Treatment
2586,1,102586,Control
2587,1,102587,Treatment
2588,1,102588,Control
2589,1,102589,Treatment
2590,1,102590,Treatment
2591,1,102591,Control
2592,1,102592,Treatment
2593,1,102593,Control
2594,1,102594,Treatment
2595,1,102595,Treatment
2596,1,102596,Control
2597,1,102597,Treatment
2598,1,102598,Control
2599,1,102599,Treatment
2600,1,102600,Treatment
2601,1,102601,Treatment
2602,1,102602,Control
2603,1,102603,Treatment
2604,1,102604,Treatment
2605,1,102605,Treatment
2606,1,102606,Treatment
2607,1,102607,Treatment
2608,1,102608,Control
2609,1,102609,Treatment
2610,1,102610,Treatment
2611,1,102611,Control
2612,1,102612,Treatment
2613,1,102613,Control
2614,1,102614,Treatment
2615,1,102615,Control
2616,1,102616,Treatment
2617,1,102617,Control
2618,1,102618,Treatment
2619,1,102619,Treatment
2620,1,102620,Treatment
2621,1,102621,Treatment
2622,1,102622,Control
2623,1,102623,Control
2624,1,102624,Control
2625,1,102625,Treatment
2626,1,102626,Treatment
2627,1,102627,Treatment
2628,1,102628,Treatment
2629,1,102629,Control
2630,1,102630,Treatment
2631,1,102631,Treatment
2632,1,102632,Control
2633,1,102633,Treatment
2634,1,102634,Control
2635,1,102635,Treatment
2636,1,102636,Treatment
2637,1,102637,Control
2638,1,102638,Treatment
2639,1,102639,Control
2640,1,102640,Treatment
2641,1,102641,Control
2642,1,102642,Treatment
2643,1,102643,Control
2644,1,102644,Control
2645,1,102645,Treatment
2646,1,102646,Control
2647,1,102647,Treatment
2648,1,102648,Control
2649,1,102649,Control
2650,1,102650,Treatment
2651,1,102651,Treatment
2652,1,102652,Treatment
2653,1,102653,Control
2654,1,102654,Treatment
2655,1,102655,Control
2656,1,102656,Treatment
2657,1,102657,Control
2658,1,102658,Control
2659,1,102659,Treatment
2660,1,102660,Treatment
2661,1,102661,Treatment
2662,1,102662,Treatment
2663,1,102663,Control
2664,1,102664,Control
2665,1,102665,Control
2666,1,102666,Treatment
2667,1,102667,Control
2668,1,102668,Control
2669,1,102669,Treatment
2670,1,102670,Treatment
2671,1,102671,Treatment
2672,1,102672,Treatment
2673,1,102673,Treatment
2674,1,102674,Treatment
2675,1,102675,Treatment
2676,1,102676,Control
2677,1,102677,Control
2678,1,102678,Control
2679,1,102679,Treatment
2680,1,102680,Treatment
2681,1,102681,Treatment
2682,1,102682,Treatment
2683,1,102683,Control
2684,1,102684,Treatment
2685,1,102685,Control
2686,1,102686,Treatment
2687,1,102687,Control
2688,1,102688,Control
2689,1,102689,Control
2690,1,102690,Control
2691,1,102691,Control
2692,1,102692,Control
2693,1,102693,Control
2694,1,102694,Control
2695,1,102695,Treatment
2696,1,102696,Treatment
2697,1,102697,Control
2698,1,102698,Control
2699,1,102699,Treatment
2700,1,102700,Control
2701,1,102701,Control
2702,1,102702,Treatment
2703,1,102703,Control
2704,1,102704,Control
2705,1,102705,Treatment
2706,1,102706,Treatment
2707,1,102707,Treatment
2708,1,102708,Treatment
2709,1,102709,Control
2710,1,102710,Control
2711,1,102711,Treatment
2712,1,102712,Control
2713,1,102713,Control
2714,1,102714,Treatment
2715,1,102715,Control
2716,1,102716,Control
2717,1,102717,Treatment
2718,1,102718,Treatment
2719,1,102719,Control
2720,1,102720,Treatment
2721,1,102721,Control
2722,1,102722,Control
2723,1,102723,Control
2724,1,102724,Control
2725,1,102725,Control
2726,1,102726,Control
2727,1,102727,Treatment
2728,1,102728,Treatment
2729,1,102729,Treatment
2730,1,102730,Control
2731,1,102731,Treatment
2732,1,102732,Treatment
2733,1,102733,Control
2734,1,102734,Control
2735,1,102735,Treatment
2736,1,102736,Control
2737,1,102737,Treatment
2738,1,102738,Treatment
2739,1,102739,Treatment
2740,1,102740,Treatment
2741,1,102741,Treatment
2742,1,102742,Treatment
2743,1,102743,Treatment
2744,1,102744,Control
2745,1,102745,Control
2746,1,102746,Treatment
2747,1,102747,Treatment
2748,1,102748,Treatment
2749,1,102749,Control
2750,1,102750,Control
2751,1,102751,Treatment
2752,1,102752,Treatment
2753,1,102753,Treatment
2754,1,102754,Control
2755,1,102755,Treatment
2756,1,102756,Treatment
2757,1,102757,Control
2758,1,102758,Treatment
2759,1,102759,Control
2760,1,102760,Treatment
2761,1,102761,Treatment
2762,1,102762,Treatment
2763,1,102763,Control
2764,1,102764,Treatment
2765,1,102765,Treatment
2766,1,102766,Treatment
2767,1,102767,Control
2768,1,102768,Treatment
2769,1,102769,Control
2770,1,102770,Treatment
2771,1,102771,Control
2772,1,102772,Treatment
2773,1,102773,Control
2774,1,102774,Treatment
2775,1,102775,Control
2776,1,102776,Treatment
2777,1,102777,Control
2778,1,102778,Treatment
2779,1,102779,Control
2780,1,102780,Treatment
2781,1,102781,Treatment
2782,1,102782,Control
2783,1,102783,Treatment
2784,1,102784,Treatment
2785,1,102785,Treatment
2786,1,102786,Control
2787,1,102787,Treatment
2788,1,102788,Control
2789,1,102789,Control
2790,1,102790,Treatment
2791,1,102791,Treatment
2792,1,102792,Control
2793,1,102793,Treatment
2794,1,102794,Treatment
2795,1,102795,Control
2796,1,102796,Treatment
2797,1,102797,Treatment
2798,1,102798,Control
2799,1,102799,Control
2800,1,102800,Treatment
2801,1,102801,Treatment
2802,1,102802,Control
2803,1,102803,Control
2804,1,102804,Control
2805,1,102805,Control
2806,1,102806,Control
2807,1,102807,Treatment
2808,1,102808,Control
2809,1,102809,Treatment
2810,1,102810,Control
2811,1,102811,Treatment
2812,1,102812,Control
2813,1,102813,Treatment
2814,1,102814,Control
2815,1,102815,Treatment
2816,1,102816,Treatment
2817,1,102817,Control
2818,1,102818,Treatment
2819,1,102819,Control
2820,1,102820,Treatment
2821,1,102821,Treatment
2822,1,102822,Treatment
2823,1,102823,Control
2824,1,102824,Control
2825,1,102825,Control
2826,1,102826,Control
2827,1,102827,Treatment
2828,1,102828,Control
2829,1,102829,Treatment
2830,1,102830,Treatment
2831,1,102831,Treatment
2832,1,102832,Control
2833,1,102833,Control
2834,1,102834,Control
2835,1,102835,Control
2836,1,102836,Control
2837,1,102837,Control
2838,1,102838,Control
2839,1,102839,Treatment
2840,1,102840,Control
2841,1,102841,Treatment
2842,1,102842,Treatment
2843,1,102843,Treatment
2844,1,102844,Control
2845,1,102845,Treatment
2846,1,102846,Control
2847,1,102847,Control
2848,1,102848,Treatment
2849,1,102849,Control
2850,1,102850,Control
2851,1,102851,Control
2852,1,102852,Treatment
2853,1,102853,Treatment
2854,1,102854,Control
2855,1,102855,Treatment
2856,1,102856,Control
2857,1,102857,Control
2858,1,102858,Treatment
2859,1,102859,Treatment
2860,1,102860,Treatment
2861,1,102861,Control
2862,1,102862,Treatment
2863,1,102863,Control
2864,1,102864,Treatment
2865,1,102865,Control
2866,1,102866,Control
2867,1,102867,Treatment
2868,1,102868,Treatment
2869,1,102869,Treatment
2870,1,102870,Treatment
2871,1,102871,Control
2872,1,102872,Treatment
2873,1,102873,Treatment
2874,1,102874,Control
2875,1,102875,Control
2876,1,102876,Treatment
2877,1,102877,Treatment
2878,1,102878,Control
2879,1,102879,Treatment
2880,1,102880,Treatment
2881,1,102881,Treatment
2882,1,102882,Treatment
2883,1,102883,Treatment
2884,1,102884,Treatment
2885,1,102885,Control
2886,1,102886,Control
2887,1,102887,Control
2888,1,102888,Control
2889,1,102889,Control
2890,1,102890,Control
2891,1,102891,Control
2892,1,102892,Control
2893,1,102893,Control
2894,1,102894,Treatment
2895,1,102895,Treatment
2896,1,102896,Treatment
2897,1,102897,Treatment
2898,1,102898,Control
2899,1,102899,Control
2900,1,102900,Control
2901,1,102901,Control
2902,1,102902,Control
2903,1,102903,Treatment
2904,1,102904,Control
2905,1,102905,Control
2906,1,102906,Treatment
2907,1,102907,Control
2908,1,102908,Treatment
2909,1,102909,Control
2910,1,102910,Treatment
2911,1,102911,Treatment
2912,1,102912,Control
2913,1,102913,Control
2914,1,102914,Control
2915,1,102915,Control
2916,1,102916,Control
2917,1,102917,Treatment
2918,1,102918,Control
2919,1,102919,Treatment
2920,1,102920,Treatment
2921,1,102921,Treatment
2922,1,102922,Treatment
2923,1,102923,Control
2924,1,102924,Control
2925,1,102925,Control
2926,1,102926,Treatment
2927,1,102927,Control
2928,1,102928,Control
2929,1,102929,Treatment
2930,1,102930,Control
2931,1,102931,Control
2932,1,102932,Treatment
2933,1,102933,Control
2934,1,102934,Control
2935,1,102935,Treatment
2936,1,102936,Control
2937,1,102937,Treatment
2938,1,102938,Control
2939,1,102939,Control
2940,1,102940,Treatment
2941,1,102941,Control
2942,1,102942,Control
2943,1,102943,Treatment
2944,1,102944,Treatment
2945,1,102945,Treatment
2946,1,102946,Control
2947,1,102947,Control
2948,1,102948,Control
2949,1,102949,Treatment
2950,1,102950,Control
2951,1,102951,Treatment
2952,1,102952,Control
2953,1,102953,Treatment
2954,1,102954,Control
2955,1,102955,Treatment
2956,1,102956,Control
2957,1,102957,Control
2958,1,102958,Control
2959,1,102959,Treatment
2960,1,102960,Control
2961,1,102961,Treatment
2962,1,102962,Treatment
2963,1,102963,Control
2964,1,102964,Treatment
2965,1,102965,Control
2966,1,102966,Treatment
2967,1,102967,Treatment
2968,1,102968,Treatment
2969,1,102969,Treatment
2970,1,102970,Treatment
2971,1,102971,Treatment
2972,1,102972,Control
2973,1,102973,Control
2974,1,102974,Treatment
2975,1,102975,Control
2976,1,102976,Treatment
2977,1,102977,Treatment
2978,1,102978,Treatment
2979,1,102979,Control
2980,1,102980,Treatment
2981,1,102981,Control
2982,1,102982,Control
2983,1,102983,Control
2984,1,102984,Treatment
2985,1,102985,Treatment
2986,1,102986,Treatment
2987,1,102987,Control
2988,1,102988,Treatment
2989,1,102989,Control
2990,1,102990,Control
2991,1,102991,Control
2992,1,102992,Control
2993,1,102993,Control
2994,1,102994,Control
2995,1,102995,Treatment
2996,1,102996,Control
2997,1,102997,Control
2998,1,102998,Control
2999,1,102999,Control
3000,1,103000,Treatment
3001,2,103001,Treatment
3002,2,103003,Control
3003,2,103008,Treatment
3004,2,103009,Control
3005,2,103011,Control
3006,2,103012,Treatment
3007,2,103020,Control
3008,2,103022,Treatment
3009,2,103023,Treatment
3010,2,103025,Control
3011,2,103026,Treatment
3012,2,103029,Control
3013,2,103035,Control
3014,2,103040,Treatment
3015,2,103046,Control
3016,2,103063,Treatment
3017,2,103066,Control
3018,2,103070,Control
3019,2,103073,Treatment
3020,2,103080,Control
3021,2,103082,Treatment
3022,2,103087,Control
3023,2,103094,Treatment
3024,2,103096,Control
3025,2,103097,Treatment
3026,2,103100,Control
3027,2,103101,Control
3028,2,103102,Treatment
3029,2,103103,Control
3030,2,103105,Treatment
3031,2,103114,Treatment
3032,2,103115,Control
3033,2,103116,Control
3034,2,103117,Treatment
3035,2,103121,Treatment
3036,2,103122,Control
3037,2,103125,Treatment
3038,2,103130,Control
3039,2,103133,Treatment
3040,2,103134,Treatment
3041,2,103141,Control
3042,2,103143,Treatment
3043,2,103145,Treatment
3044,2,103147,Treatment
3045,2,103148,Treatment
3046,2,103150,Control
3047,2,103152,Control
3048,2,103155,Treatment
3049,2,103156,Control
3050,2,103160,Treatment
3051,2,103161,Treatment
3052,2,103163,Control
3053,2,103166,Control
3054,2,103168,Treatment
3055,2,103172,Treatment
3056,2,103175,Control
3057,2,103176,Control
3058,2,103178,Treatment
3059,2,103179,Control
3060,2,103184,Control
3061,2,103187,Control
3062,2,103192,Treatment
3063,2,103195,Treatment
3064,2,103199,Control
3065,2,103211,Control
3066,2,103218,Treatment
3067,2,103220,Treatment
3068,2,103221,Treatment
3069,2,103222,Control
3070,2,103223,Treatment
3071,2,103225,Control
3072,2,103228,Control
3073,2,103230,Treatment
3074,2,103231,Control
3075,2,103235,Control
3076,2,103242,Treatment
3077,2,103243,Treatment
3078,2,103246,Treatment
3079,2,103250,Control
3080,2,103254,Control
3081,2,103255,Treatment
3082,2,103260,Treatment
3083,2,103261,Treatment
3084,2,103265,Control
3085,2,103268,Control
3086,2,103279,Treatment
3087,2,103280,Treatment
3088,2,103282,Treatment
3089,2,103285,Treatment
3090,2,103288,Control
3091,2,103290,Control
3092,2,103292,Control
3093,2,103293,Control
3094,2,103295,Control
3095,2,103297,Control
3096,2,103298,Treatment
3097,2,103299,Control
3098,2,103301,Control
3099,2,103304,Treatment
3100,2,103307,Control
3101,2,103309,Control
3102,2,103313,Treatment
3103,2,103315,Treatment
3104,2,103316,Treatment
3105,2,103319,Control
3106,2,103321,Control
3107,2,103322,Treatment
3108,2,103324,Control
3109,2,103327,Treatment
3110,2,103328,Treatment
3111,2,103332,Control
3112,2,103333,Control
3113,2,103334,Control
3114,2,103336,Treatment
3115,2,103340,Treatment
3116,2,103341,Treatment
3117,2,103345,Control
3118,2,103346,Control
3119,2,103347,Control
3120,2,103350,Control
3121,2,103353,Treatment
3122,2,103357,Treatment
3123,2,103361,Control
3124,2,103362,Control
3125,2,103365,Control
3126,2,103367,Treatment
3127,2,103369,Treatment
3128,2,103370,Treatment
3129,2,103372,Control
3130,2,103377,Treatment
3131,2,103380,Control
3132,2,103382,Treatment
3133,2,103384,Treatment
3134,2,103386,Control
3135,2,103387,Control
3136,2,103395,Control
3137,2,103401,Treatment
3138,2,103408,Treatment
3139,2,103410,Control
3140,2,103415,Control
3141,2,103417,Control
3142,2,103418,Treatment
3143,2,103419,Control
3144,2,103420,Control
3145,2,103421,Control
3146,2,103428,Treatment
3147,2,103431,Control
3148,2,103432,Control
3149,2,103436,Control
3150,2,103444,Treatment
3151,2,103445,Treatment
3152,2,103448,Control
3153,2,103451,Treatment
3154,2,103454,Control
3155,2,103455,Treatment
3156,2,103457,Treatment
3157,2,103460,Control
3158,2,103466,Control
3159,2,103467,Control
3160,2,103468,Control
3161,2,103472,Control
3162,2,103473,Treatment
3163,2,103478,Control
3164,2,103479,Control
3165,2,103482,Control
3166,2,103484,Control
3167,2,103486,Treatment
3168,2,103489,Treatment
3169,2,103491,Treatment
3170,2,103493,Control
3171,2,103494,Treatment
3172,2,103495,Control
3173,2,103501,Treatment
3174,2,103504,Control
3175,2,103506,Control
3176,2,103507,Treatment
3177,2,103508,Control
3178,2,103509,Treatment
3179,2,103510,Treatment
3180,2,103514,Control
3181,2,103517,Treatment
3182,2,103522,Treatment
3183,2,103531,Control
3184,2,103534,Control
3185,2,103537,Control
3186,2,103538,Control
3187,2,103540,Treatment
3188,2,103546,Control
3189,2,103551,Treatment
3190,2,103553,Control
3191,2,103554,Control
3192,2,103557,Treatment
3193,2,103558,Control
3194,2,103563,Treatment
3195,2,103567,Control
3196,2,103568,Control
3197,2,103570,Control
3198,2,103574,Control
3199,2,103575,Treatment
3200,2,103576,Treatment
3201,2,103578,Treatment
3202,2,103579,Control
3203,2,103580,Control
3204,2,103584,Treatment
3205,2,103585,Treatment
3206,2,103592,Treatment
3207,2,103593,Control
3208,2,103597,Control
3209,2,103598,Control
3210,2,103602,Control
3211,2,103607,Treatment
3212,2,103611,Control
3213,2,103616,Treatment
3214,2,103618,Treatment
3215,2,103619,Control
3216,2,103622,Control
3217,2,103625,Treatment
3218,2,103626,Treatment
3219,2,103632,Treatment
3220,2,103633,Control
3221,2,103635,Treatment
3222,2,103640,Control
3223,2,103642,Treatment
3224,2,103644,Treatment
3225,2,103645,Treatment
3226,2,103646,Control
3227,2,103649,Treatment
3228,2,103652,Treatment
3229,2,103654,Control
3230,2,103655,Control
3231,2,103661,Treatment
3232,2,103663,Control
3233,2,103665,Control
3234,2,103671,Treatment
3235,2,103674,Treatment
3236,2,103676,Control
3237,2,103678,Treatment
3238,2,103679,Treatment
3239,2,103681,Control
3240,2,103685,Treatment
3241,2,103693,Control
3242,2,103697,Treatment
3243,2,103700,Treatment
3244,2,103701,Control
3245,2,103702,Control
3246,2,103703,Control
3247,2,103704,Control
3248,2,103708,Control
3249,2,103709,Treatment
3250,2,103711,Treatment
3251,2,103715,Control
3252,2,103716,Treatment
3253,2,103717,Treatment
3254,2,103723,Control
3255,2,103726,Treatment
3256,2,103730,Control
3257,2,103736,Treatment
3258,2,103740,Control
3259,2,103741,Treatment
3260,2,103742,Treatment
3261,2,103743,Treatment
3262,2,103749,Treatment
3263,2,103753,Control
3264,2,103767,Control
3265,2,103768,Control
3266,2,103772,Treatment
3267,2,103783,Treatment
3268,2,103785,Treatment
3269,2,103788,Treatment
3270,2,103790,Control
3271,2,103791,Control
3272,2,103794,Treatment
3273,2,103806,Treatment
3274,2,103814,Control
3275,2,103824,Treatment
3276,2,103825,Treatment
3277,2,103826,Treatment
3278,2,103829,Control
3279,2,103830,Treatment
3280,2,103833,Treatment
3281,2,103837,Control
3282,2,103838,Control
3283,2,103846,Treatment
3284,2,103850,Control
3285,2,103852,Control
3286,2,103856,Control
3287,2,103862,Control
3288,2,103867,Treatment
3289,2,103869,Treatment
3290,2,103870,Control
3291,2,103874,Control
3292,2,103875,Treatment
3293,2,103878,Control
3294,2,103882,Control
3295,2,103890,Control
3296,2,103891,Control
3297,2,103892,Treatment
3298,2,103897,Control
3299,2,103902,Control
3300,2,103903,Treatment
3301,2,103906,Control
3302,2,103914,Control
3303,2,103915,Treatment
3304,2,103917,Treatment
3305,2,103919,Treatment
3306,2,103924,Control
3307,2,103927,Treatment
3308,2,103928,Control
3309,2,103930,Treatment
3310,2,103932,Treatment
3311,2,103933,Control
3312,2,103935,Treatment
3313,2,103937,Treatment
3314,2,103941,Control
3315,2,103942,Treatment
3316,2,103945,Control
3317,2,103946,Treatment
3318,2,103948,Treatment
3319,2,103950,Control
3320,2,103952,Treatment
3321,2,103954,Control
3322,2,103955,Control
3323,2,103956,Control
3324,2,103957,Treatment
3325,2,103961,Control
3326,2,103962,Treatment
3327,2,103966,Control
3328,2,103967,Treatment
3329,2,103969,Control
3330,2,103976,Treatment
3331,2,103984,Control
3332,2,103985,Control
3333,2,103986,Control
3334,2,103988,Treatment
3335,2,103990,Treatment
3336,2,103994,Control
3337,2,103995,Treatment
3338,2,103999,Treatment
3339,2,104007,Control
3340,2,104008,Treatment
3341,2,104009,Treatment
3342,2,104011,Treatment
3343,2,104012,Treatment
3344,2,104015,Treatment
3345,2,104020,Control
3346,2,104025,Treatment
3347,2,104031,Treatment
3348,2,104032,Control
3349,2,104037,Treatment
3350,2,104040,Control
3351,2,104052,Treatment
3352,2,104054,Treatment
3353,2,104056,Treatment
3354,2,104057,Treatment
3355,2,104059,Control
3356,2,104060,Treatment
3357,2,104072,Control
3358,2,104076,Control
3359,2,104082,Treatment
3360,2,104083,Treatment
3361,2,104085,Treatment
3362,2,104086,Control
3363,2,104087,Treatment
3364,2,104091,Treatment
3365,2,104097,Control
3366,2,104098,Control
3367,2,104101,Control
3368,2,104104,Treatment
3369,2,104109,Control
3370,2,104110,Control
3371,2,104112,Control
3372,2,104113,Treatment
3373,2,104114,Treatment
3374,2,104116,Control
3375,2,104120,Control
3376,2,104122,Treatment
3377,2,104123,Treatment
3378,2,104124,Treatment
3379,2,104126,Treatment
3380,2,104127,Control
3381,2,104130,Control
3382,2,104136,Treatment
3383,2,104138,Treatment
3384,2,104140,Control
3385,2,104145,Control
3386,2,104146,Treatment
3387,2,104148,Control
3388,2,104153,Control
3389,2,104158,Control
3390,2,104162,Treatment
3391,2,104164,Control
3392,2,104165,Treatment
3393,2,104166,Treatment
3394,2,104170,Control
3395,2,104175,Treatment
3396,2,104178,Treatment
3397,2,104179,Treatment
3398,2,104180,Treatment
3399,2,104181,Control
3400,2,104191,Treatment
3401,2,104197,Treatment
3402,2,104198,Treatment
3403,2,104199,Control
3404,2,104205,Treatment
3405,2,104206,Control
3406,2,104213,Treatment
3407,2,104215,Control
3408,2,104218,Treatment
3409,2,104219,Treatment
3410,2,104223,Treatment
3411,2,104225,Treatment
3412,2,104226,Treatment
3413,2,104227,Treatment
3414,2,104230,Control
3415,2,104231,Treatment
3416,2,104232,Control
3417,2,104245,Control
3418,2,104255,Treatment
3419,2,104256,Control
3420,2,104257,Treatment
3421,2,104259,Control
3422,2,104264,Control
3423,2,104269,Treatment
3424,2,104273,Treatment
3425,2,104282,Control
3426,2,104284,Treatment
3427,2,104285,Treatment
3428,2,104292,Treatment
3429,2,104296,Control
3430,2,104297,Treatment
3431,2,104298,Treatment
3432,2,104301,Treatment
3433,2,104303,Control
3434,2,104304,Control
3435,2,104305,Control
3436,2,104308,Treatment
3437,2,104309,Treatment
3438,2,104310,Treatment
3439,2,104315,Control
3440,2,104316,Treatment
3441,2,104317,Control
3442,2,104323,Control
3443,2,104326,Treatment
3444,2,104327,Control
3445,2,104336,Treatment
3446,2,104337,Control
3447,2,104338,Control
3448,2,104340,Treatment
3449,2,104342,Treatment
3450,2,104345,Control
3451,2,104354,Control
3452,2,104366,Control
3453,2,104367,Treatment
3454,2,104375,Treatment
3455,2,104376,Treatment
3456,2,104379,Control
3457,2,104383,Control
3458,2,104384,Control
3459,2,104387,Control
3460,2,104389,Treatment
3461,2,104393,Control
3462,2,104394,Treatment
3463,2,104396,Control
3464,2,104399,Control
3465,2,104401,Treatment
3466,2,104402,Treatment
3467,2,104403,Control
3468,2,104410,Treatment
3469,2,104413,Treatment
3470,2,104414,Control
3471,2,104419,Treatment
3472,2,104420,Treatment
3473,2,104421,Control
3474,2,104422,Treatment
3475,2,104423,Treatment
3476,2,104425,Control
3477,2,104430,Control
3478,2,104434,Control
3479,2,104436,Treatment
3480,2,104441,Control
3481,2,104442,Control
3482,2,104443,Control
3483,2,104448,Control
3484,2,104449,Control
3485,2,104453,Treatment
3486,2,104456,Treatment
3487,2,104460,Control
3488,2,104461,Treatment
3489,2,104466,Treatment
3490,2,104469,Treatment
3491,2,104472,Control
3492,2,104474,Treatment
3493,2,104475,Treatment
3494,2,104476,Control
3495,2,104478,Control
3496,2,104479,Control
3497,2,104480,Control
3498,2,104481,Control
3499,2,104485,Control
3500,2,104491,Treatment
3501,2,104494,Control
3502,2,104495,Treatment
3503,2,104497,Treatment
3504,2,104500,Treatment
3505,2,104502,Treatment
3506,2,104506,Control
3507,2,104509,Control
3508,2,104510,Control
3509,2,104511,Control
3510,2,104512,Treatment
3511,2,104517,Control
3512,2,104520,Treatment
3513,2,104525,Treatment
3514,2,104526,Control
3515,2,104527,Control
3516,2,104531,Control
3517,2,104538,Control
3518,2,104540,Control
3519,2,104542,Treatment
3520,2,104548,Treatment
3521,2,104550,Treatment
3522,2,104552,Treatment
3523,2,104553,Treatment
3524,2,104555,Control
3525,2,104556,Control
3526,2,104557,Control
3527,2,104562,Treatment
3528,2,104564,Control
3529,2,104570,Treatment
3530,2,104572,Control
3531,2,104574,Control
3532,2,104577,Treatment
3533,2,104579,Treatment
3534,2,104581,Treatment
3535,2,104585,Treatment
3536,2,104589,Control
3537,2,104590,Treatment
3538,2,104595,Control
3539,2,104596,Treatment
3540,2,104599,Treatment
3541,2,104600,Control
3542,2,104602,Treatment
3543,2,104607,Control
3544,2,104608,Control
3545,2,104609,Treatment
3546,2,104611,Control
3547,2,104614,Control
3548,2,104625,Treatment
3549,2,104627,Treatment
3550,2,104634,Control
3551,2,104639,Control
3552,2,104643,Control
3553,2,104648,Control
3554,2,104652,Treatment
3555,2,104655,Control
3556,2,104660,Control
3557,2,104665,Control
3558,2,104666,Control
3559,2,104667,Control
3560,2,104669,Control
3561,2,104675,Control
3562,2,104680,Treatment
3563,2,104681,Treatment
3564,2,104683,Treatment
3565,2,104684,Control
3566,2,104685,Control
3567,2,104694,Control
3568,2,104696,Control
3569,2,104697,Treatment
3570,2,104698,Treatment
3571,2,104699,Treatment
3572,2,104703,Treatment
3573,2,104713,Treatment
3574,2,104715,Treatment
3575,2,104719,Control
3576,2,104720,Treatment
3577,2,104727,Treatment
3578,2,104728,Treatment
3579,2,104732,Treatment
3580,2,104740,Treatment
3581,2,104746,Control
3582,2,104747,Control
3583,2,104748,Control
3584,2,104750,Treatment
3585,2,104760,Control
3586,2,104765,Treatment
3587,2,104768,Treatment
3588,2,104769,Treatment
3589,2,104770,Treatment
3590,2,104772,Treatment
3591,2,104786,Treatment
3592,2,104787,Treatment
3593,2,104789,Control
3594,2,104792,Control
3595,2,104793,Treatment
3596,2,104794,Control
3597,2,104798,Control
3598,2,104801,Treatment
3599,2,104805,Control
3600,2,104808,Treatment
3601,2,104809,Control
3602,2,104813,Treatment
3603,2,104828,Control
3604,2,104829,Control
3605,2,104830,Control
3606,2,104834,Control
3607,2,104835,Control
3608,2,104837,Treatment
3609,2,104839,Control
3610,2,104844,Treatment
3611,2,104846,Control
3612,2,104849,Control
3613,2,104851,Control
3614,2,104853,Treatment
3615,2,104855,Control
3616,2,104859,Treatment
3617,2,104862,Control
3618,2,104864,Treatment
3619,2,104866,Treatment
3620,2,104867,Treatment
3621,2,104868,Control
3622,2,104869,Control
3623,2,104874,Control
3624,2,104875,Treatment
3625,2,104878,Treatment
3626,2,104879,Treatment
3627,2,104880,Treatment
3628,2,104881,Treatment
3629,2,104884,Treatment
3630,2,104885,Treatment
3631,2,104888,Treatment
3632,2,104890,Treatment
3633,2,104892,Control
3634,2,104897,Treatment
3635,2,104909,Treatment
3636,2,104914,Control
3637,2,104916,Control
3638,2,104924,Treatment
3639,2,104925,Treatment
3640,2,104926,Treatment
3641,2,104930,Treatment
3642,2,104931,Control
3643,2,104932,Treatment
3644,2,104934,Control
3645,2,104939,Control
3646,2,104940,Treatment
3647,2,104944,Treatment
3648,2,104945,Control
3649,2,104947,Control
3650,2,104948,Treatment
3651,2,104952,Control
3652,2,104956,Control
3653,2,104960,Control
3654,2,104961,Treatment
3655,2,104966,Treatment
3656,2,104968,Treatment
3657,2,104969,Treatment
3658,2,104983,Control
3659,2,104985,Control
3660,2,104987,Control
3661,2,104989,Control
3662,2,104990,Control
3663,2,104991,Control
3664,2,104996,Control
3665,2,105000,Control
3666,2,105005,Treatment
3667,2,105006,Control
3668,2,105011,Treatment
3669,2,105012,Control
3670,2,105013,Control
3671,2,105017,Treatment
3672,2,105026,Control
3673,2,105029,Control
3674,2,105030,Control
3675,2,105031,Treatment
3676,2,105034,Control
3677,2,105043,Treatment
3678,2,105046,Control
3679,2,105047,Control
3680,2,105048,Control
3681,2,105052,Control
3682,2,105054,Control
3683,2,105056,Treatment
3684,2,105063,Treatment
3685,2,105065,Treatment
3686,2,105071,Treatment
3687,2,105083,Control
3688,2,105085,Control
3689,2,105091,Control
3690,2,105092,Treatment
3691,2,105097,Control
3692,2,105102,Control
3693,2,105103,Treatment
3694,2,105113,Control
3695,2,105115,Treatment
3696,2,105116,Control
3697,2,105117,Treatment
3698,2,105118,Treatment
3699,2,105123,Treatment
3700,2,105130,Control
3701,2,105131,Treatment
3702,2,105132,Control
3703,2,105133,Treatment
3704,2,105137,Control
3705,2,105138,Control
3706,2,105140,Control
3707,2,105141,Control
3708,2,105143,Control
3709,2,105147,Control
3710,2,105148,Treatment
3711,2,105150,Treatment
3712,2,105152,Control
3713,2,105154,Control
3714,2,105156,Treatment
3715,2,105161,Control
3716,2,105162,Control
3717,2,105165,Treatment
3718,2,105169,Treatment
3719,2,105170,Treatment
3720,2,105177,Treatment
3721,2,105184,Control
3722,2,105187,Control
3723,2,105188,Treatment
3724,2,105190,Control
3725,2,105194,Control
3726,2,105196,Control
3727,2,105198,Treatment
3728,2,105199,Treatment
3729,2,105201,Control
3730,2,105202,Control
3731,2,105204,Treatment
3732,2,105207,Control
3733,2,105210,Treatment
3734,2,105216,Control
3735,2,105217,Treatment
3736,2,105218,Treatment
3737,2,105219,Treatment
3738,2,105221,Control
3739,2,105227,Treatment
3740,2,105228,Treatment
3741,2,105231,Control
3742,2,105232,Control
3743,2,105234,Control
3744,2,105236,Control
3745,2,105237,Treatment
3746,2,105239,Treatment
3747,2,105240,Control
3748,2,105243,Treatment
3749,2,105244,Treatment
3750,2,105245,Treatment
3751,2,105246,Control
3752,2,105248,Treatment
3753,2,105249,Treatment
3754,2,105254,Treatment
3755,2,105258,Control
3756,2,105267,Treatment
3757,2,105268,Control
3758,2,105269,Control
3759,2,105275,Treatment
3760,2,105279,Treatment
3761,2,105282,Treatment
3762,2,105283,Control
3763,2,105285,Treatment
3764,2,105287,Treatment
3765,2,105288,Control
3766,2,105290,Treatment
3767,2,105291,Treatment
3768,2,105293,Treatment
3769,2,105295,Treatment
3770,2,105297,Control
3771,2,105298,Treatment
3772,2,105299,Control
3773,2,105302,Control
3774,2,105303,Control
3775,2,105305,Treatment
3776,2,105306,Treatment
3777,2,105316,Treatment
3778,2,105320,Treatment
3779,2,105325,Control
3780,2,105329,Treatment
3781,2,105330,Control
3782,2,105332,Control
3783,2,105333,Control
3784,2,105334,Control
3785,2,105339,Treatment
3786,2,105344,Treatment
3787,2,105346,Treatment
3788,2,105347,Treatment
3789,2,105361,Control
3790,2,105363,Control
3791,2,105365,Treatment
3792,2,105367,Treatment
3793,2,105368,Control
3794,2,105369,Treatment
3795,2,105372,Treatment
3796,2,105373,Control
3797,2,105374,Treatment
3798,2,105376,Control
3799,2,105381,Treatment
3800,2,105383,Treatment
3801,2,105385,Treatment
3802,2,105386,Treatment
3803,2,105388,Treatment
3804,2,105392,Control
3805,2,105398,Control
3806,2,105399,Treatment
3807,2,105401,Treatment
3808,2,105404,Treatment
3809,2,105406,Control
3810,2,105407,Treatment
3811,2,105408,Control
3812,2,105410,Control
3813,2,105421,Treatment
3814,2,105423,Control
3815,2,105424,Control
3816,2,105430,Treatment
3817,2,105431,Control
3818,2,105432,Treatment
3819,2,105434,Treatment
3820,2,105436,Control
3821,2,105443,Treatment
3822,2,105444,Treatment
3823,2,105446,Treatment
3824,2,105450,Treatment
3825,2,105456,Treatment
3826,2,105460,Control
3827,2,105462,Control
3828,2,105463,Control
3829,2,105464,Treatment
3830,2,105466,Control
3831,2,105471,Control
3832,2,105472,Treatment
3833,2,105473,Control
3834,2,105474,Treatment
3835,2,105475,Control
3836,2,105484,Treatment
3837,2,105490,Treatment
3838,2,105491,Control
3839,2,105494,Control
3840,2,105498,Treatment
3841,2,105501,Control
3842,2,105502,Treatment
3843,2,105503,Control
3844,2,105505,Control
3845,2,105508,Treatment
3846,2,105513,Control
3847,2,105516,Treatment
3848,2,105517,Treatment
3849,2,105518,Treatment
3850,2,105519,Treatment
3851,2,105524,Control
3852,2,105526,Treatment
3853,2,105529,Treatment
3854,2,105537,Control
3855,2,105542,Treatment
3856,2,105545,Treatment
3857,2,105547,Treatment
3858,2,105550,Treatment
3859,2,105555,Control
3860,2,105569,Treatment
3861,2,105570,Treatment
3862,2,105573,Control
3863,2,105575,Control
3864,2,105579,Treatment
3865,2,105581,Control
3866,2,105583,Treatment
3867,2,105586,Control
3868,2,105587,Treatment
3869,2,105591,Control
3870,2,105594,Control
3871,2,105596,Control
3872,2,105598,Treatment
3873,2,105599,Control
3874,2,105600,Treatment
3875,2,105601,Treatment
3876,2,105602,Treatment
3877,2,105603,Control
3878,2,105604,Control
3879,2,105608,Treatment
3880,2,105610,Control
3881,2,105612,Control
3882,2,105614,Treatment
3883,2,105617,Treatment
3884,2,105623,Treatment
3885,2,105624,Control
3886,2,105630,Control
3887,2,105634,Control
3888,2,105640,Treatment
3889,2,105645,Treatment
3890,2,105648,Control
3891,2,105650,Control
3892,2,105651,Control
3893,2,105655,Control
3894,2,105656,Control
3895,2,105657,Control
3896,2,105660,Treatment
3897,2,105667,Control
3898,2,105670,Control
3899,2,105671,Control
3900,2,105674,Control
3901,2,105677,Control
3902,2,105679,Control
3903,2,105681,Control
3904,2,105683,Control
3905,2,105690,Control
3906,2,105693,Treatment
3907,2,105695,Control
3908,2,105698,Control
3909,2,105700,Treatment
3910,2,105705,Treatment
3911,2,105711,Control
3912,2,105712,Control
3913,2,105714,Control
3914,2,105716,Treatment
3915,2,105720,Control
3916,2,105725,Control
3917,2,105726,Control
3918,2,105727,Control
3919,2,105730,Control
3920,2,105736,Treatment
3921,2,105737,Treatment
3922,2,105738,Control
3923,2,105739,Control
3924,2,105740,Control
3925,2,105742,Treatment
3926,2,105746,Control
3927,2,105749,Control
3928,2,105755,Control
3929,2,105757,Control
3930,2,105758,Treatment
3931,2,105769,Treatment
3932,2,105771,Control
3933,2,105776,Control
3934,2,105785,Treatment
3935,2,105786,Treatment
3936,2,105790,Treatment
3937,2,105794,Control
3938,2,105795,Control
3939,2,105796,Control
3940,2,105800,Treatment
3941,2,105804,Treatment
3942,2,105805,Control
3943,2,105806,Control
3944,2,105807,Treatment
3945,2,105809,Treatment
3946,2,105815,Control
3947,2,105818,Control
3948,2,105819,Treatment
3949,2,105821,Control
3950,2,105822,Control
3951,2,105823,Control
3952,2,105827,Control
3953,2,105828,Treatment
3954,2,105834,Control
3955,2,105837,Treatment
3956,2,105841,Control
3957,2,105843,Treatment
3958,2,105845,Treatment
3959,2,105850,Treatment
3960,2,105852,Control
3961,2,105854,Treatment
3962,2,105862,Treatment
3963,2,105864,Control
3964,2,105865,Control
3965,2,105870,Control
3966,2,105871,Treatment
3967,2,105872,Control
3968,2,105879,Treatment
3969,2,105880,Treatment
3970,2,105893,Control
3971,2,105895,Control
3972,2,105900,Treatment
3973,2,105901,Treatment
3974,2,105904,Treatment
3975,2,105914,Control
3976,2,105915,Control
3977,2,105918,Treatment
3978,2,105919,Treatment
3979,2,105927,Control
3980,2,105942,Control
3981,2,105948,Treatment
3982,2,105949,Control
3983,2,105950,Treatment
3984,2,105951,Control
3985,2,105954,Treatment
3986,2,105962,Control
3987,2,105963,Treatment
3988,2,105968,Control
3989,2,105971,Control
3990,2,105973,Treatment
3991,2,105979,Control
3992,2,105980,Treatment
3993,2,105982,Treatment
3994,2,105984,Control
3995,2,105986,Treatment
3996,2,105987,Control
3997,2,105988,Treatment
3998,2,105994,Treatment
3999,2,105998,Control
4000,2,105999,Control
4001,3,106001,Treatment
4002,3,106002,Control
4003,3,106003,Treatment
4004,3,106004,Control
4005,3,106005,Treatment
4006,3,106006,Treatment
4007,3,106007,Treatment
4008,3,106008,Control
4009,3,106009,Treatment
4010,3,106010,Control
4011,3,106011,Control
4012,3,106012,Treatment
4013,3,106013,Treatment
4014,3,106014,Control
4015,3,106015,Treatment
4016,3,106016,Treatment
4017,3,106017,Treatment
4018,3,106018,Treatment
4019,3,106019,Control
4020,3,106020,Treatment
4021,3,106021,Control
4022,3,106022,Treatment
4023,3,106023,Control
4024,3,106024,Control
4025,3,106025,Control
4026,3,106026,Control
4027,3,106027,Control
4028,3,106028,Treatment
4029,3,106029,Treatment
4030,3,106030,Treatment
4031,3,106031,Treatment
4032,3,106032,Treatment
4033,3,106033,Treatment
4034,3,106034,Treatment
4035,3,106035,Control
4036,3,106036,Control
4037,3,106037,Treatment
4038,3,106038,Treatment
4039,3,106039,Treatment
4040,3,106040,Control
4041,3,106041,Treatment
4042,3,106042,Control
4043,3,106043,Treatment
4044,3,106044,Control
4045,3,106045,Treatment
4046,3,106046,Treatment
4047,3,106047,Control
4048,3,106048,Control
4049,3,106049,Control
4050,3,106050,Treatment
4051,3,106051,Treatment
4052,3,106052,Treatment
4053,3,106053,Treatment
4054,3,106054,Control
4055,3,106055,Control
4056,3,106056,Treatment
4057,3,106057,Control
4058,3,106058,Treatment
4059,3,106059,Treatment
4060,3,106060,Control
4061,3,106061,Treatment
4062,3,106062,Control
4063,3,106063,Control
4064,3,106064,Control
4065,3,106065,Control
4066,3,106066,Control
4067,3,106067,Treatment
4068,3,106068,Control
4069,3,106069,Treatment
4070,3,106070,Control
4071,3,106071,Control
4072,3,106072,Control
4073,3,106073,Control
4074,3,106074,Treatment
4075,3,106075,Control
4076,3,106076,Control
4077,3,106077,Treatment
4078,3,106078,Control
4079,3,106079,Treatment
4080,3,106080,Control
4081,3,106081,Treatment
4082,3,106082,Control
4083,3,106083,Control
4084,3,106084,Treatment
4085,3,106085,Treatment
4086,3,106086,Control
4087,3,106087,Treatment
4088,3,106088,Control
4089,3,106089,Control
4090,3,106090,Treatment
4091,3,106091,Treatment
4092,3,106092,Control
4093,3,106093,Control
4094,3,106094,Treatment
4095,3,106095,Control
4096,3,106096,Treatment
4097,3,106097,Control
4098,3,106098,Treatment
4099,3,106099,Treatment
4100,3,106100,Control
4101,3,106101,Treatment
4102,3,106102,Treatment
4103,3,106103,Control
4104,3,106104,Treatment
4105,3,106105,Control
4106,3,106106,Control
4107,3,106107,Control
4108,3,106108,Control
4109,3,106109,Treatment
4110,3,106110,Control
4111,3,106111,Treatment
4112,3,106112,Control
4113,3,106113,Treatment
4114,3,106114,Control
4115,3,106115,Treatment
4116,3,106116,Treatment
4117,3,106117,Control
4118,3,106118,Control
4119,3,106119,Treatment
4120,3,106120,Treatment
4121,3,106121,Treatment
4122,3,106122,Treatment
4123,3,106123,Control
4124,3,106124,Control
4125,3,106125,Control
4126,3,106126,Control
4127,3,106127,Control
4128,3,106128,Treatment
4129,3,106129,Treatment
4130,3,106130,Treatment
4131,3,106131,Control
4132,3,106132,Control
4133,3,106133,Treatment
4134,3,106134,Control
4135,3,106135,Control
4136,3,106136,Treatment
4137,3,106137,Control
4138,3,106138,Treatment
4139,3,106139,Control
4140,3,106140,Control
4141,3,106141,Treatment
4142,3,106142,Control
4143,3,106143,Control
4144,3,106144,Treatment
4145,3,106145,Control
4146,3,106146,Control
4147,3,106147,Treatment
4148,3,106148,Control
4149,3,106149,Treatment
4150,3,106150,Control
4151,3,106151,Treatment
4152,3,106152,Control
4153,3,106153,Control
4154,3,106154,Control
4155,3,106155,Control
4156,3,106156,Treatment
4157,3,106157,Control
4158,3,106158,Control
4159,3,106159,Control
4160,3,106160,Control
4161,3,106161,Control
4162,3,106162,Treatment
4163,3,106163,Control
4164,3,106164,Control
4165,3,106165,Treatment
4166,3,106166,Treatment
4167,3,106167,Control
4168,3,106168,Treatment
4169,3,106169,Control
4170,3,106170,Treatment
4171,3,106171,Treatment
4172,3,106172,Treatment
4173,3,106173,Control
4174,3,106174,Control
4175,3,106175,Control
4176,3,106176,Treatment
4177,3,106177,Treatment
4178,3,106178,Control
4179,3,106179,Control
4180,3,106180,Treatment
4181,3,106181,Control
4182,3,106182,Control
4183,3,106183,Control
4184,3,106184,Control
4185,3,106185,Treatment
4186,3,106186,Control
4187,3,106187,Treatment
4188,3,106188,Treatment
4189,3,106189,Control
4190,3,106190,Control
4191,3,106191,Treatment
4192,3,106192,Treatment
4193,3,106193,Control
4194,3,106194,Control
4195,3,106195,Treatment
4196,3,106196,Control
4197,3,106197,Treatment
4198,3,106198,Control
4199,3,106199,Treatment
4200,3,106200,Control
4201,3,106201,Control
4202,3,106202,Control
4203,3,106203,Control
4204,3,106204,Treatment
4205,3,106205,Control
4206,3,106206,Control
4207,3,106207,Control
4208,3,106208,Treatment
4209,3,106209,Treatment
4210,3,106210,Control
4211,3,106211,Control
4212,3,106212,Control
4213,3,106213,Treatment
4214,3,106214,Control
4215,3,106215,Treatment
4216,3,106216,Treatment
4217,3,106217,Control
4218,3,106218,Treatment
4219,3,106219,Control
4220,3,106220,Treatment
4221,3,106221,Control
4222,3,106222,Treatment
4223,3,106223,Control
4224,3,106224,Treatment
4225,3,106225,Control
4226,3,106226,Control
4227,3,106227,Control
4228,3,106228,Treatment
4229,3,106229,Treatment
4230,3,106230,Control
4231,3,106231,Control
4232,3,106232,Control
4233,3,106233,Control
4234,3,106234,Control
4235,3,106235,Treatment
4236,3,106236,Treatment
4237,3,106237,Control
4238,3,106238,Treatment
4239,3,106239,Control
4240,3,106240,Treatment
4241,3,106241,Control
4242,3,106242,Control
4243,3,106243,Treatment
4244,3,106244,Treatment
4245,3,106245,Treatment
4246,3,106246,Treatment
4247,3,106247,Treatment
4248,3,106248,Treatment
4249,3,106249,Control
4250,3,106250,Treatment
4251,3,106251,Control
4252,3,106252,Control
4253,3,106253,Treatment
4254,3,106254,Treatment
4255,3,106255,Control
4256,3,106256,Treatment
4257,3,106257,Control
4258,3,106258,Treatment
4259,3,106259,Treatment
4260,3,106260,Treatment
4261,3,106261,Control
4262,3,106262,Control
4263,3,106263,Treatment
4264,3,106264,Treatment
4265,3,106265,Control
4266,3,106266,Treatment
4267,3,106267,Control
4268,3,106268,Treatment
4269,3,106269,Treatment
4270,3,106270,Treatment
4271,3,106271,Control
4272,3,106272,Treatment
4273,3,106273,Treatment
4274,3,106274,Treatment
4275,3,106275,Treatment
4276,3,106276,Control
4277,3,106277,Control
4278,3,106278,Control
4279,3,106279,Treatment
4280,3,106280,Control
4281,3,106281,Treatment
4282,3,106282,Control
4283,3,106283,Control
4284,3,106284,Control
4285,3,106285,Control
4286,3,106286,Control
4287,3,106287,Control
4288,3,106288,Control
4289,3,106289,Treatment
4290,3,106290,Treatment
4291,3,106291,Treatment
4292,3,106292,Treatment
4293,3,106293,Treatment
4294,3,106294,Control
4295,3,106295,Treatment
4296,3,106296,Treatment
4297,3,106297,Treatment
4298,3,106298,Control
4299,3,106299,Treatment
4300,3,106300,Treatment
4301,3,106301,Treatment
4302,3,106302,Control
4303,3,106303,Treatment
4304,3,106304,Control
4305,3,106305,Control
4306,3,106306,Control
4307,3,106307,Control
4308,3,106308,Control
4309,3,106309,Treatment
4310,3,106310,Treatment
4311,3,106311,Treatment
4312,3,106312,Treatment
4313,3,106313,Control
4314,3,106314,Treatment
4315,3,106315,Control
4316,3,106316,Control
4317,3,106317,Control
4318,3,106318,Treatment
4319,3,106319,Control
4320,3,106320,Control
4321,3,106321,Control
4322,3,106322,Treatment
4323,3,106323,Treatment
4324,3,106324,Control
4325,3,106325,Treatment
4326,3,106326,Treatment
4327,3,106327,Treatment
4328,3,106328,Treatment
4329,3,106329,Treatment
4330,3,106330,Control
4331,3,106331,Treatment
4332,3,106332,Control
4333,3,106333,Treatment
4334,3,106334,Control
4335,3,106335,Control
4336,3,106336,Treatment
4337,3,106337,Treatment
4338,3,106338,Control
4339,3,106339,Control
4340,3,106340,Control
4341,3,106341,Treatment
4342,3,106342,Control
4343,3,106343,Control
4344,3,106344,Control
4345,3,106345,Control
4346,3,106346,Control
4347,3,106347,Treatment
4348,3,106348,Treatment
4349,3,106349,Treatment
4350,3,106350,Treatment
4351,3,106351,Control
4352,3,106352,Treatment
4353,3,106353,Control
4354,3,106354,Control
4355,3,106355,Treatment
4356,3,106356,Control
4357,3,106357,Control
4358,3,106358,Treatment
4359,3,106359,Control
4360,3,106360,Treatment
4361,3,106361,Treatment
4362,3,106362,Control
4363,3,106363,Control
4364,3,106364,Control
4365,3,106365,Control
4366,3,106366,Control
4367,3,106367,Control
4368,3,106368,Treatment
4369,3,106369,Control
4370,3,106370,Control
4371,3,106371,Treatment
4372,3,106372,Treatment
4373,3,106373,Control
4374,3,106374,Treatment
4375,3,106375,Treatment
4376,3,106376,Treatment
4377,3,106377,Treatment
4378,3,106378,Treatment
4379,3,106379,Treatment
4380,3,106380,Treatment
4381,3,106381,Treatment
4382,3,106382,Control
4383,3,106383,Treatment
4384,3,106384,Control
4385,3,106385,Treatment
4386,3,106386,Treatment
4387,3,106387,Control
4388,3,106388,Control
4389,3,106389,Treatment
4390,3,106390,Control
4391,3,106391,Treatment
4392,3,106392,Control
4393,3,106393,Control
4394,3,106394,Control
4395,3,106395,Control
4396,3,106396,Treatment
4397,3,106397,Treatment
4398,3,106398,Control
4399,3,106399,Treatment
4400,3,106400,Treatment
4401,3,106401,Treatment
4402,3,106402,Treatment
4403,3,106403,Treatment
4404,3,106404,Treatment
4405,3,106405,Treatment
4406,3,106406,Control
4407,3,106407,Control
4408,3,106408,Treatment
4409,3,106409,Control
4410,3,106410,Control
4411,3,106411,Treatment
4412,3,106412,Treatment
4413,3,106413,Control
4414,3,106414,Treatment
4415,3,106415,Control
4416,3,106416,Treatment
4417,3,106417,Control
4418,3,106418,Treatment
4419,3,106419,Treatment
4420,3,106420,Control
4421,3,106421,Treatment
4422,3,106422,Control
4423,3,106423,Control
4424,3,106424,Control
4425,3,106425,Treatment
4426,3,106426,Control
4427,3,106427,Control
4428,3,106428,Treatment
4429,3,106429,Control
4430,3,106430,Treatment
4431,3,106431,Control
4432,3,106432,Treatment
4433,3,106433,Control
4434,3,106434,Treatment
4435,3,106435,Control
4436,3,106436,Control
4437,3,106437,Control
4438,3,106438,Control
4439,3,106439,Control
4440,3,106440,Treatment
4441,3,106441,Control
4442,3,106442,Control
4443,3,106443,Control
4444,3,106444,Treatment
4445,3,106445,Treatment
4446,3,106446,Control
4447,3,106447,Control
4448,3,106448,Control
4449,3,106449,Control
4450,3,106450,Treatment
4451,3,106451,Control
4452,3,106452,Control
4453,3,106453,Treatment
4454,3,106454,Treatment
4455,3,106455,Treatment
4456,3,106456,Control
4457,3,106457,Control
4458,3,106458,Treatment
4459,3,106459,Treatment
4460,3,106460,Treatment
4461,3,106461,Treatment
4462,3,106462,Control
4463,3,106463,Control
4464,3,106464,Control
4465,3,106465,Control
4466,3,106466,Control
4467,3,106467,Control
4468,3,106468,Treatment
4469,3,106469,Control
4470,3,106470,Control
4471,3,106471,Treatment
4472,3,106472,Treatment
4473,3,106473,Treatment
4474,3,106474,Control
4475,3,106475,Treatment
4476,3,106476,Control
4477,3,106477,Control
4478,3,106478,Treatment
4479,3,106479,Treatment
4480,3,106480,Control
4481,3,106481,Control
4482,3,106482,Treatment
4483,3,106483,Treatment
4484,3,106484,Control
4485,3,106485,Treatment
4486,3,106486,Control
4487,3,106487,Treatment
4488,3,106488,Control
4489,3,106489,Treatment
4490,3,106490,Treatment
4491,3,106491,Treatment
4492,3,106492,Treatment
4493,3,106493,Treatment
4494,3,106494,Control
4495,3,106495,Treatment
4496,3,106496,Control
4497,3,106497,Control
4498,3,106498,Control
4499,3,106499,Control
4500,3,106500,Control
4501,3,106501,Control
4502,3,106502,Control
4503,3,106503,Control
4504,3,106504,Treatment
4505,3,106505,Treatment
4506,3,106506,Control
4507,3,106507,Treatment
4508,3,106508,Control
4509,3,106509,Treatment
4510,3,106510,Treatment
4511,3,106511,Treatment
4512,3,106512,Treatment
4513,3,106513,Treatment
4514,3,106514,Control
4515,3,106515,Treatment
4516,3,106516,Control
4517,3,106517,Treatment
4518,3,106518,Control
4519,3,106519,Treatment
4520,3,106520,Treatment
4521,3,106521,Control
4522,3,106522,Treatment
4523,3,106523,Treatment
4524,3,106524,Control
4525,3,106525,Treatment
4526,3,106526,Treatment
4527,3,106527,Treatment
4528,3,106528,Treatment
4529,3,106529,Treatment
4530,3,106530,Control
4531,3,106531,Treatment
4532,3,106532,Control
4533,3,106533,Control
4534,3,106534,Control
4535,3,106535,Treatment
4536,3,106536,Control
4537,3,106537,Control
4538,3,106538,Treatment
4539,3,106539,Treatment
4540,3,106540,Treatment
4541,3,106541,Control
4542,3,106542,Control
4543,3,106543,Control
4544,3,106544,Control
4545,3,106545,Control
4546,3,106546,Control
4547,3,106547,Control
4548,3,106548,Control
4549,3,106549,Control
4550,3,106550,Treatment
4551,3,106551,Control
4552,3,106552,Treatment
4553,3,106553,Control
4554,3,106554,Treatment
4555,3,106555,Treatment
4556,3,106556,Treatment
4557,3,106557,Control
4558,3,106558,Treatment
4559,3,106559,Control
4560,3,106560,Treatment
4561,3,106561,Control
4562,3,106562,Control
4563,3,106563,Control
4564,3,106564,Treatment
4565,3,106565,Treatment
4566,3,106566,Control
4567,3,106567,Control
4568,3,106568,Control
4569,3,106569,Control
4570,3,106570,Control
4571,3,106571,Control
4572,3,106572,Control
4573,3,106573,Treatment
4574,3,106574,Control
4575,3,106575,Treatment
4576,3,106576,Treatment
4577,3,106577,Treatment
4578,3,106578,Control
4579,3,106579,Control
4580,3,106580,Treatment
4581,3,106581,Control
4582,3,106582,Treatment
4583,3,106583,Treatment
4584,3,106584,Treatment
4585,3,106585,Control
4586,3,106586,Control
4587,3,106587,Treatment
4588,3,106588,Treatment
4589,3,106589,Control
4590,3,106590,Control
4591,3,106591,Treatment
4592,3,106592,Control
4593,3,106593,Control
4594,3,106594,Treatment
4595,3,106595,Control
4596,3,106596,Treatment
4597,3,106597,Treatment
4598,3,106598,Treatment
4599,3,106599,Control
4600,3,106600,Treatment
4601,3,106601,Treatment
4602,3,106602,Treatment
4603,3,106603,Treatment
4604,3,106604,Control
4605,3,106605,Treatment
4606,3,106606,Control
4607,3,106607,Treatment
4608,3,106608,Control
4609,3,106609,Control
4610,3,106610,Control
4611,3,106611,Treatment
4612,3,106612,Control
4613,3,106613,Control
4614,3,106614,Control
4615,3,106615,Control
4616,3,106616,Treatment
4617,3,106617,Control
4618,3,106618,Treatment
4619,3,106619,Control
4620,3,106620,Control
4621,3,106621,Control
4622,3,106622,Treatment
4623,3,106623,Treatment
4624,3,106624,Control
4625,3,106625,Treatment
4626,3,106626,Treatment
4627,3,106627,Treatment
4628,3,106628,Treatment
4629,3,106629,Treatment
4630,3,106630,Treatment
4631,3,106631,Control
4632,3,106632,Treatment
4633,3,106633,Control
4634,3,106634,Treatment
4635,3,106635,Control
4636,3,106636,Control
4637,3,106637,Control
4638,3,106638,Treatment
4639,3,106639,Control
4640,3,106640,Control
4641,3,106641,Treatment
4642,3,106642,Control
4643,3,106643,Control
4644,3,106644,Control
4645,3,106645,Control
4646,3,106646,Control
4647,3,106647,Treatment
4648,3,106648,Treatment
4649,3,106649,Treatment
4650,3,106650,Control
4651,3,106651,Treatment
4652,3,106652,Treatment
4653,3,106653,Treatment
4654,3,106654,Control
4655,3,106655,Treatment
4656,3,106656,Treatment
4657,3,106657,Treatment
4658,3,106658,Control
4659,3,106659,Treatment
4660,3,106660,Control
4661,3,106661,Control
4662,3,106662,Control
4663,3,106663,Treatment
4664,3,106664,Treatment
4665,3,106665,Treatment
4666,3,106666,Treatment
4667,3,106667,Control
4668,3,106668,Control
4669,3,106669,Treatment
4670,3,106670,Treatment
4671,3,106671,Control
4672,3,106672,Control
4673,3,106673,Treatment
4674,3,106674,Treatment
4675,3,106675,Treatment
4676,3,106676,Control
4677,3,106677,Control
4678,3,106678,Control
4679,3,106679,Control
4680,3,106680,Treatment
4681,3,106681,Treatment
4682,3,106682,Treatment
4683,3,106683,Treatment
4684,3,106684,Control
4685,3,106685,Control
4686,3,106686,Treatment
4687,3,106687,Control
4688,3,106688,Control
4689,3,106689,Control
4690,3,106690,Treatment
4691,3,106691,Treatment
4692,3,106692,Control
4693,3,106693,Treatment
4694,3,106694,Control
4695,3,106695,Treatment
4696,3,106696,Treatment
4697,3,106697,Treatment
4698,3,106698,Treatment
4699,3,106699,Treatment
4700,3,106700,Treatment
4701,3,106701,Treatment
4702,3,106702,Treatment
4703,3,106703,Control
4704,3,106704,Control
4705,3,106705,Control
4706,3,106706,Treatment
4707,3,106707,Treatment
4708,3,106708,Control
4709,3,106709,Control
4710,3,106710,Treatment
4711,3,106711,Treatment
4712,3,106712,Treatment
4713,3,106713,Control
4714,3,106714,Control
4715,3,106715,Control
4716,3,106716,Treatment
4717,3,106717,Treatment
4718,3,106718,Control
4719,3,106719,Treatment
4720,3,106720,Control
4721,3,106721,Control
4722,3,106722,Treatment
4723,3,106723,Treatment
4724,3,106724,Treatment
4725,3,106725,Control
4726,3,106726,Treatment
4727,3,106727,Control
4728,3,106728,Treatment
4729,3,106729,Control
4730,3,106730,Control
4731,3,106731,Control
4732,3,106732,Control
4733,3,106733,Treatment
4734,3,106734,Control
4735,3,106735,Treatment
4736,3,106736,Treatment
4737,3,106737,Control
4738,3,106738,Control
4739,3,106739,Treatment
4740,3,106740,Treatment
4741,3,106741,Treatment
4742,3,106742,Control
4743,3,106743,Treatment
4744,3,106744,Treatment
4745,3,106745,Control
4746,3,106746,Control
4747,3,106747,Control
4748,3,106748,Control
4749,3,106749,Treatment
4750,3,106750,Control
4751,3,106751,Treatment
4752,3,106752,Treatment
4753,3,106753,Control
4754,3,106754,Treatment
4755,3,106755,Control
4756,3,106756,Treatment
4757,3,106757,Control
4758,3,106758,Control
4759,3,106759,Treatment
4760,3,106760,Control
4761,3,106761,Control
4762,3,106762,Treatment
4763,3,106763,Control
4764,3,106764,Control
4765,3,106765,Treatment
4766,3,106766,Treatment
4767,3,106767,Treatment
4768,3,106768,Treatment
4769,3,106769,Control
4770,3,106770,Treatment
4771,3,106771,Control
4772,3,106772,Treatment
4773,3,106773,Treatment
4774,3,106774,Treatment
4775,3,106775,Treatment
4776,3,106776,Treatment
4777,3,106777,Treatment
4778,3,106778,Treatment
4779,3,106779,Treatment
4780,3,106780,Control
4781,3,106781,Treatment
4782,3,106782,Control
4783,3,106783,Treatment
4784,3,106784,Treatment
4785,3,106785,Control
4786,3,106786,Control
4787,3,106787,Treatment
4788,3,106788,Treatment
4789,3,106789,Control
4790,3,106790,Control
4791,3,106791,Treatment
4792,3,106792,Treatment
4793,3,106793,Control
4794,3,106794,Treatment
4795,3,106795,Control
4796,3,106796,Treatment
4797,3,106797,Control
4798,3,106798,Control
4799,3,106799,Control
4800,3,106800,Treatment
4801,3,106801,Control
4802,3,106802,Control
4803,3,106803,Control
4804,3,106804,Control
4805,3,106805,Control
4806,3,106806,Control
4807,3,106807,Treatment
4808,3,106808,Treatment
4809,3,106809,Control
4810,3,106810,Control
4811,3,106811,Treatment
4812,3,106812,Control
4813,3,106813,Control
4814,3,106814,Treatment
4815,3,106815,Treatment
4816,3,106816,Treatment
4817,3,106817,Treatment
4818,3,106818,Control
4819,3,106819,Treatment
4820,3,106820,Control
4821,3,106821,Treatment
4822,3,106822,Treatment
4823,3,106823,Treatment
4824,3,106824,Treatment
4825,3,106825,Control
4826,3,106826,Control
4827,3,106827,Treatment
4828,3,106828,Control
4829,3,106829,Control
4830,3,106830,Treatment
4831,3,106831,Control
4832,3,106832,Control
4833,3,106833,Control
4834,3,106834,Treatment
4835,3,106835,Control
4836,3,106836,Treatment
4837,3,106837,Treatment
4838,3,106838,Control
4839,3,106839,Treatment
4840,3,106840,Treatment
4841,3,106841,Control
4842,3,106842,Control
4843,3,106843,Treatment
4844,3,106844,Treatment
4845,3,106845,Control
4846,3,106846,Control
4847,3,106847,Control
4848,3,106848,Treatment
4849,3,106849,Control
4850,3,106850,Control
4851,3,106851,Treatment
4852,3,106852,Control
4853,3,106853,Treatment
4854,3,106854,Control
4855,3,106855,Treatment
4856,3,106856,Treatment
4857,3,106857,Control
4858,3,106858,Treatment
4859,3,106859,Control
4860,3,106860,Treatment
4861,3,106861,Treatment
4862,3,106862,Treatment
4863,3,106863,Control
4864,3,106864,Treatment
4865,3,106865,Control
4866,3,106866,Treatment
4867,3,106867,Control
4868,3,106868,Treatment
4869,3,106869,Control
4870,3,106870,Control
4871,3,106871,Treatment
4872,3,106872,Treatment
4873,3,106873,Control
4874,3,106874,Treatment
4875,3,106875,Treatment
4876,3,106876,Control
4877,3,106877,Control
4878,3,106878,Treatment
4879,3,106879,Treatment
4880,3,106880,Control
4881,3,106881,Control
4882,3,106882,Treatment
4883,3,106883,Treatment
4884,3,106884,Control
4885,3,106885,Control
4886,3,106886,Control
4887,3,106887,Control
4888,3,106888,Control
4889,3,106889,Treatment
4890,3,106890,Control
4891,3,106891,Treatment
4892,3,106892,Treatment
4893,3,106893,Treatment
4894,3,106894,Control
4895,3,106895,Treatment
4896,3,106896,Control
4897,3,106897,Control
4898,3,106898,Control
4899,3,106899,Treatment
4900,3,106900,Treatment
4901,3,106901,Control
4902,3,106902,Control
4903,3,106903,Control
4904,3,106904,Control
4905,3,106905,Treatment
4906,3,106906,Control
4907,3,106907,Treatment
4908,3,106908,Treatment
4909,3,106909,Control
4910,3,106910,Control
4911,3,106911,Control
4912,3,106912,Treatment
4913,3,106913,Control
4914,3,106914,Control
4915,3,106915,Treatment
4916,3,106916,Control
4917,3,106917,Treatment
4918,3,106918,Treatment
4919,3,106919,Control
4920,3,106920,Control
4921,3,106921,Treatment
4922,3,106922,Control
4923,3,106923,Control
4924,3,106924,Treatment
4925,3,106925,Treatment
4926,3,106926,Control
4927,3,106927,Control
4928,3,106928,Control
4929,3,106929,Treatment
4930,3,106930,Treatment
4931,3,106931,Treatment
4932,3,106932,Treatment
4933,3,106933,Control
4934,3,106934,Control
4935,3,106935,Treatment
4936,3,106936,Treatment
4937,3,106937,Treatment
4938,3,106938,Treatment
4939,3,106939,Treatment
4940,3,106940,Control
4941,3,106941,Treatment
4942,3,106942,Treatment
4943,3,106943,Control
4944,3,106944,Control
4945,3,106945,Control
4946,3,106946,Control
4947,3,106947,Treatment
4948,3,106948,Control
4949,3,106949,Control
4950,3,106950,Control
4951,3,106951,Control
4952,3,106952,Treatment
4953,3,106953,Control
4954,3,106954,Treatment
4955,3,106955,Treatment
4956,3,106956,Treatment
4957,3,106957,Treatment
4958,3,106958,Treatment
4959,3,106959,Treatment
4960,3,106960,Control
4961,3,106961,Control
4962,3,106962,Control
4963,3,106963,Treatment
4964,3,106964,Treatment
4965,3,106965,Treatment
4966,3,106966,Control
4967,3,106967,Treatment
4968,3,106968,Control
4969,3,106969,Treatment
4970,3,106970,Treatment
4971,3,106971,Treatment
4972,3,106972,Control
4973,3,106973,Treatment
4974,3,106974,Treatment
4975,3,106975,Control
4976,3,106976,Treatment
4977,3,106977,Treatment
4978,3,106978,Control
4979,3,106979,Treatment
4980,3,106980,Control
4981,3,106981,Control
4982,3,106982,Treatment
4983,3,106983,Control
4984,3,106984,Treatment
4985,3,106985,Control
4986,3,106986,Control
4987,3,106987,Control
4988,3,106988,Control
4989,3,106989,Control
4990,3,106990,Control
4991,3,106991,Treatment
4992,3,106992,Control
4993,3,106993,Treatment
4994,3,106994,Control
4995,3,106995,Control
4996,3,106996,Control
4997,3,106997,Control
4998,3,106998,Control
4999,3,106999,Treatment
5000,3,107000,Control
5001,3,107001,Control
5002,3,107002,Control
5003,3,107003,Treatment
5004,3,107004,Treatment
5005,3,107005,Control
5006,3,107006,Treatment
5007,3,107007,Control
5008,3,107008,Control
5009,3,107009,Treatment
5010,3,107010,Treatment
5011,3,107011,Control
5012,3,107012,Control
5013,3,107013,Control
5014,3,107014,Control
5015,3,107015,Control
5016,3,107016,Treatment
5017,3,107017,Treatment
5018,3,107018,Control
5019,3,107019,Treatment
5020,3,107020,Treatment
5021,3,107021,Treatment
5022,3,107022,Treatment
5023,3,107023,Control
5024,3,107024,Control
5025,3,107025,Treatment
5026,3,107026,Treatment
5027,3,107027,Treatment
5028,3,107028,Treatment
5029,3,107029,Control
5030,3,107030,Control
5031,3,107031,Control
5032,3,107032,Control
5033,3,107033,Treatment
5034,3,107034,Control
5035,3,107035,Treatment
5036,3,107036,Treatment
5037,3,107037,Treatment
5038,3,107038,Treatment
5039,3,107039,Control
5040,3,107040,Treatment
5041,3,107041,Control
5042,3,107042,Control
5043,3,107043,Treatment
5044,3,107044,Treatment
5045,3,107045,Control
5046,3,107046,Control
5047,3,107047,Treatment
5048,3,107048,Treatment
5049,3,107049,Treatment
5050,3,107050,Control
5051,3,107051,Treatment
5052,3,107052,Treatment
5053,3,107053,Treatment
5054,3,107054,Treatment
5055,3,107055,Control
5056,3,107056,Control
5057,3,107057,Treatment
5058,3,107058,Control
5059,3,107059,Treatment
5060,3,107060,Control
5061,3,107061,Treatment
5062,3,107062,Control
5063,3,107063,Treatment
5064,3,107064,Control
5065,3,107065,Control
5066,3,107066,Treatment
5067,3,107067,Control
5068,3,107068,Treatment
5069,3,107069,Control
5070,3,107070,Treatment
5071,3,107071,Control
5072,3,107072,Treatment
5073,3,107073,Control
5074,3,107074,Control
5075,3,107075,Treatment
5076,3,107076,Treatment
5077,3,107077,Treatment
5078,3,107078,Treatment
5079,3,107079,Control
5080,3,107080,Treatment
5081,3,107081,Treatment
5082,3,107082,Treatment
5083,3,107083,Treatment
5084,3,107084,Control
5085,3,107085,Treatment
5086,3,107086,Control
5087,3,107087,Treatment
5088,3,107088,Treatment
5089,3,107089,Control
5090,3,107090,Control
5091,3,107091,Treatment
5092,3,107092,Treatment
5093,3,107093,Control
5094,3,107094,Treatment
5095,3,107095,Control
5096,3,107096,Treatment
5097,3,107097,Control
5098,3,107098,Control
5099,3,107099,Treatment
5100,3,107100,Control
5101,3,107101,Treatment
5102,3,107102,Treatment
5103,3,107103,Control
5104,3,107104,Control
5105,3,107105,Control
5106,3,107106,Treatment
5107,3,107107,Control
5108,3,107108,Treatment
5109,3,107109,Treatment
5110,3,107110,Treatment
5111,3,107111,Treatment
5112,3,107112,Treatment
5113,3,107113,Control
5114,3,107114,Control
5115,3,107115,Control
5116,3,107116,Treatment
5117,3,107117,Control
5118,3,107118,Treatment
5119,3,107119,Control
5120,3,107120,Control
5121,3,107121,Control
5122,3,107122,Treatment
5123,3,107123,Treatment
5124,3,107124,Treatment
5125,3,107125,Control
5126,3,107126,Control
5127,3,107127,Treatment
5128,3,107128,Control
5129,3,107129,Control
5130,3,107130,Treatment
5131,3,107131,Control
5132,3,107132,Control
5133,3,107133,Control
5134,3,107134,Treatment
5135,3,107135,Control
5136,3,107136,Control
5137,3,107137,Treatment
5138,3,107138,Control
5139,3,107139,Treatment
5140,3,107140,Treatment
5141,3,107141,Treatment
5142,3,107142,Treatment
5143,3,107143,Treatment
5144,3,107144,Control
5145,3,107145,Control
5146,3,107146,Control
5147,3,107147,Treatment
5148,3,107148,Treatment
5149,3,107149,Treatment
5150,3,107150,Treatment
5151,3,107151,Treatment
5152,3,107152,Treatment
5153,3,107153,Control
5154,3,107154,Control
5155,3,107155,Control
5156,3,107156,Control
5157,3,107157,Control
5158,3,107158,Treatment
5159,3,107159,Treatment
5160,3,107160,Control
5161,3,107161,Control
5162,3,107162,Treatment
5163,3,107163,Treatment
5164,3,107164,Control
5165,3,107165,Treatment
5166,3,107166,Treatment
5167,3,107167,Treatment
5168,3,107168,Control
5169,3,107169,Control
5170,3,107170,Control
5171,3,107171,Control
5172,3,107172,Treatment
5173,3,107173,Treatment
5174,3,107174,Control
5175,3,107175,Treatment
5176,3,107176,Treatment
5177,3,107177,Treatment
5178,3,107178,Treatment
5179,3,107179,Control
5180,3,107180,Treatment
5181,3,107181,Control
5182,3,107182,Control
5183,3,107183,Treatment
5184,3,107184,Treatment
5185,3,107185,Control
5186,3,107186,Treatment
5187,3,107187,Treatment
5188,3,107188,Treatment
5189,3,107189,Treatment
5190,3,107190,Treatment
5191,3,107191,Control
5192,3,107192,Control
5193,3,107193,Control
5194,3,107194,Treatment
5195,3,107195,Treatment
5196,3,107196,Control
5197,3,107197,Control
5198,3,107198,Treatment
5199,3,107199,Control
5200,3,107200,Control
5201,3,107201,Treatment
5202,3,107202,Control
5203,3,107203,Control
5204,3,107204,Treatment
5205,3,107205,Control
5206,3,107206,Control
5207,3,107207,Control
5208,3,107208,Treatment
5209,3,107209,Control
5210,3,107210,Treatment
5211,3,107211,Control
5212,3,107212,Treatment
5213,3,107213,Treatment
5214,3,107214,Control
5215,3,107215,Control
5216,3,107216,Treatment
5217,3,107217,Control
5218,3,107218,Treatment
5219,3,107219,Treatment
5220,3,107220,Control
5221,3,107221,Control
5222,3,107222,Control
5223,3,107223,Control
5224,3,107224,Control
5225,3,107225,Control
5226,3,107226,Control
5227,3,107227,Treatment
5228,3,107228,Control
5229,3,107229,Treatment
5230,3,107230,Control
5231,3,107231,Control
5232,3,107232,Control
5233,3,107233,Control
5234,3,107234,Control
5235,3,107235,Control
5236,3,107236,Control
5237,3,107237,Treatment
5238,3,107238,Control
5239,3,107239,Control
5240,3,107240,Control
5241,3,107241,Treatment
5242,3,107242,Treatment
5243,3,107243,Treatment
5244,3,107244,Treatment
5245,3,107245,Treatment
5246,3,107246,Treatment
5247,3,107247,Treatment
5248,3,107248,Treatment
5249,3,107249,Control
5250,3,107250,Treatment
5251,3,107251,Treatment
5252,3,107252,Control
5253,3,107253,Control
5254,3,107254,Control
5255,3,107255,Control
5256,3,107256,Treatment
5257,3,107257,Treatment
5258,3,107258,Control
5259,3,107259,Treatment
5260,3,107260,Treatment
5261,3,107261,Treatment
5262,3,107262,Treatment
5263,3,107263,Treatment
5264,3,107264,Control
5265,3,107265,Treatment
5266,3,107266,Control
5267,3,107267,Treatment
5268,3,107268,Treatment
5269,3,107269,Treatment
5270,3,107270,Treatment
5271,3,107271,Control
5272,3,107272,Control
5273,3,107273,Control
5274,3,107274,Treatment
5275,3,107275,Treatment
5276,3,107276,Control
5277,3,107277,Treatment
5278,3,107278,Control
5279,3,107279,Treatment
5280,3,107280,Treatment
5281,3,107281,Treatment
5282,3,107282,Treatment
5283,3,107283,Treatment
5284,3,107284,Treatment
5285,3,107285,Control
5286,3,107286,Control
5287,3,107287,Treatment
5288,3,107288,Control
5289,3,107289,Control
5290,3,107290,Control
5291,3,107291,Treatment
5292,3,107292,Treatment
5293,3,107293,Control
5294,3,107294,Treatment
5295,3,107295,Control
5296,3,107296,Treatment
5297,3,107297,Treatment
5298,3,107298,Treatment
5299,3,107299,Treatment
5300,3,107300,Control
5301,3,107301,Treatment
5302,3,107302,Control
5303,3,107303,Control
5304,3,107304,Treatment
5305,3,107305,Treatment
5306,3,107306,Control
5307,3,107307,Control
5308,3,107308,Treatment
5309,3,107309,Treatment
5310,3,107310,Treatment
5311,3,107311,Treatment
5312,3,107312,Treatment
5313,3,107313,Control
5314,3,107314,Treatment
5315,3,107315,Treatment
5316,3,107316,Control
5317,3,107317,Control
5318,3,107318,Treatment
5319,3,107319,Treatment
5320,3,107320,Treatment
5321,3,107321,Control
5322,3,107322,Control
5323,3,107323,Control
5324,3,107324,Control
5325,3,107325,Treatment
5326,3,107326,Control
5327,3,107327,Control
5328,3,107328,Treatment
5329,3,107329,Control
5330,3,107330,Treatment
5331,3,107331,Control
5332,3,107332,Control
5333,3,107333,Treatment
5334,3,107334,Control
5335,3,107335,Treatment
5336,3,107336,Treatment
5337,3,107337,Control
5338,3,107338,Control
5339,3,107339,Treatment
5340,3,107340,Treatment
5341,3,107341,Control
5342,3,107342,Control
5343,3,107343,Control
5344,3,107344,Treatment
5345,3,107345,Control
5346,3,107346,Control
5347,3,107347,Treatment
5348,3,107348,Treatment
5349,3,107349,Treatment
5350,3,107350,Control
5351,3,107351,Control
5352,3,107352,Control
5353,3,107353,Control
5354,3,107354,Treatment
5355,3,107355,Control
5356,3,107356,Treatment
5357,3,107357,Control
5358,3,107358,Treatment
5359,3,107359,Control
5360,3,107360,Treatment
5361,3,107361,Treatment
5362,3,107362,Treatment
5363,3,107363,Control
5364,3,107364,Treatment
5365,3,107365,Control
5366,3,107366,Treatment
5367,3,107367,Control
5368,3,107368,Control
5369,3,107369,Control
5370,3,107370,Control
5371,3,107371,Treatment
5372,3,107372,Control
5373,3,107373,Treatment
5374,3,107374,Treatment
5375,3,107375,Treatment
5376,3,107376,Treatment
5377,3,107377,Control
5378,3,107378,Treatment
5379,3,107379,Treatment
5380,3,107380,Treatment
5381,3,107381,Control
5382,3,107382,Treatment
5383,3,107383,Treatment
5384,3,107384,Control
5385,3,107385,Control
5386,3,107386,Control
5387,3,107387,Control
5388,3,107388,Treatment
5389,3,107389,Control
5390,3,107390,Treatment
5391,3,107391,Treatment
5392,3,107392,Control
5393,3,107393,Treatment
5394,3,107394,Control
5395,3,107395,Treatment
5396,3,107396,Treatment
5397,3,107397,Control
5398,3,107398,Treatment
5399,3,107399,Treatment
5400,3,107400,Control
5401,3,107401,Treatment
5402,3,107402,Treatment
5403,3,107403,Treatment
5404,3,107404,Control
5405,3,107405,Control
5406,3,107406,Control
5407,3,107407,Control
5408,3,107408,Control
5409,3,107409,Treatment
5410,3,107410,Control
5411,3,107411,Control
5412,3,107412,Treatment
5413,3,107413,Treatment
5414,3,107414,Control
5415,3,107415,Treatment
5416,3,107416,Treatment
5417,3,107417,Control
5418,3,107418,Treatment
5419,3,107419,Control
5420,3,107420,Control
5421,3,107421,Treatment
5422,3,107422,Treatment
5423,3,107423,Treatment
5424,3,107424,Control
5425,3,107425,Control
5426,3,107426,Control
5427,3,107427,Control
5428,3,107428,Treatment
5429,3,107429,Treatment
5430,3,107430,Control
5431,3,107431,Treatment
5432,3,107432,Control
5433,3,107433,Treatment
5434,3,107434,Treatment
5435,3,107435,Control
5436,3,107436,Treatment
5437,3,107437,Control
5438,3,107438,Control
5439,3,107439,Control
5440,3,107440,Control
5441,3,107441,Control
5442,3,107442,Treatment
5443,3,107443,Treatment
5444,3,107444,Treatment
5445,3,107445,Treatment
5446,3,107446,Control
5447,3,107447,Treatment
5448,3,107448,Treatment
5449,3,107449,Treatment
5450,3,107450,Control
5451,3,107451,Treatment
5452,3,107452,Treatment
5453,3,107453,Control
5454,3,107454,Treatment
5455,3,107455,Control
5456,3,107456,Control
5457,3,107457,Treatment
5458,3,107458,Treatment
5459,3,107459,Control
5460,3,107460,Control
5461,3,107461,Treatment
5462,3,107462,Treatment
5463,3,107463,Treatment
5464,3,107464,Control
5465,3,107465,Treatment
5466,3,107466,Treatment
5467,3,107467,Treatment
5468,3,107468,Control
5469,3,107469,Treatment
5470,3,107470,Treatment
5471,3,107471,Control
5472,3,107472,Control
5473,3,107473,Treatment
5474,3,107474,Control
5475,3,107475,Treatment
5476,3,107476,Treatment
5477,3,107477,Control
5478,3,107478,Control
5479,3,107479,Control
5480,3,107480,Control
5481,3,107481,Treatment
5482,3,107482,Control
5483,3,107483,Control
5484,3,107484,Control
5485,3,107485,Treatment
5486,3,107486,Control
5487,3,107487,Treatment
5488,3,107488,Treatment
5489,3,107489,Treatment
5490,3,107490,Treatment
5491,3,107491,Control
5492,3,107492,Control
5493,3,107493,Treatment
5494,3,107494,Control
5495,3,107495,Treatment
5496,3,107496,Control
5497,3,107497,Control
5498,3,107498,Control
5499,3,107499,Treatment
5500,3,107500,Control
5501,3,107501,Control
5502,3,107502,Control
5503,3,107503,Control
5504,3,107504,Control
5505,3,107505,Control
5506,3,107506,Treatment
5507,3,107507,Treatment
5508,3,107508,Treatment
5509,3,107509,Control
5510,3,107510,Treatment
5511,3,107511,Control
5512,3,107512,Control
5513,3,107513,Treatment
5514,3,107514,Control
5515,3,107515,Treatment
5516,3,107516,Control
5517,3,107517,Treatment
5518,3,107518,Treatment
5519,3,107519,Control
5520,3,107520,Treatment
5521,3,107521,Control
5522,3,107522,Control
5523,3,107523,Treatment
5524,3,107524,Control
5525,3,107525,Control
5526,3,107526,Control
5527,3,107527,Treatment
5528,3,107528,Control
5529,3,107529,Control
5530,3,107530,Treatment
5531,3,107531,Treatment
5532,3,107532,Control
5533,3,107533,Treatment
5534,3,107534,Control
5535,3,107535,Treatment
5536,3,107536,Control
5537,3,107537,Control
5538,3,107538,Treatment
5539,3,107539,Treatment
5540,3,107540,Treatment
5541,3,107541,Control
5542,3,107542,Control
5543,3,107543,Control
5544,3,107544,Treatment
5545,3,107545,Control
5546,3,107546,Control
5547,3,107547,Treatment
5548,3,107548,Control
5549,3,107549,Control
5550,3,107550,Control
5551,3,107551,Control
5552,3,107552,Control
5553,3,107553,Control
5554,3,107554,Treatment
5555,3,107555,Control
5556,3,107556,Treatment
5557,3,107557,Control
5558,3,107558,Control
5559,3,107559,Treatment
5560,3,107560,Treatment
5561,3,107561,Treatment
5562,3,107562,Control
5563,3,107563,Control
5564,3,107564,Control
5565,3,107565,Control
5566,3,107566,Control
5567,3,107567,Control
5568,3,107568,Control
5569,3,107569,Control
5570,3,107570,Control
5571,3,107571,Control
5572,3,107572,Treatment
5573,3,107573,Control
5574,3,107574,Treatment
5575,3,107575,Treatment
5576,3,107576,Treatment
5577,3,107577,Treatment
5578,3,107578,Control
5579,3,107579,Treatment
5580,3,107580,Control
5581,3,107581,Control
5582,3,107582,Control
5583,3,107583,Control
5584,3,107584,Control
5585,3,107585,Treatment
5586,3,107586,Treatment
5587,3,107587,Control
5588,3,107588,Treatment
5589,3,107589,Treatment
5590,3,107590,Treatment
5591,3,107591,Treatment
5592,3,107592,Treatment
5593,3,107593,Treatment
5594,3,107594,Control
5595,3,107595,Control
5596,3,107596,Control
5597,3,107597,Treatment
5598,3,107598,Control
5599,3,107599,Control
5600,3,107600,Control
5601,3,107601,Control
5602,3,107602,Treatment
5603,3,107603,Control
5604,3,107604,Treatment
5605,3,107605,Treatment
5606,3,107606,Control
5607,3,107607,Treatment
5608,3,107608,Control
5609,3,107609,Control
5610,3,107610,Control
5611,3,107611,Control
5612,3,107612,Control
5613,3,107613,Control
5614,3,107614,Control
5615,3,107615,Treatment
5616,3,107616,Treatment
5617,3,107617,Treatment
5618,3,107618,Control
5619,3,107619,Treatment
5620,3,107620,Control
5621,3,107621,Treatment
5622,3,107622,Treatment
5623,3,107623,Treatment
5624,3,107624,Treatment
5625,3,107625,Control
5626,3,107626,Treatment
5627,3,107627,Treatment
5628,3,107628,Treatment
5629,3,107629,Control
5630,3,107630,Control
5631,3,107631,Control
5632,3,107632,Control
5633,3,107633,Control
5634,3,107634,Control
5635,3,107635,Control
5636,3,107636,Control
5637,3,107637,Control
5638,3,107638,Control
5639,3,107639,Treatment
5640,3,107640,Control
5641,3,107641,Treatment
5642,3,107642,Control
5643,3,107643,Control
5644,3,107644,Control
5645,3,107645,Treatment
5646,3,107646,Treatment
5647,3,107647,Treatment
5648,3,107648,Control
5649,3,107649,Treatment
5650,3,107650,Control
5651,3,107651,Treatment
5652,3,107652,Control
5653,3,107653,Control
5654,3,107654,Treatment
5655,3,107655,Treatment
5656,3,107656,Treatment
5657,3,107657,Treatment
5658,3,107658,Control
5659,3,107659,Control
5660,3,107660,Control
5661,3,107661,Treatment
5662,3,107662,Control
5663,3,107663,Treatment
5664,3,107664,Control
5665,3,107665,Treatment
5666,3,107666,Treatment
5667,3,107667,Treatment
5668,3,107668,Control
5669,3,107669,Treatment
5670,3,107670,Control
5671,3,107671,Control
5672,3,107672,Control
5673,3,107673,Treatment
5674,3,107674,Control
5675,3,107675,Control
5676,3,107676,Control
5677,3,107677,Control
5678,3,107678,Treatment
5679,3,107679,Control
5680,3,107680,Treatment
5681,3,107681,Treatment
5682,3,107682,Treatment
5683,3,107683,Control
5684,3,107684,Control
5685,3,107685,Treatment
5686,3,107686,Control
5687,3,107687,Control
5688,3,107688,Control
5689,3,107689,Control
5690,3,107690,Treatment
5691,3,107691,Control
5692,3,107692,Treatment
5693,3,107693,Control
5694,3,107694,Control
5695,3,107695,Control
5696,3,107696,Control
5697,3,107697,Control
5698,3,107698,Treatment
5699,3,107699,Treatment
5700,3,107700,Treatment
5701,3,107701,Control
5702,3,107702,Treatment
5703,3,107703,Control
5704,3,107704,Control
5705,3,107705,Control
5706,3,107706,Treatment
5707,3,107707,Treatment
5708,3,107708,Treatment
5709,3,107709,Control
5710,3,107710,Control
5711,3,107711,Treatment
5712,3,107712,Control
5713,3,107713,Treatment
5714,3,107714,Control
5715,3,107715,Control
5716,3,107716,Treatment
5717,3,107717,Control
5718,3,107718,Control
5719,3,107719,Treatment
5720,3,107720,Treatment
5721,3,107721,Control
5722,3,107722,Control
5723,3,107723,Control
5724,3,107724,Control
5725,3,107725,Control
5726,3,107726,Control
5727,3,107727,Treatment
5728,3,107728,Control
5729,3,107729,Control
5730,3,107730,Control
5731,3,107731,Control
5732,3,107732,Treatment
5733,3,107733,Control
5734,3,107734,Treatment
5735,3,107735,Treatment
5736,3,107736,Control
5737,3,107737,Treatment
5738,3,107738,Control
5739,3,107739,Treatment
5740,3,107740,Treatment
5741,3,107741,Control
5742,3,107742,Control
5743,3,107743,Treatment
5744,3,107744,Control
5745,3,107745,Control
5746,3,107746,Control
5747,3,107747,Control
5748,3,107748,Control
5749,3,107749,Treatment
5750,3,107750,Treatment
5751,3,107751,Control
5752,3,107752,Control
5753,3,107753,Control
5754,3,107754,Treatment
5755,3,107755,Control
5756,3,107756,Treatment
5757,3,107757,Treatment
5758,3,107758,Control
5759,3,107759,Treatment
5760,3,107760,Control
5761,3,107761,Control
5762,3,107762,Control
5763,3,107763,Treatment
5764,3,107764,Treatment
5765,3,107765,Treatment
5766,3,107766,Control
5767,3,107767,Treatment
5768,3,107768,Treatment
5769,3,107769,Treatment
5770,3,107770,Treatment
5771,3,107771,Treatment
5772,3,107772,Treatment
5773,3,107773,Treatment
5774,3,107774,Treatment
5775,3,107775,Control
5776,3,107776,Control
5777,3,107777,Treatment
5778,3,107778,Control
5779,3,107779,Treatment
5780,3,107780,Control
5781,3,107781,Control
5782,3,107782,Control
5783,3,107783,Control
5784,3,107784,Treatment
5785,3,107785,Control
5786,3,107786,Treatment
5787,3,107787,Control
5788,3,107788,Control
5789,3,107789,Treatment
5790,3,107790,Control
5791,3,107791,Treatment
5792,3,107792,Treatment
5793,3,107793,Control
5794,3,107794,Treatment
5795,3,107795,Control
5796,3,107796,Treatment
5797,3,107797,Control
5798,3,107798,Control
5799,3,107799,Treatment
5800,3,107800,Treatment
5801,3,107801,Control
5802,3,107802,Treatment
5803,3,107803,Control
5804,3,107804,Treatment
5805,3,107805,Control
5806,3,107806,Treatment
5807,3,107807,Control
5808,3,107808,Treatment
5809,3,107809,Control
5810,3,107810,Treatment
5811,3,107811,Control
5812,3,107812,Control
5813,3,107813,Treatment
5814,3,107814,Treatment
5815,3,107815,Treatment
5816,3,107816,Control
5817,3,107817,Treatment
5818,3,107818,Control
5819,3,107819,Treatment
5820,3,107820,Control
5821,3,107821,Treatment
5822,3,107822,Control
5823,3,107823,Treatment
5824,3,107824,Treatment
5825,3,107825,Control
5826,3,107826,Control
5827,3,107827,Control
5828,3,107828,Control
5829,3,107829,Control
5830,3,107830,Treatment
5831,3,107831,Treatment
5832,3,107832,Treatment
5833,3,107833,Control
5834,3,107834,Control
5835,3,107835,Control
5836,3,107836,Treatment
5837,3,107837,Treatment
5838,3,107838,Treatment
5839,3,107839,Treatment
5840,3,107840,Control
5841,3,107841,Control
5842,3,107842,Treatment
5843,3,107843,Control
5844,3,107844,Treatment
5845,3,107845,Treatment
5846,3,107846,Treatment
5847,3,107847,Treatment
5848,3,107848,Control
5849,3,107849,Treatment
5850,3,107850,Control
5851,3,107851,Treatment
5852,3,107852,Control
5853,3,107853,Control
5854,3,107854,Treatment
5855,3,107855,Treatment
5856,3,107856,Treatment
5857,3,107857,Control
5858,3,107858,Treatment
5859,3,107859,Treatment
5860,3,107860,Control
5861,3,107861,Control
5862,3,107862,Control
5863,3,107863,Control
5864,3,107864,Control
5865,3,107865,Treatment
5866,3,107866,Control
5867,3,107867,Control
5868,3,107868,Control
5869,3,107869,Treatment
5870,3,107870,Control
5871,3,107871,Control
5872,3,107872,Treatment
5873,3,107873,Control
5874,3,107874,Control
5875,3,107875,Treatment
5876,3,107876,Treatment
5877,3,107877,Treatment
5878,3,107878,Treatment
5879,3,107879,Control
5880,3,107880,Control
5881,3,107881,Treatment
5882,3,107882,Control
5883,3,107883,Control
5884,3,107884,Control
5885,3,107885,Control
5886,3,107886,Treatment
5887,3,107887,Treatment
5888,3,107888,Treatment
5889,3,107889,Treatment
5890,3,107890,Control
5891,3,107891,Control
5892,3,107892,Treatment
5893,3,107893,Control
5894,3,107894,Treatment
5895,3,107895,Control
5896,3,107896,Control
5897,3,107897,Treatment
5898,3,107898,Treatment
5899,3,107899,Treatment
5900,3,107900,Treatment
5901,3,107901,Treatment
5902,3,107902,Control
5903,3,107903,Treatment
5904,3,107904,Treatment
5905,3,107905,Treatment
5906,3,107906,Control
5907,3,107907,Treatment
5908,3,107908,Treatment
5909,3,107909,Treatment
5910,3,107910,Control
5911,3,107911,Treatment
5912,3,107912,Control
5913,3,107913,Treatment
5914,3,107914,Control
5915,3,107915,Control
5916,3,107916,Treatment
5917,3,107917,Control
5918,3,107918,Treatment
5919,3,107919,Control
5920,3,107920,Control
5921,3,107921,Treatment
5922,3,107922,Control
5923,3,107923,Treatment
5924,3,107924,Control
5925,3,107925,Treatment
5926,3,107926,Treatment
5927,3,107927,Control
5928,3,107928,Control
5929,3,107929,Treatment
5930,3,107930,Treatment
5931,3,107931,Treatment
5932,3,107932,Control
5933,3,107933,Treatment
5934,3,107934,Control
5935,3,107935,Control
5936,3,107936,Control
5937,3,107937,Control
5938,3,107938,Control
5939,3,107939,Treatment
5940,3,107940,Treatment
5941,3,107941,Treatment
5942,3,107942,Control
5943,3,107943,Control
5944,3,107944,Control
5945,3,107945,Treatment
5946,3,107946,Control
5947,3,107947,Control
5948,3,107948,Treatment
5949,3,107949,Treatment
5950,3,107950,Control
5951,3,107951,Treatment
5952,3,107952,Treatment
5953,3,107953,Control
5954,3,107954,Treatment
5955,3,107955,Control
5956,3,107956,Treatment
5957,3,107957,Control
5958,3,107958,Treatment
5959,3,107959,Control
5960,3,107960,Treatment
5961,3,107961,Treatment
5962,3,107962,Control
5963,3,107963,Treatment
5964,3,107964,Control
5965,3,107965,Treatment
5966,3,107966,Control
5967,3,107967,Control
5968,3,107968,Control
5969,3,107969,Control
5970,3,107970,Control
5971,3,107971,Control
5972,3,107972,Control
5973,3,107973,Treatment
5974,3,107974,Treatment
5975,3,107975,Treatment
5976,3,107976,Treatment
5977,3,107977,Control
5978,3,107978,Treatment
5979,3,107979,Treatment
5980,3,107980,Treatment
5981,3,107981,Control
5982,3,107982,Control
5983,3,107983,Control
5984,3,107984,Treatment
5985,3,107985,Treatment
5986,3,107986,Treatment
5987,3,107987,Control
5988,3,107988,Control
5989,3,107989,Control
5990,3,107990,Treatment
5991,3,107991,Control
5992,3,107992,Control
5993,3,107993,Treatment
5994,3,107994,Treatment
5995,3,107995,Control
5996,3,107996,Control
5997,3,107997,Control
5998,3,107998,Control
5999,3,107999,Control
6000,3,108000,Treatment
6001,3,108001,Treatment
6002,3,108002,Control
6003,3,108003,Control
6004,3,108004,Treatment
6005,3,108005,Treatment
6006,3,108006,Control
6007,3,108007,Treatment
6008,3,108008,Control
6009,3,108009,Control
6010,3,108010,Treatment
6011,3,108011,Control
6012,3,108012,Treatment
6013,3,108013,Treatment
6014,3,108014,Control
6015,3,108015,Treatment
6016,3,108016,Treatment
6017,3,108017,Treatment
6018,3,108018,Control
6019,3,108019,Treatment
6020,3,108020,Control
6021,3,108021,Control
6022,3,108022,Treatment
6023,3,108023,Control
6024,3,108024,Control
6025,3,108025,Treatment
6026,3,108026,Control
6027,3,108027,Control
6028,3,108028,Treatment
6029,3,108029,Treatment
6030,3,108030,Control
6031,3,108031,Treatment
6032,3,108032,Control
6033,3,108033,Treatment
6034,3,108034,Control
6035,3,108035,Control
6036,3,108036,Treatment
6037,3,108037,Treatment
6038,3,108038,Treatment
6039,3,108039,Control
6040,3,108040,Control
6041,3,108041,Control
6042,3,108042,Treatment
6043,3,108043,Control
6044,3,108044,Control
6045,3,108045,Treatment
6046,3,108046,Control
6047,3,108047,Treatment
6048,3,108048,Control
6049,3,108049,Treatment
6050,3,108050,Treatment
6051,3,108051,Treatment
6052,3,108052,Control
6053,3,108053,Treatment
6054,3,108054,Control
6055,3,108055,Control
6056,3,108056,Control
6057,3,108057,Treatment
6058,3,108058,Treatment
6059,3,108059,Treatment
6060,3,108060,Treatment
6061,3,108061,Treatment
6062,3,108062,Control
6063,3,108063,Control
6064,3,108064,Control
6065,3,108065,Control
6066,3,108066,Treatment
6067,3,108067,Treatment
6068,3,108068,Treatment
6069,3,108069,Treatment
6070,3,108070,Control
6071,3,108071,Treatment
6072,3,108072,Treatment
6073,3,108073,Treatment
6074,3,108074,Treatment
6075,3,108075,Control
6076,3,108076,Control
6077,3,108077,Treatment
6078,3,108078,Control
6079,3,108079,Treatment
6080,3,108080,Control
6081,3,108081,Treatment
6082,3,108082,Treatment
6083,3,108083,Treatment
6084,3,108084,Treatment
6085,3,108085,Control
6086,3,108086,Control
6087,3,108087,Treatment
6088,3,108088,Treatment
6089,3,108089,Control
6090,3,108090,Control
6091,3,108091,Control
6092,3,108092,Control
6093,3,108093,Control
6094,3,108094,Control
6095,3,108095,Control
6096,3,108096,Control
6097,3,108097,Treatment
6098,3,108098,Control
6099,3,108099,Control
6100,3,108100,Control
6101,3,108101,Treatment
6102,3,108102,Treatment
6103,3,108103,Treatment
6104,3,108104,Treatment
6105,3,108105,Treatment
6106,3,108106,Treatment
6107,3,108107,Control
6108,3,108108,Control
6109,3,108109,Treatment
6110,3,108110,Treatment
6111,3,108111,Treatment
6112,3,108112,Control
6113,3,108113,Control
6114,3,108114,Control
6115,3,108115,Control
6116,3,108116,Control
6117,3,108117,Treatment
6118,3,108118,Control
6119,3,108119,Control
6120,3,108120,Treatment
6121,3,108121,Treatment
6122,3,108122,Treatment
6123,3,108123,Control
6124,3,108124,Treatment
6125,3,108125,Control
6126,3,108126,Treatment
6127,3,108127,Treatment
6128,3,108128,Control
6129,3,108129,Control
6130,3,108130,Treatment
6131,3,108131,Control
6132,3,108132,Control
6133,3,108133,Treatment
6134,3,108134,Control
6135,3,108135,Control
6136,3,108136,Control
6137,3,108137,Treatment
6138,3,108138,Treatment
6139,3,108139,Control
6140,3,108140,Control
6141,3,108141,Control
6142,3,108142,Treatment
6143,3,108143,Control
6144,3,108144,Control
6145,3,108145,Control
6146,3,108146,Control
6147,3,108147,Treatment
6148,3,108148,Control
6149,3,108149,Control
6150,3,108150,Control
6151,3,108151,Control
6152,3,108152,Control
6153,3,108153,Control
6154,3,108154,Treatment
6155,3,108155,Treatment
6156,3,108156,Treatment
6157,3,108157,Control
6158,3,108158,Control
6159,3,108159,Treatment
6160,3,108160,Treatment
6161,3,108161,Treatment
6162,3,108162,Control
6163,3,108163,Treatment
6164,3,108164,Treatment
6165,3,108165,Control
6166,3,108166,Control
6167,3,108167,Treatment
6168,3,108168,Control
6169,3,108169,Treatment
6170,3,108170,Control
6171,3,108171,Treatment
6172,3,108172,Treatment
6173,3,108173,Control
6174,3,108174,Treatment
6175,3,108175,Treatment
6176,3,108176,Treatment
6177,3,108177,Control
6178,3,108178,Treatment
6179,3,108179,Control
6180,3,108180,Control
6181,3,108181,Control
6182,3,108182,Control
6183,3,108183,Control
6184,3,108184,Control
6185,3,108185,Control
6186,3,108186,Treatment
6187,3,108187,Control
6188,3,108188,Control
6189,3,108189,Control
6190,3,108190,Control
6191,3,108191,Treatment
6192,3,108192,Control
6193,3,108193,Control
6194,3,108194,Control
6195,3,108195,Control
6196,3,108196,Treatment
6197,3,108197,Control
6198,3,108198,Treatment
6199,3,108199,Control
6200,3,108200,Treatment
6201,3,108201,Control
6202,3,108202,Treatment
6203,3,108203,Control
6204,3,108204,Treatment
6205,3,108205,Control
6206,3,108206,Treatment
6207,3,108207,Control
6208,3,108208,Treatment
6209,3,108209,Treatment
6210,3,108210,Treatment
6211,3,108211,Treatment
6212,3,108212,Control
6213,3,108213,Control
6214,3,108214,Control
6215,3,108215,Treatment
6216,3,108216,Treatment
6217,3,108217,Control
6218,3,108218,Treatment
6219,3,108219,Control
6220,3,108220,Control
6221,3,108221,Treatment
6222,3,108222,Control
6223,3,108223,Treatment
6224,3,108224,Treatment
6225,3,108225,Control
6226,3,108226,Treatment
6227,3,108227,Control
6228,3,108228,Control
6229,3,108229,Treatment
6230,3,108230,Treatment
6231,3,108231,Treatment
6232,3,108232,Control
6233,3,108233,Treatment
6234,3,108234,Control
6235,3,108235,Treatment
6236,3,108236,Control
6237,3,108237,Treatment
6238,3,108238,Control
6239,3,108239,Treatment
6240,3,108240,Treatment
6241,3,108241,Control
6242,3,108242,Control
6243,3,108243,Control
6244,3,108244,Control
6245,3,108245,Control
6246,3,108246,Control
6247,3,108247,Treatment
6248,3,108248,Treatment
6249,3,108249,Treatment
6250,3,108250,Treatment
6251,3,108251,Control
6252,3,108252,Treatment
6253,3,108253,Treatment
6254,3,108254,Treatment
6255,3,108255,Treatment
6256,3,108256,Treatment
6257,3,108257,Treatment
6258,3,108258,Treatment
6259,3,108259,Treatment
6260,3,108260,Treatment
6261,3,108261,Treatment
6262,3,108262,Treatment
6263,3,108263,Treatment
6264,3,108264,Control
6265,3,108265,Control
6266,3,108266,Treatment
6267,3,108267,Control
6268,3,108268,Control
6269,3,108269,Control
6270,3,108270,Control
6271,3,108271,Treatment
6272,3,108272,Control
6273,3,108273,Treatment
6274,3,108274,Control
6275,3,108275,Control
6276,3,108276,Treatment
6277,3,108277,Control
6278,3,108278,Control
6279,3,108279,Control
6280,3,108280,Treatment
6281,3,108281,Treatment
6282,3,108282,Treatment
6283,3,108283,Control
6284,3,108284,Treatment
6285,3,108285,Control
6286,3,108286,Treatment
6287,3,108287,Treatment
6288,3,108288,Control
6289,3,108289,Treatment
6290,3,108290,Control
6291,3,108291,Treatment
6292,3,108292,Treatment
6293,3,108293,Treatment
6294,3,108294,Control
6295,3,108295,Control
6296,3,108296,Treatment
6297,3,108297,Control
6298,3,108298,Treatment
6299,3,108299,Control
6300,3,108300,Control
6301,3,108301,Treatment
6302,3,108302,Treatment
6303,3,108303,Treatment
6304,3,108304,Treatment
6305,3,108305,Treatment
6306,3,108306,Control
6307,3,108307,Control
6308,3,108308,Control
6309,3,108309,Control
6310,3,108310,Control
6311,3,108311,Treatment
6312,3,108312,Control
6313,3,108313,Control
6314,3,108314,Treatment
6315,3,108315,Treatment
6316,3,108316,Control
6317,3,108317,Treatment
6318,3,108318,Treatment
6319,3,108319,Treatment
6320,3,108320,Treatment
6321,3,108321,Treatment
6322,3,108322,Control
6323,3,108323,Control
6324,3,108324,Control
6325,3,108325,Treatment
6326,3,108326,Treatment
6327,3,108327,Control
6328,3,108328,Control
6329,3,108329,Treatment
6330,3,108330,Treatment
6331,3,108331,Control
6332,3,108332,Treatment
6333,3,108333,Treatment
6334,3,108334,Treatment
6335,3,108335,Treatment
6336,3,108336,Control
6337,3,108337,Treatment
6338,3,108338,Treatment
6339,3,108339,Control
6340,3,108340,Treatment
6341,3,108341,Treatment
6342,3,108342,Control
6343,3,108343,Control
6344,3,108344,Control
6345,3,108345,Control
6346,3,108346,Treatment
6347,3,108347,Treatment
6348,3,108348,Treatment
6349,3,108349,Treatment
6350,3,108350,Treatment
6351,3,108351,Treatment
6352,3,108352,Treatment
6353,3,108353,Control
6354,3,108354,Control
6355,3,108355,Control
6356,3,108356,Treatment
6357,3,108357,Treatment
6358,3,108358,Control
6359,3,108359,Control
6360,3,108360,Control
6361,3,108361,Control
6362,3,108362,Control
6363,3,108363,Treatment
6364,3,108364,Treatment
6365,3,108365,Treatment
6366,3,108366,Control
6367,3,108367,Treatment
6368,3,108368,Control
6369,3,108369,Control
6370,3,108370,Treatment
6371,3,108371,Treatment
6372,3,108372,Treatment
6373,3,108373,Control
6374,3,108374,Treatment
6375,3,108375,Treatment
6376,3,108376,Treatment
6377,3,108377,Treatment
6378,3,108378,Treatment
6379,3,108379,Treatment
6380,3,108380,Control
6381,3,108381,Treatment
6382,3,108382,Treatment
6383,3,108383,Control
6384,3,108384,Control
6385,3,108385,Treatment
6386,3,108386,Treatment
6387,3,108387,Treatment
6388,3,108388,Control
6389,3,108389,Control
6390,3,108390,Control
6391,3,108391,Treatment
6392,3,108392,Control
6393,3,108393,Treatment
6394,3,108394,Treatment
6395,3,108395,Control
6396,3,108396,Control
6397,3,108397,Control
6398,3,108398,Control
6399,3,108399,Control
6400,3,108400,Control
6401,3,108401,Treatment
6402,3,108402,Control
6403,3,108403,Treatment
6404,3,108404,Treatment
6405,3,108405,Treatment
6406,3,108406,Treatment
6407,3,108407,Control
6408,3,108408,Treatment
6409,3,108409,Treatment
6410,3,108410,Control
6411,3,108411,Treatment
6412,3,108412,Control
6413,3,108413,Control
6414,3,108414,Treatment
6415,3,108415,Treatment
6416,3,108416,Control
6417,3,108417,Control
6418,3,108418,Treatment
6419,3,108419,Control
6420,3,108420,Treatment
6421,3,108421,Control
6422,3,108422,Treatment
6423,3,108423,Control
6424,3,108424,Control
6425,3,108425,Control
6426,3,108426,Treatment
6427,3,108427,Treatment
6428,3,108428,Treatment
6429,3,108429,Control
6430,3,108430,Control
6431,3,108431,Treatment
6432,3,108432,Treatment
6433,3,108433,Control
6434,3,108434,Control
6435,3,108435,Control
6436,3,108436,Control
6437,3,108437,Control
6438,3,108438,Control
6439,3,108439,Treatment
6440,3,108440,Treatment
6441,3,108441,Treatment
6442,3,108442,Control
6443,3,108443,Control
6444,3,108444,Control
6445,3,108445,Control
6446,3,108446,Control
6447,3,108447,Control
6448,3,108448,Treatment
6449,3,108449,Treatment
6450,3,108450,Treatment
6451,3,108451,Treatment
6452,3,108452,Treatment
6453,3,108453,Control
6454,3,108454,Treatment
6455,3,108455,Control
6456,3,108456,Control
6457,3,108457,Control
6458,3,108458,Control
6459,3,108459,Treatment
6460,3,108460,Control
6461,3,108461,Control
6462,3,108462,Control
6463,3,108463,Treatment
6464,3,108464,Control
6465,3,108465,Control
6466,3,108466,Control
6467,3,108467,Control
6468,3,108468,Control
6469,3,108469,Control
6470,3,108470,Treatment
6471,3,108471,Treatment
6472,3,108472,Control
6473,3,108473,Treatment
6474,3,108474,Control
6475,3,108475,Control
6476,3,108476,Treatment
6477,3,108477,Treatment
6478,3,108478,Control
6479,3,108479,Treatment
6480,3,108480,Treatment
6481,3,108481,Control
6482,3,108482,Treatment
6483,3,108483,Control
6484,3,108484,Treatment
6485,3,108485,Control
6486,3,108486,Control
6487,3,108487,Treatment
6488,3,108488,Treatment
6489,3,108489,Treatment
6490,3,108490,Control
6491,3,108491,Treatment
6492,3,108492,Treatment
6493,3,108493,Treatment
6494,3,108494,Control
6495,3,108495,Treatment
6496,3,108496,Control
6497,3,108497,Treatment
6498,3,108498,Treatment
6499,3,108499,Treatment
6500,3,108500,Treatment
6501,3,108501,Treatment
6502,3,108502,Treatment
6503,3,108503,Treatment
6504,3,108504,Control
6505,3,108505,Control
6506,3,108506,Treatment
6507,3,108507,Treatment
6508,3,108508,Control
6509,3,108509,Treatment
6510,3,108510,Control
6511,3,108511,Control
6512,3,108512,Control
6513,3,108513,Control
6514,3,108514,Control
6515,3,108515,Treatment
6516,3,108516,Treatment
6517,3,108517,Control
6518,3,108518,Treatment
6519,3,108519,Treatment
6520,3,108520,Treatment
6521,3,108521,Control
6522,3,108522,Control
6523,3,108523,Treatment
6524,3,108524,Control
6525,3,108525,Treatment
6526,3,108526,Treatment
6527,3,108527,Treatment
6528,3,108528,Treatment
6529,3,108529,Treatment
6530,3,108530,Treatment
6531,3,108531,Treatment
6532,3,108532,Control
6533,3,108533,Treatment
6534,3,108534,Control
6535,3,108535,Treatment
6536,3,108536,Control
6537,3,108537,Control
6538,3,108538,Control
6539,3,108539,Control
6540,3,108540,Control
6541,3,108541,Control
6542,3,108542,Treatment
6543,3,108543,Control
6544,3,108544,Treatment
6545,3,108545,Control
6546,3,108546,Treatment
6547,3,108547,Control
6548,3,108548,Control
6549,3,108549,Treatment
6550,3,108550,Treatment
6551,3,108551,Treatment
6552,3,108552,Treatment
6553,3,108553,Treatment
6554,3,108554,Control
6555,3,108555,Treatment
6556,3,108556,Treatment
6557,3,108557,Treatment
6558,3,108558,Control
6559,3,108559,Control
6560,3,108560,Control
6561,3,108561,Control
6562,3,108562,Treatment
6563,3,108563,Control
6564,3,108564,Control
6565,3,108565,Treatment
6566,3,108566,Control
6567,3,108567,Treatment
6568,3,108568,Treatment
6569,3,108569,Treatment
6570,3,108570,Control
6571,3,108571,Control
6572,3,108572,Control
6573,3,108573,Treatment
6574,3,108574,Control
6575,3,108575,Treatment
6576,3,108576,Treatment
6577,3,108577,Treatment
6578,3,108578,Control
6579,3,108579,Treatment
6580,3,108580,Treatment
6581,3,108581,Control
6582,3,108582,Treatment
6583,3,108583,Control
6584,3,108584,Treatment
6585,3,108585,Treatment
6586,3,108586,Control
6587,3,108587,Treatment
6588,3,108588,Treatment
6589,3,108589,Control
6590,3,108590,Control
6591,3,108591,Treatment
6592,3,108592,Control
6593,3,108593,Control
6594,3,108594,Control
6595,3,108595,Control
6596,3,108596,Control
6597,3,108597,Control
6598,3,108598,Treatment
6599,3,108599,Treatment
6600,3,108600,Control
6601,3,108601,Control
6602,3,108602,Control
6603,3,108603,Treatment
6604,3,108604,Control
6605,3,108605,Control
6606,3,108606,Treatment
6607,3,108607,Control
6608,3,108608,Treatment
6609,3,108609,Control
6610,3,108610,Control
6611,3,108611,Treatment
6612,3,108612,Control
6613,3,108613,Control
6614,3,108614,Control
6615,3,108615,Treatment
6616,3,108616,Treatment
6617,3,108617,Treatment
6618,3,108618,Treatment
6619,3,108619,Control
6620,3,108620,Control
6621,3,108621,Treatment
6622,3,108622,Control
6623,3,108623,Control
6624,3,108624,Treatment
6625,3,108625,Treatment
6626,3,108626,Control
6627,3,108627,Control
6628,3,108628,Control
6629,3,108629,Control
6630,3,108630,Control
6631,3,108631,Control
6632,3,108632,Treatment
6633,3,108633,Treatment
6634,3,108634,Control
6635,3,108635,Treatment
6636,3,108636,Control
6637,3,108637,Control
6638,3,108638,Treatment
6639,3,108639,Treatment
6640,3,108640,Treatment
6641,3,108641,Control
6642,3,108642,Treatment
6643,3,108643,Control
6644,3,108644,Treatment
6645,3,108645,Treatment
6646,3,108646,Treatment
6647,3,108647,Treatment
6648,3,108648,Treatment
6649,3,108649,Control
6650,3,108650,Control
6651,3,108651,Treatment
6652,3,108652,Control
6653,3,108653,Control
6654,3,108654,Treatment
6655,3,108655,Treatment
6656,3,108656,Treatment
6657,3,108657,Treatment
6658,3,108658,Control
6659,3,108659,Treatment
6660,3,108660,Control
6661,3,108661,Treatment
6662,3,108662,Treatment
6663,3,108663,Treatment
6664,3,108664,Control
6665,3,108665,Treatment
6666,3,108666,Control
6667,3,108667,Control
6668,3,108668,Treatment
6669,3,108669,Treatment
6670,3,108670,Treatment
6671,3,108671,Treatment
6672,3,108672,Treatment
6673,3,108673,Treatment
6674,3,108674,Control
6675,3,108675,Treatment
6676,3,108676,Control
6677,3,108677,Control
6678,3,108678,Treatment
6679,3,108679,Control
6680,3,108680,Treatment
6681,3,108681,Treatment
6682,3,108682,Treatment
6683,3,108683,Control
6684,3,108684,Control
6685,3,108685,Control
6686,3,108686,Treatment
6687,3,108687,Control
6688,3,108688,Treatment
6689,3,108689,Control
6690,3,108690,Treatment
6691,3,108691,Treatment
6692,3,108692,Treatment
6693,3,108693,Control
6694,3,108694,Control
6695,3,108695,Treatment
6696,3,108696,Treatment
6697,3,108697,Treatment
6698,3,108698,Control
6699,3,108699,Control
6700,3,108700,Control
6701,3,108701,Treatment
6702,3,108702,Control
6703,3,108703,Control
6704,3,108704,Treatment
6705,3,108705,Treatment
6706,3,108706,Control
6707,3,108707,Treatment
6708,3,108708,Control
6709,3,108709,Treatment
6710,3,108710,Treatment
6711,3,108711,Control
6712,3,108712,Control
6713,3,108713,Treatment
6714,3,108714,Control
6715,3,108715,Treatment
6716,3,108716,Control
6717,3,108717,Treatment
6718,3,108718,Treatment
6719,3,108719,Control
6720,3,108720,Control
6721,3,108721,Control
6722,3,108722,Control
6723,3,108723,Treatment
6724,3,108724,Control
6725,3,108725,Control
6726,3,108726,Control
6727,3,108727,Control
6728,3,108728,Treatment
6729,3,108729,Control
6730,3,108730,Treatment
6731,3,108731,Control
6732,3,108732,Control
6733,3,108733,Control
6734,3,108734,Treatment
6735,3,108735,Control
6736,3,108736,Treatment
6737,3,108737,Control
6738,3,108738,Treatment
6739,3,108739,Control
6740,3,108740,Treatment
6741,3,108741,Treatment
6742,3,108742,Control
6743,3,108743,Control
6744,3,108744,Control
6745,3,108745,Control
6746,3,108746,Control
6747,3,108747,Treatment
6748,3,108748,Control
6749,3,108749,Treatment
6750,3,108750,Control
6751,3,108751,Treatment
6752,3,108752,Treatment
6753,3,108753,Treatment
6754,3,108754,Treatment
6755,3,108755,Treatment
6756,3,108756,Treatment
6757,3,108757,Treatment
6758,3,108758,Treatment
6759,3,108759,Treatment
6760,3,108760,Control
6761,3,108761,Control
6762,3,108762,Control
6763,3,108763,Treatment
6764,3,108764,Treatment
6765,3,108765,Treatment
6766,3,108766,Control
6767,3,108767,Treatment
6768,3,108768,Control
6769,3,108769,Treatment
6770,3,108770,Treatment
6771,3,108771,Control
6772,3,108772,Treatment
6773,3,108773,Control
6774,3,108774,Treatment
6775,3,108775,Treatment
6776,3,108776,Control
6777,3,108777,Control
6778,3,108778,Treatment
6779,3,108779,Treatment
6780,3,108780,Control
6781,3,108781,Treatment
6782,3,108782,Control
6783,3,108783,Control
6784,3,108784,Treatment
6785,3,108785,Control
6786,3,108786,Treatment
6787,3,108787,Treatment
6788,3,108788,Treatment
6789,3,108789,Treatment
6790,3,108790,Treatment
6791,3,108791,Treatment
6792,3,108792,Control
6793,3,108793,Control
6794,3,108794,Control
6795,3,108795,Treatment
6796,3,108796,Control
6797,3,108797,Control
6798,3,108798,Treatment
6799,3,108799,Treatment
6800,3,108800,Treatment
6801,3,108801,Treatment
6802,3,108802,Control
6803,3,108803,Treatment
6804,3,108804,Control
6805,3,108805,Treatment
6806,3,108806,Control
6807,3,108807,Control
6808,3,108808,Control
6809,3,108809,Control
6810,3,108810,Control
6811,3,108811,Control
6812,3,108812,Control
6813,3,108813,Control
6814,3,108814,Control
6815,3,108815,Control
6816,3,108816,Treatment
6817,3,108817,Control
6818,3,108818,Control
6819,3,108819,Control
6820,3,108820,Treatment
6821,3,108821,Treatment
6822,3,108822,Control
6823,3,108823,Treatment
6824,3,108824,Treatment
6825,3,108825,Control
6826,3,108826,Treatment
6827,3,108827,Control
6828,3,108828,Treatment
6829,3,108829,Treatment
6830,3,108830,Treatment
6831,3,108831,Treatment
6832,3,108832,Control
6833,3,108833,Control
6834,3,108834,Treatment
6835,3,108835,Treatment
6836,3,108836,Control
6837,3,108837,Control
6838,3,108838,Treatment
6839,3,108839,Treatment
6840,3,108840,Treatment
6841,3,108841,Control
6842,3,108842,Control
6843,3,108843,Control
6844,3,108844,Treatment
6845,3,108845,Treatment
6846,3,108846,Control
6847,3,108847,Control
6848,3,108848,Treatment
6849,3,108849,Control
6850,3,108850,Control
6851,3,108851,Treatment
6852,3,108852,Control
6853,3,108853,Control
6854,3,108854,Treatment
6855,3,108855,Control
6856,3,108856,Treatment
6857,3,108857,Control
6858,3,108858,Treatment
6859,3,108859,Treatment
6860,3,108860,Treatment
6861,3,108861,Treatment
6862,3,108862,Control
6863,3,108863,Control
6864,3,108864,Control
6865,3,108865,Treatment
6866,3,108866,Treatment
6867,3,108867,Treatment
6868,3,108868,Control
6869,3,108869,Treatment
6870,3,108870,Control
6871,3,108871,Treatment
6872,3,108872,Control
6873,3,108873,Treatment
6874,3,108874,Treatment
6875,3,108875,Control
6876,3,108876,Control
6877,3,108877,Control
6878,3,108878,Treatment
6879,3,108879,Treatment
6880,3,108880,Control
6881,3,108881,Treatment
6882,3,108882,Treatment
6883,3,108883,Control
6884,3,108884,Control
6885,3,108885,Control
6886,3,108886,Treatment
6887,3,108887,Control
6888,3,108888,Treatment
6889,3,108889,Treatment
6890,3,108890,Treatment
6891,3,108891,Treatment
6892,3,108892,Control
6893,3,108893,Control
6894,3,108894,Treatment
6895,3,108895,Treatment
6896,3,108896,Control
6897,3,108897,Control
6898,3,108898,Control
6899,3,108899,Control
6900,3,108900,Control
6901,3,108901,Treatment
6902,3,108902,Treatment
6903,3,108903,Control
6904,3,108904,Treatment
6905,3,108905,Treatment
6906,3,108906,Control
6907,3,108907,Control
6908,3,108908,Control
6909,3,108909,Treatment
6910,3,108910,Control
6911,3,108911,Treatment
6912,3,108912,Control
6913,3,108913,Control
6914,3,108914,Treatment
6915,3,108915,Treatment
6916,3,108916,Treatment
6917,3,108917,Control
6918,3,108918,Treatment
6919,3,108919,Treatment
6920,3,108920,Control
6921,3,108921,Treatment
6922,3,108922,Control
6923,3,108923,Control
6924,3,108924,Control
6925,3,108925,Treatment
6926,3,108926,Treatment
6927,3,108927,Control
6928,3,108928,Treatment
6929,3,108929,Control
6930,3,108930,Treatment
6931,3,108931,Treatment
6932,3,108932,Control
6933,3,108933,Control
6934,3,108934,Treatment
6935,3,108935,Treatment
6936,3,108936,Control
6937,3,108937,Control
6938,3,108938,Treatment
6939,3,108939,Treatment
6940,3,108940,Treatment
6941,3,108941,Control
6942,3,108942,Treatment
6943,3,108943,Treatment
6944,3,108944,Treatment
6945,3,108945,Treatment
6946,3,108946,Treatment
6947,3,108947,Treatment
6948,3,108948,Control
6949,3,108949,Control
6950,3,108950,Control
6951,3,108951,Treatment
6952,3,108952,Control
6953,3,108953,Treatment
6954,3,108954,Control
6955,3,108955,Treatment
6956,3,108956,Treatment
6957,3,108957,Treatment
6958,3,108958,Treatment
6959,3,108959,Control
6960,3,108960,Treatment
6961,3,108961,Treatment
6962,3,108962,Treatment
6963,3,108963,Treatment
6964,3,108964,Control
6965,3,108965,Treatment
6966,3,108966,Control
6967,3,108967,Treatment
6968,3,108968,Control
6969,3,108969,Control
6970,3,108970,Treatment
6971,3,108971,Control
6972,3,108972,Treatment
6973,3,108973,Control
6974,3,108974,Control
6975,3,108975,Treatment
6976,3,108976,Treatment
6977,3,108977,Treatment
6978,3,108978,Control
6979,3,108979,Treatment
6980,3,108980,Treatment
6981,3,108981,Control
6982,3,108982,Treatment
6983,3,108983,Treatment
6984,3,108984,Control
6985,3,108985,Control
6986,3,108986,Control
6987,3,108987,Treatment
6988,3,108988,Treatment
6989,3,108989,Control
6990,3,108990,Control
6991,3,108991,Treatment
6992,3,108992,Treatment
6993,3,108993,Control
6994,3,108994,Control
6995,3,108995,Control
6996,3,108996,Control
6997,3,108997,Treatment
6998,3,108998,Treatment
6999,3,108999,Treatment
7000,3,109000,Control
7001,4,109001,Control
7002,4,109002,Control
7003,4,109003,Treatment
7004,4,109004,Control
7005,4,109005,Control
7006,4,109006,Treatment
7007,4,109007,Control
7008,4,109008,Treatment
7009,4,109009,Control
7010,4,109010,Control
7011,4,109011,Treatment
7012,4,109012,Treatment
7013,4,109013,Treatment
7014,4,109014,Control
7015,4,109015,Treatment
7016,4,109016,Treatment
7017,4,109017,Control
7018,4,109018,Control
7019,4,109019,Control
7020,4,109020,Treatment
7021,4,109021,Control
7022,4,109022,Treatment
7023,4,109023,Control
7024,4,109024,Treatment
7025,4,109025,Control
7026,4,109026,Treatment
7027,4,109027,Control
7028,4,109028,Treatment
7029,4,109029,Treatment
7030,4,109030,Treatment
7031,4,109031,Treatment
7032,4,109032,Treatment
7033,4,109033,Treatment
7034,4,109034,Treatment
7035,4,109035,Treatment
7036,4,109036,Control
7037,4,109037,Treatment
7038,4,109038,Control
7039,4,109039,Control
7040,4,109040,Control
7041,4,109041,Control
7042,4,109042,Control
7043,4,109043,Treatment
7044,4,109044,Treatment
7045,4,109045,Treatment
7046,4,109046,Treatment
7047,4,109047,Control
7048,4,109048,Treatment
7049,4,109049,Treatment
7050,4,109050,Control
7051,4,109051,Control
7052,4,109052,Treatment
7053,4,109053,Treatment
7054,4,109054,Treatment
7055,4,109055,Control
7056,4,109056,Control
7057,4,109057,Control
7058,4,109058,Treatment
7059,4,109059,Treatment
7060,4,109060,Treatment
7061,4,109061,Treatment
7062,4,109062,Treatment
7063,4,109063,Control
7064,4,109064,Control
7065,4,109065,Treatment
7066,4,109066,Control
7067,4,109067,Treatment
7068,4,109068,Treatment
7069,4,109069,Treatment
7070,4,109070,Control
7071,4,109071,Treatment
7072,4,109072,Treatment
7073,4,109073,Control
7074,4,109074,Treatment
7075,4,109075,Control
7076,4,109076,Control
7077,4,109077,Treatment
7078,4,109078,Control
7079,4,109079,Treatment
7080,4,109080,Treatment
7081,4,109081,Control
7082,4,109082,Control
7083,4,109083,Treatment
7084,4,109084,Treatment
7085,4,109085,Control
7086,4,109086,Treatment
7087,4,109087,Treatment
7088,4,109088,Control
7089,4,109089,Control
7090,4,109090,Treatment
7091,4,109091,Treatment
7092,4,109092,Treatment
7093,4,109093,Control
7094,4,109094,Control
7095,4,109095,Control
7096,4,109096,Control
7097,4,109097,Control
7098,4,109098,Control
7099,4,109099,Control
7100,4,109100,Control
7101,4,109101,Treatment
7102,4,109102,Treatment
7103,4,109103,Control
7104,4,109104,Control
7105,4,109105,Control
7106,4,109106,Control
7107,4,109107,Control
7108,4,109108,Control
7109,4,109109,Control
7110,4,109110,Treatment
7111,4,109111,Control
7112,4,109112,Control
7113,4,109113,Control
7114,4,109114,Treatment
7115,4,109115,Control
7116,4,109116,Control
7117,4,109117,Control
7118,4,109118,Control
7119,4,109119,Control
7120,4,109120,Control
7121,4,109121,Treatment
7122,4,109122,Treatment
7123,4,109123,Control
7124,4,109124,Treatment
7125,4,109125,Treatment
7126,4,109126,Treatment
7127,4,109127,Control
7128,4,109128,Control
7129,4,109129,Treatment
7130,4,109130,Control
7131,4,109131,Treatment
7132,4,109132,Control
7133,4,109133,Treatment
7134,4,109134,Treatment
7135,4,109135,Treatment
7136,4,109136,Control
7137,4,109137,Treatment
7138,4,109138,Control
7139,4,109139,Treatment
7140,4,109140,Treatment
7141,4,109141,Treatment
7142,4,109142,Control
7143,4,109143,Treatment
7144,4,109144,Treatment
7145,4,109145,Control
7146,4,109146,Treatment
7147,4,109147,Control
7148,4,109148,Treatment
7149,4,109149,Control
7150,4,109150,Control
7151,4,109151,Control
7152,4,109152,Control
7153,4,109153,Treatment
7154,4,109154,Treatment
7155,4,109155,Control
7156,4,109156,Treatment
7157,4,109157,Control
7158,4,109158,Control
7159,4,109159,Treatment
7160,4,109160,Treatment
7161,4,109161,Control
7162,4,109162,Control
7163,4,109163,Control
7164,4,109164,Control
7165,4,109165,Control
7166,4,109166,Control
7167,4,109167,Treatment
7168,4,109168,Treatment
7169,4,109169,Treatment
7170,4,109170,Control
7171,4,109171,Control
7172,4,109172,Control
7173,4,109173,Control
7174,4,109174,Control
7175,4,109175,Control
7176,4,109176,Treatment
7177,4,109177,Treatment
7178,4,109178,Treatment
7179,4,109179,Treatment
7180,4,109180,Treatment
7181,4,109181,Treatment
7182,4,109182,Treatment
7183,4,109183,Control
7184,4,109184,Control
7185,4,109185,Control
7186,4,109186,Treatment
7187,4,109187,Control
7188,4,109188,Control
7189,4,109189,Control
7190,4,109190,Treatment
7191,4,109191,Treatment
7192,4,109192,Control
7193,4,109193,Treatment
7194,4,109194,Treatment
7195,4,109195,Treatment
7196,4,109196,Control
7197,4,109197,Treatment
7198,4,109198,Control
7199,4,109199,Control
7200,4,109200,Treatment
7201,4,109201,Treatment
7202,4,109202,Control
7203,4,109203,Treatment
7204,4,109204,Treatment
7205,4,109205,Control
7206,4,109206,Control
7207,4,109207,Treatment
7208,4,109208,Control
7209,4,109209,Treatment
7210,4,109210,Control
7211,4,109211,Treatment
7212,4,109212,Treatment
7213,4,109213,Treatment
7214,4,109214,Treatment
7215,4,109215,Treatment
7216,4,109216,Control
7217,4,109217,Control
7218,4,109218,Treatment
7219,4,109219,Treatment
7220,4,109220,Control
7221,4,109221,Treatment
7222,4,109222,Control
7223,4,109223,Control
7224,4,109224,Treatment
7225,4,109225,Treatment
7226,4,109226,Treatment
7227,4,109227,Treatment
7228,4,109228,Treatment
7229,4,109229,Treatment
7230,4,109230,Control
7231,4,109231,Control
7232,4,109232,Treatment
7233,4,109233,Treatment
7234,4,109234,Control
7235,4,109235,Control
7236,4,109236,Control
7237,4,109237,Treatment
7238,4,109238,Treatment
7239,4,109239,Control
7240,4,109240,Control
7241,4,109241,Control
7242,4,109242,Treatment
7243,4,109243,Control
7244,4,109244,Treatment
7245,4,109245,Treatment
7246,4,109246,Control
7247,4,109247,Control
7248,4,109248,Control
7249,4,109249,Control
7250,4,109250,Treatment
7251,4,109251,Control
7252,4,109252,Control
7253,4,109253,Treatment
7254,4,109254,Treatment
7255,4,109255,Treatment
7256,4,109256,Control
7257,4,109257,Control
7258,4,109258,Treatment
7259,4,109259,Treatment
7260,4,109260,Control
7261,4,109261,Treatment
7262,4,109262,Treatment
7263,4,109263,Treatment
7264,4,109264,Control
7265,4,109265,Treatment
7266,4,109266,Treatment
7267,4,109267,Treatment
7268,4,109268,Control
7269,4,109269,Control
7270,4,109270,Treatment
7271,4,109271,Control
7272,4,109272,Control
7273,4,109273,Treatment
7274,4,109274,Treatment
7275,4,109275,Treatment
7276,4,109276,Control
7277,4,109277,Control
7278,4,109278,Treatment
7279,4,109279,Control
7280,4,109280,Treatment
7281,4,109281,Treatment
7282,4,109282,Control
7283,4,109283,Control
7284,4,109284,Control
7285,4,109285,Treatment
7286,4,109286,Control
7287,4,109287,Control
7288,4,109288,Control
7289,4,109289,Control
7290,4,109290,Treatment
7291,4,109291,Control
7292,4,109292,Treatment
7293,4,109293,Control
7294,4,109294,Control
7295,4,109295,Treatment
7296,4,109296,Treatment
7297,4,109297,Control
7298,4,109298,Treatment
7299,4,109299,Treatment
7300,4,109300,Control
7301,4,109301,Treatment
7302,4,109302,Control
7303,4,109303,Control
7304,4,109304,Treatment
7305,4,109305,Treatment
7306,4,109306,Control
7307,4,109307,Treatment
7308,4,109308,Control
7309,4,109309,Treatment
7310,4,109310,Control
7311,4,109311,Control
7312,4,109312,Treatment
7313,4,109313,Control
7314,4,109314,Control
7315,4,109315,Treatment
7316,4,109316,Treatment
7317,4,109317,Control
7318,4,109318,Control
7319,4,109319,Treatment
7320,4,109320,Control
7321,4,109321,Control
7322,4,109322,Control
7323,4,109323,Treatment
7324,4,109324,Control
7325,4,109325,Control
7326,4,109326,Treatment
7327,4,109327,Control
7328,4,109328,Control
7329,4,109329,Control
7330,4,109330,Control
7331,4,109331,Control
7332,4,109332,Control
7333,4,109333,Treatment
7334,4,109334,Control
7335,4,109335,Control
7336,4,109336,Control
7337,4,109337,Control
7338,4,109338,Control
7339,4,109339,Control
7340,4,109340,Treatment
7341,4,109341,Control
7342,4,109342,Treatment
7343,4,109343,Control
7344,4,109344,Control
7345,4,109345,Treatment
7346,4,109346,Treatment
7347,4,109347,Control
7348,4,109348,Treatment
7349,4,109349,Control
7350,4,109350,Control
7351,4,109351,Treatment
7352,4,109352,Treatment
7353,4,109353,Control
7354,4,109354,Control
7355,4,109355,Treatment
7356,4,109356,Treatment
7357,4,109357,Treatment
7358,4,109358,Control
7359,4,109359,Treatment
7360,4,109360,Treatment
7361,4,109361,Control
7362,4,109362,Control
7363,4,109363,Treatment
7364,4,109364,Control
7365,4,109365,Treatment
7366,4,109366,Control
7367,4,109367,Control
7368,4,109368,Treatment
7369,4,109369,Control
7370,4,109370,Control
7371,4,109371,Treatment
7372,4,109372,Control
7373,4,109373,Control
7374,4,109374,Control
7375,4,109375,Treatment
7376,4,109376,Treatment
7377,4,109377,Control
7378,4,109378,Treatment
7379,4,109379,Control
7380,4,109380,Control
7381,4,109381,Treatment
7382,4,109382,Treatment
7383,4,109383,Treatment
7384,4,109384,Treatment
7385,4,109385,Treatment
7386,4,109386,Treatment
7387,4,109387,Treatment
7388,4,109388,Treatment
7389,4,109389,Treatment
7390,4,109390,Treatment
7391,4,109391,Treatment
7392,4,109392,Treatment
7393,4,109393,Control
7394,4,109394,Treatment
7395,4,109395,Treatment
7396,4,109396,Control
7397,4,109397,Treatment
7398,4,109398,Control
7399,4,109399,Control
7400,4,109400,Control
7401,4,109401,Control
7402,4,109402,Treatment
7403,4,109403,Control
7404,4,109404,Treatment
7405,4,109405,Treatment
7406,4,109406,Treatment
7407,4,109407,Treatment
7408,4,109408,Treatment
7409,4,109409,Treatment
7410,4,109410,Treatment
7411,4,109411,Control
7412,4,109412,Control
7413,4,109413,Control
7414,4,109414,Control
7415,4,109415,Control
7416,4,109416,Control
7417,4,109417,Control
7418,4,109418,Treatment
7419,4,109419,Treatment
7420,4,109420,Treatment
7421,4,109421,Control
7422,4,109422,Treatment
7423,4,109423,Treatment
7424,4,109424,Treatment
7425,4,109425,Control
7426,4,109426,Treatment
7427,4,109427,Treatment
7428,4,109428,Control
7429,4,109429,Treatment
7430,4,109430,Control
7431,4,109431,Treatment
7432,4,109432,Treatment
7433,4,109433,Treatment
7434,4,109434,Control
7435,4,109435,Treatment
7436,4,109436,Treatment
7437,4,109437,Control
7438,4,109438,Treatment
7439,4,109439,Control
7440,4,109440,Treatment
7441,4,109441,Treatment
7442,4,109442,Control
7443,4,109443,Treatment
7444,4,109444,Control
7445,4,109445,Treatment
7446,4,109446,Control
7447,4,109447,Treatment
7448,4,109448,Control
7449,4,109449,Control
7450,4,109450,Treatment
7451,4,109451,Control
7452,4,109452,Control
7453,4,109453,Treatment
7454,4,109454,Control
7455,4,109455,Treatment
7456,4,109456,Treatment
7457,4,109457,Control
7458,4,109458,Control
7459,4,109459,Control
7460,4,109460,Treatment
7461,4,109461,Treatment
7462,4,109462,Treatment
7463,4,109463,Treatment
7464,4,109464,Control
7465,4,109465,Control
7466,4,109466,Control
7467,4,109467,Treatment
7468,4,109468,Control
7469,4,109469,Treatment
7470,4,109470,Control
7471,4,109471,Treatment
7472,4,109472,Control
7473,4,109473,Treatment
7474,4,109474,Treatment
7475,4,109475,Treatment
7476,4,109476,Control
7477,4,109477,Control
7478,4,109478,Treatment
7479,4,109479,Treatment
7480,4,109480,Control
7481,4,109481,Treatment
7482,4,109482,Treatment
7483,4,109483,Control
7484,4,109484,Control
7485,4,109485,Control
7486,4,109486,Control
7487,4,109487,Control
7488,4,109488,Control
7489,4,109489,Control
7490,4,109490,Treatment
7491,4,109491,Treatment
7492,4,109492,Treatment
7493,4,109493,Control
7494,4,109494,Control
7495,4,109495,Control
7496,4,109496,Treatment
7497,4,109497,Control
7498,4,109498,Control
7499,4,109499,Treatment
7500,4,109500,Control
7501,4,109501,Control
7502,4,109502,Control
7503,4,109503,Treatment
7504,4,109504,Treatment
7505,4,109505,Treatment
7506,4,109506,Treatment
7507,4,109507,Control
7508,4,109508,Treatment
7509,4,109509,Control
7510,4,109510,Control
7511,4,109511,Treatment
7512,4,109512,Treatment
7513,4,109513,Treatment
7514,4,109514,Treatment
7515,4,109515,Control
7516,4,109516,Control
7517,4,109517,Treatment
7518,4,109518,Treatment
7519,4,109519,Control
7520,4,109520,Treatment
7521,4,109521,Control
7522,4,109522,Control
7523,4,109523,Treatment
7524,4,109524,Treatment
7525,4,109525,Treatment
7526,4,109526,Control
7527,4,109527,Control
7528,4,109528,Control
7529,4,109529,Control
7530,4,109530,Treatment
7531,4,109531,Control
7532,4,109532,Treatment
7533,4,109533,Treatment
7534,4,109534,Control
7535,4,109535,Treatment
7536,4,109536,Control
7537,4,109537,Control
7538,4,109538,Control
7539,4,109539,Control
7540,4,109540,Treatment
7541,4,109541,Treatment
7542,4,109542,Treatment
7543,4,109543,Treatment
7544,4,109544,Control
7545,4,109545,Control
7546,4,109546,Control
7547,4,109547,Control
7548,4,109548,Treatment
7549,4,109549,Treatment
7550,4,109550,Treatment
7551,4,109551,Control
7552,4,109552,Treatment
7553,4,109553,Treatment
7554,4,109554,Treatment
7555,4,109555,Control
7556,4,109556,Treatment
7557,4,109557,Treatment
7558,4,109558,Treatment
7559,4,109559,Control
7560,4,109560,Treatment
7561,4,109561,Treatment
7562,4,109562,Treatment
7563,4,109563,Control
7564,4,109564,Treatment
7565,4,109565,Control
7566,4,109566,Treatment
7567,4,109567,Control
7568,4,109568,Treatment
7569,4,109569,Treatment
7570,4,109570,Control
7571,4,109571,Control
7572,4,109572,Treatment
7573,4,109573,Treatment
7574,4,109574,Treatment
7575,4,109575,Treatment
7576,4,109576,Treatment
7577,4,109577,Control
7578,4,109578,Control
7579,4,109579,Control
7580,4,109580,Control
7581,4,109581,Control
7582,4,109582,Treatment
7583,4,109583,Treatment
7584,4,109584,Control
7585,4,109585,Treatment
7586,4,109586,Treatment
7587,4,109587,Control
7588,4,109588,Control
7589,4,109589,Treatment
7590,4,109590,Treatment
7591,4,109591,Treatment
7592,4,109592,Control
7593,4,109593,Treatment
7594,4,109594,Control
7595,4,109595,Control
7596,4,109596,Treatment
7597,4,109597,Treatment
7598,4,109598,Treatment
7599,4,109599,Treatment
7600,4,109600,Control
7601,4,109601,Treatment
7602,4,109602,Treatment
7603,4,109603,Control
7604,4,109604,Treatment
7605,4,109605,Treatment
7606,4,109606,Control
7607,4,109607,Treatment
7608,4,109608,Treatment
7609,4,109609,Treatment
7610,4,109610,Control
7611,4,109611,Control
7612,4,109612,Treatment
7613,4,109613,Treatment
7614,4,109614,Treatment
7615,4,109615,Control
7616,4,109616,Control
7617,4,109617,Treatment
7618,4,109618,Treatment
7619,4,109619,Treatment
7620,4,109620,Treatment
7621,4,109621,Control
7622,4,109622,Control
7623,4,109623,Treatment
7624,4,109624,Treatment
7625,4,109625,Treatment
7626,4,109626,Treatment
7627,4,109627,Control
7628,4,109628,Control
7629,4,109629,Control
7630,4,109630,Control
7631,4,109631,Treatment
7632,4,109632,Treatment
7633,4,109633,Control
7634,4,109634,Control
7635,4,109635,Control
7636,4,109636,Control
7637,4,109637,Control
7638,4,109638,Treatment
7639,4,109639,Control
7640,4,109640,Control
7641,4,109641,Treatment
7642,4,109642,Control
7643,4,109643,Control
7644,4,109644,Control
7645,4,109645,Treatment
7646,4,109646,Treatment
7647,4,109647,Treatment
7648,4,109648,Control
7649,4,109649,Control
7650,4,109650,Treatment
7651,4,109651,Treatment
7652,4,109652,Control
7653,4,109653,Treatment
7654,4,109654,Treatment
7655,4,109655,Control
7656,4,109656,Control
7657,4,109657,Control
7658,4,109658,Control
7659,4,109659,Treatment
7660,4,109660,Control
7661,4,109661,Treatment
7662,4,109662,Control
7663,4,109663,Control
7664,4,109664,Control
7665,4,109665,Control
7666,4,109666,Treatment
7667,4,109667,Control
7668,4,109668,Treatment
7669,4,109669,Control
7670,4,109670,Treatment
7671,4,109671,Treatment
7672,4,109672,Control
7673,4,109673,Control
7674,4,109674,Treatment
7675,4,109675,Control
7676,4,109676,Control
7677,4,109677,Treatment
7678,4,109678,Treatment
7679,4,109679,Control
7680,4,109680,Control
7681,4,109681,Control
7682,4,109682,Treatment
7683,4,109683,Treatment
7684,4,109684,Control
7685,4,109685,Treatment
7686,4,109686,Treatment
7687,4,109687,Treatment
7688,4,109688,Control
7689,4,109689,Treatment
7690,4,109690,Treatment
7691,4,109691,Treatment
7692,4,109692,Control
7693,4,109693,Treatment
7694,4,109694,Control
7695,4,109695,Control
7696,4,109696,Treatment
7697,4,109697,Control
7698,4,109698,Control
7699,4,109699,Treatment
7700,4,109700,Control
7701,4,109701,Treatment
7702,4,109702,Treatment
7703,4,109703,Treatment
7704,4,109704,Treatment
7705,4,109705,Control
7706,4,109706,Control
7707,4,109707,Treatment
7708,4,109708,Treatment
7709,4,109709,Treatment
7710,4,109710,Treatment
7711,4,109711,Control
7712,4,109712,Control
7713,4,109713,Control
7714,4,109714,Control
7715,4,109715,Treatment
7716,4,109716,Treatment
7717,4,109717,Control
7718,4,109718,Control
7719,4,109719,Treatment
7720,4,109720,Treatment
7721,4,109721,Control
7722,4,109722,Treatment
7723,4,109723,Treatment
7724,4,109724,Control
7725,4,109725,Treatment
7726,4,109726,Treatment
7727,4,109727,Treatment
7728,4,109728,Control
7729,4,109729,Control
7730,4,109730,Treatment
7731,4,109731,Control
7732,4,109732,Control
7733,4,109733,Control
7734,4,109734,Control
7735,4,109735,Treatment
7736,4,109736,Treatment
7737,4,109737,Control
7738,4,109738,Control
7739,4,109739,Treatment
7740,4,109740,Treatment
7741,4,109741,Treatment
7742,4,109742,Treatment
7743,4,109743,Control
7744,4,109744,Control
7745,4,109745,Treatment
7746,4,109746,Treatment
7747,4,109747,Treatment
7748,4,109748,Control
7749,4,109749,Treatment
7750,4,109750,Control
7751,4,109751,Treatment
7752,4,109752,Control
7753,4,109753,Control
7754,4,109754,Control
7755,4,109755,Treatment
7756,4,109756,Control
7757,4,109757,Treatment
7758,4,109758,Treatment
7759,4,109759,Control
7760,4,109760,Control
7761,4,109761,Control
7762,4,109762,Treatment
7763,4,109763,Treatment
7764,4,109764,Treatment
7765,4,109765,Treatment
7766,4,109766,Control
7767,4,109767,Control
7768,4,109768,Control
7769,4,109769,Treatment
7770,4,109770,Control
7771,4,109771,Treatment
7772,4,109772,Treatment
7773,4,109773,Treatment
7774,4,109774,Control
7775,4,109775,Control
7776,4,109776,Treatment
7777,4,109777,Treatment
7778,4,109778,Control
7779,4,109779,Control
7780,4,109780,Control
7781,4,109781,Control
7782,4,109782,Treatment
7783,4,109783,Control
7784,4,109784,Treatment
7785,4,109785,Control
7786,4,109786,Control
7787,4,109787,Treatment
7788,4,109788,Treatment
7789,4,109789,Control
7790,4,109790,Control
7791,4,109791,Treatment
7792,4,109792,Control
7793,4,109793,Treatment
7794,4,109794,Treatment
7795,4,109795,Control
7796,4,109796,Treatment
7797,4,109797,Treatment
7798,4,109798,Control
7799,4,109799,Treatment
7800,4,109800,Control
7801,4,109801,Control
7802,4,109802,Control
7803,4,109803,Control
7804,4,109804,Control
7805,4,109805,Treatment
7806,4,109806,Treatment
7807,4,109807,Treatment
7808,4,109808,Treatment
7809,4,109809,Control
7810,4,109810,Control
7811,4,109811,Treatment
7812,4,109812,Control
7813,4,109813,Control
7814,4,109814,Treatment
7815,4,109815,Control
7816,4,109816,Control
7817,4,109817,Treatment
7818,4,109818,Control
7819,4,109819,Treatment
7820,4,109820,Control
7821,4,109821,Treatment
7822,4,109822,Treatment
7823,4,109823,Control
7824,4,109824,Treatment
7825,4,109825,Treatment
7826,4,109826,Treatment
7827,4,109827,Control
7828,4,109828,Treatment
7829,4,109829,Treatment
7830,4,109830,Control
7831,4,109831,Control
7832,4,109832,Control
7833,4,109833,Control
7834,4,109834,Control
7835,4,109835,Treatment
7836,4,109836,Treatment
7837,4,109837,Control
7838,4,109838,Control
7839,4,109839,Treatment
7840,4,109840,Control
7841,4,109841,Treatment
7842,4,109842,Control
7843,4,109843,Treatment
7844,4,109844,Treatment
7845,4,109845,Treatment
7846,4,109846,Control
7847,4,109847,Control
7848,4,109848,Control
7849,4,109849,Control
7850,4,109850,Control
7851,4,109851,Treatment
7852,4,109852,Treatment
7853,4,109853,Control
7854,4,109854,Control
7855,4,109855,Treatment
7856,4,109856,Control
7857,4,109857,Treatment
7858,4,109858,Treatment
7859,4,109859,Treatment
7860,4,109860,Control
7861,4,109861,Treatment
7862,4,109862,Treatment
7863,4,109863,Treatment
7864,4,109864,Treatment
7865,4,109865,Control
7866,4,109866,Control
7867,4,109867,Treatment
7868,4,109868,Control
7869,4,109869,Treatment
7870,4,109870,Control
7871,4,109871,Treatment
7872,4,109872,Control
7873,4,109873,Treatment
7874,4,109874,Treatment
7875,4,109875,Treatment
7876,4,109876,Control
7877,4,109877,Treatment
7878,4,109878,Treatment
7879,4,109879,Control
7880,4,109880,Treatment
7881,4,109881,Control
7882,4,109882,Control
7883,4,109883,Treatment
7884,4,109884,Control
7885,4,109885,Treatment
7886,4,109886,Control
7887,4,109887,Control
7888,4,109888,Control
7889,4,109889,Treatment
7890,4,109890,Control
7891,4,109891,Treatment
7892,4,109892,Control
7893,4,109893,Control
7894,4,109894,Treatment
7895,4,109895,Treatment
7896,4,109896,Treatment
7897,4,109897,Control
7898,4,109898,Treatment
7899,4,109899,Control
7900,4,109900,Control
7901,4,109901,Control
7902,4,109902,Control
7903,4,109903,Treatment
7904,4,109904,Control
7905,4,109905,Treatment
7906,4,109906,Treatment
7907,4,109907,Treatment
7908,4,109908,Treatment
7909,4,109909,Control
7910,4,109910,Control
7911,4,109911,Control
7912,4,109912,Treatment
7913,4,109913,Control
7914,4,109914,Treatment
7915,4,109915,Control
7916,4,109916,Control
7917,4,109917,Treatment
7918,4,109918,Treatment
7919,4,109919,Control
7920,4,109920,Treatment
7921,4,109921,Control
7922,4,109922,Treatment
7923,4,109923,Control
7924,4,109924,Treatment
7925,4,109925,Treatment
7926,4,109926,Control
7927,4,109927,Control
7928,4,109928,Control
7929,4,109929,Control
7930,4,109930,Control
7931,4,109931,Treatment
7932,4,109932,Control
7933,4,109933,Treatment
7934,4,109934,Treatment
7935,4,109935,Treatment
7936,4,109936,Treatment
7937,4,109937,Treatment
7938,4,109938,Treatment
7939,4,109939,Treatment
7940,4,109940,Treatment
7941,4,109941,Control
7942,4,109942,Control
7943,4,109943,Control
7944,4,109944,Treatment
7945,4,109945,Control
7946,4,109946,Treatment
7947,4,109947,Treatment
7948,4,109948,Treatment
7949,4,109949,Treatment
7950,4,109950,Control
7951,4,109951,Treatment
7952,4,109952,Treatment
7953,4,109953,Control
7954,4,109954,Control
7955,4,109955,Control
7956,4,109956,Control
7957,4,109957,Control
7958,4,109958,Control
7959,4,109959,Control
7960,4,109960,Control
7961,4,109961,Treatment
7962,4,109962,Control
7963,4,109963,Control
7964,4,109964,Treatment
7965,4,109965,Treatment
7966,4,109966,Treatment
7967,4,109967,Control
7968,4,109968,Control
7969,4,109969,Control
7970,4,109970,Treatment
7971,4,109971,Control
7972,4,109972,Treatment
7973,4,109973,Control
7974,4,109974,Control
7975,4,109975,Control
7976,4,109976,Control
7977,4,109977,Treatment
7978,4,109978,Treatment
7979,4,109979,Treatment
7980,4,109980,Control
7981,4,109981,Control
7982,4,109982,Control
7983,4,109983,Control
7984,4,109984,Control
7985,4,109985,Control
7986,4,109986,Treatment
7987,4,109987,Treatment
7988,4,109988,Control
7989,4,109989,Control
7990,4,109990,Treatment
7991,4,109991,Treatment
7992,4,109992,Control
7993,4,109993,Control
7994,4,109994,Control
7995,4,109995,Treatment
7996,4,109996,Control
7997,4,109997,Treatment
7998,4,109998,Control
7999,4,109999,Treatment
8000,4,110000,Control
8001,4,110001,Treatment
8002,4,110002,Control
8003,4,110003,Control
8004,4,110004,Control
8005,4,110005,Treatment
8006,4,110006,Treatment
8007,4,110007,Control
8008,4,110008,Control
8009,4,110009,Control
8010,4,110010,Control
8011,4,110011,Treatment
8012,4,110012,Control
8013,4,110013,Control
8014,4,110014,Control
8015,4,110015,Treatment
8016,4,110016,Control
8017,4,110017,Treatment
8018,4,110018,Control
8019,4,110019,Control
8020,4,110020,Treatment
8021,4,110021,Treatment
8022,4,110022,Treatment
8023,4,110023,Control
8024,4,110024,Treatment
8025,4,110025,Treatment
8026,4,110026,Control
8027,4,110027,Control
8028,4,110028,Treatment
8029,4,110029,Treatment
8030,4,110030,Control
8031,4,110031,Control
8032,4,110032,Control
8033,4,110033,Control
8034,4,110034,Treatment
8035,4,110035,Treatment
8036,4,110036,Treatment
8037,4,110037,Treatment
8038,4,110038,Treatment
8039,4,110039,Treatment
8040,4,110040,Treatment
8041,4,110041,Treatment
8042,4,110042,Control
8043,4,110043,Treatment
8044,4,110044,Control
8045,4,110045,Treatment
8046,4,110046,Treatment
8047,4,110047,Treatment
8048,4,110048,Treatment
8049,4,110049,Treatment
8050,4,110050,Control
8051,4,110051,Control
8052,4,110052,Control
8053,4,110053,Control
8054,4,110054,Treatment
8055,4,110055,Control
8056,4,110056,Control
8057,4,110057,Treatment
8058,4,110058,Treatment
8059,4,110059,Control
8060,4,110060,Treatment
8061,4,110061,Treatment
8062,4,110062,Treatment
8063,4,110063,Treatment
8064,4,110064,Treatment
8065,4,110065,Control
8066,4,110066,Control
8067,4,110067,Treatment
8068,4,110068,Treatment
8069,4,110069,Control
8070,4,110070,Control
8071,4,110071,Treatment
8072,4,110072,Treatment
8073,4,110073,Control
8074,4,110074,Treatment
8075,4,110075,Control
8076,4,110076,Control
8077,4,110077,Treatment
8078,4,110078,Control
8079,4,110079,Control
8080,4,110080,Treatment
8081,4,110081,Control
8082,4,110082,Control
8083,4,110083,Treatment
8084,4,110084,Control
8085,4,110085,Treatment
8086,4,110086,Treatment
8087,4,110087,Control
8088,4,110088,Control
8089,4,110089,Control
8090,4,110090,Control
8091,4,110091,Treatment
8092,4,110092,Treatment
8093,4,110093,Control
8094,4,110094,Treatment
8095,4,110095,Treatment
8096,4,110096,Control
8097,4,110097,Treatment
8098,4,110098,Treatment
8099,4,110099,Treatment
8100,4,110100,Treatment
8101,4,110101,Treatment
8102,4,110102,Treatment
8103,4,110103,Treatment
8104,4,110104,Treatment
8105,4,110105,Control
8106,4,110106,Control
8107,4,110107,Control
8108,4,110108,Treatment
8109,4,110109,Treatment
8110,4,110110,Control
8111,4,110111,Control
8112,4,110112,Control
8113,4,110113,Control
8114,4,110114,Treatment
8115,4,110115,Control
8116,4,110116,Control
8117,4,110117,Treatment
8118,4,110118,Treatment
8119,4,110119,Treatment
8120,4,110120,Control
8121,4,110121,Treatment
8122,4,110122,Treatment
8123,4,110123,Control
8124,4,110124,Control
8125,4,110125,Control
8126,4,110126,Treatment
8127,4,110127,Control
8128,4,110128,Treatment
8129,4,110129,Treatment
8130,4,110130,Treatment
8131,4,110131,Treatment
8132,4,110132,Treatment
8133,4,110133,Control
8134,4,110134,Control
8135,4,110135,Control
8136,4,110136,Treatment
8137,4,110137,Control
8138,4,110138,Treatment
8139,4,110139,Treatment
8140,4,110140,Treatment
8141,4,110141,Treatment
8142,4,110142,Treatment
8143,4,110143,Treatment
8144,4,110144,Treatment
8145,4,110145,Control
8146,4,110146,Treatment
8147,4,110147,Control
8148,4,110148,Control
8149,4,110149,Control
8150,4,110150,Treatment
8151,4,110151,Control
8152,4,110152,Treatment
8153,4,110153,Treatment
8154,4,110154,Control
8155,4,110155,Treatment
8156,4,110156,Control
8157,4,110157,Control
8158,4,110158,Treatment
8159,4,110159,Treatment
8160,4,110160,Treatment
8161,4,110161,Treatment
8162,4,110162,Treatment
8163,4,110163,Treatment
8164,4,110164,Control
8165,4,110165,Control
8166,4,110166,Control
8167,4,110167,Control
8168,4,110168,Control
8169,4,110169,Treatment
8170,4,110170,Treatment
8171,4,110171,Treatment
8172,4,110172,Treatment
8173,4,110173,Treatment
8174,4,110174,Treatment
8175,4,110175,Treatment
8176,4,110176,Control
8177,4,110177,Control
8178,4,110178,Control
8179,4,110179,Treatment
8180,4,110180,Control
8181,4,110181,Treatment
8182,4,110182,Control
8183,4,110183,Control
8184,4,110184,Treatment
8185,4,110185,Treatment
8186,4,110186,Treatment
8187,4,110187,Control
8188,4,110188,Treatment
8189,4,110189,Control
8190,4,110190,Control
8191,4,110191,Treatment
8192,4,110192,Treatment
8193,4,110193,Control
8194,4,110194,Treatment
8195,4,110195,Control
8196,4,110196,Control
8197,4,110197,Treatment
8198,4,110198,Control
8199,4,110199,Control
8200,4,110200,Treatment
8201,4,110201,Control
8202,4,110202,Control
8203,4,110203,Control
8204,4,110204,Treatment
8205,4,110205,Control
8206,4,110206,Treatment
8207,4,110207,Control
8208,4,110208,Treatment
8209,4,110209,Control
8210,4,110210,Treatment
8211,4,110211,Treatment
8212,4,110212,Treatment
8213,4,110213,Treatment
8214,4,110214,Treatment
8215,4,110215,Control
8216,4,110216,Treatment
8217,4,110217,Control
8218,4,110218,Control
8219,4,110219,Control
8220,4,110220,Treatment
8221,4,110221,Treatment
8222,4,110222,Control
8223,4,110223,Control
8224,4,110224,Control
8225,4,110225,Treatment
8226,4,110226,Treatment
8227,4,110227,Control
8228,4,110228,Control
8229,4,110229,Treatment
8230,4,110230,Control
8231,4,110231,Treatment
8232,4,110232,Control
8233,4,110233,Control
8234,4,110234,Control
8235,4,110235,Control
8236,4,110236,Control
8237,4,110237,Treatment
8238,4,110238,Treatment
8239,4,110239,Control
8240,4,110240,Control
8241,4,110241,Control
8242,4,110242,Treatment
8243,4,110243,Treatment
8244,4,110244,Control
8245,4,110245,Control
8246,4,110246,Control
8247,4,110247,Treatment
8248,4,110248,Control
8249,4,110249,Control
8250,4,110250,Control
8251,4,110251,Control
8252,4,110252,Treatment
8253,4,110253,Control
8254,4,110254,Control
8255,4,110255,Control
8256,4,110256,Treatment
8257,4,110257,Treatment
8258,4,110258,Control
8259,4,110259,Control
8260,4,110260,Control
8261,4,110261,Treatment
8262,4,110262,Control
8263,4,110263,Control
8264,4,110264,Treatment
8265,4,110265,Control
8266,4,110266,Control
8267,4,110267,Treatment
8268,4,110268,Control
8269,4,110269,Control
8270,4,110270,Control
8271,4,110271,Treatment
8272,4,110272,Treatment
8273,4,110273,Treatment
8274,4,110274,Treatment
8275,4,110275,Treatment
8276,4,110276,Treatment
8277,4,110277,Control
8278,4,110278,Control
8279,4,110279,Control
8280,4,110280,Control
8281,4,110281,Treatment
8282,4,110282,Treatment
8283,4,110283,Treatment
8284,4,110284,Treatment
8285,4,110285,Control
8286,4,110286,Control
8287,4,110287,Treatment
8288,4,110288,Treatment
8289,4,110289,Control
8290,4,110290,Control
8291,4,110291,Control
8292,4,110292,Treatment
8293,4,110293,Control
8294,4,110294,Treatment
8295,4,110295,Control
8296,4,110296,Treatment
8297,4,110297,Control
8298,4,110298,Treatment
8299,4,110299,Treatment
8300,4,110300,Treatment
8301,4,110301,Control
8302,4,110302,Control
8303,4,110303,Treatment
8304,4,110304,Control
8305,4,110305,Control
8306,4,110306,Treatment
8307,4,110307,Control
8308,4,110308,Treatment
8309,4,110309,Control
8310,4,110310,Control
8311,4,110311,Treatment
8312,4,110312,Control
8313,4,110313,Control
8314,4,110314,Control
8315,4,110315,Treatment
8316,4,110316,Treatment
8317,4,110317,Treatment
8318,4,110318,Treatment
8319,4,110319,Control
8320,4,110320,Treatment
8321,4,110321,Treatment
8322,4,110322,Treatment
8323,4,110323,Control
8324,4,110324,Treatment
8325,4,110325,Control
8326,4,110326,Treatment
8327,4,110327,Control
8328,4,110328,Treatment
8329,4,110329,Control
8330,4,110330,Control
8331,4,110331,Treatment
8332,4,110332,Control
8333,4,110333,Control
8334,4,110334,Treatment
8335,4,110335,Control
8336,4,110336,Treatment
8337,4,110337,Control
8338,4,110338,Treatment
8339,4,110339,Control
8340,4,110340,Control
8341,4,110341,Treatment
8342,4,110342,Control
8343,4,110343,Control
8344,4,110344,Control
8345,4,110345,Treatment
8346,4,110346,Treatment
8347,4,110347,Treatment
8348,4,110348,Control
8349,4,110349,Treatment
8350,4,110350,Control
8351,4,110351,Control
8352,4,110352,Treatment
8353,4,110353,Control
8354,4,110354,Treatment
8355,4,110355,Treatment
8356,4,110356,Control
8357,4,110357,Control
8358,4,110358,Control
8359,4,110359,Treatment
8360,4,110360,Treatment
8361,4,110361,Control
8362,4,110362,Treatment
8363,4,110363,Treatment
8364,4,110364,Treatment
8365,4,110365,Control
8366,4,110366,Control
8367,4,110367,Control
8368,4,110368,Control
8369,4,110369,Treatment
8370,4,110370,Treatment
8371,4,110371,Control
8372,4,110372,Treatment
8373,4,110373,Control
8374,4,110374,Control
8375,4,110375,Control
8376,4,110376,Treatment
8377,4,110377,Control
8378,4,110378,Control
8379,4,110379,Control
8380,4,110380,Treatment
8381,4,110381,Treatment
8382,4,110382,Treatment
8383,4,110383,Treatment
8384,4,110384,Control
8385,4,110385,Treatment
8386,4,110386,Treatment
8387,4,110387,Control
8388,4,110388,Control
8389,4,110389,Treatment
8390,4,110390,Treatment
8391,4,110391,Treatment
8392,4,110392,Control
8393,4,110393,Control
8394,4,110394,Treatment
8395,4,110395,Treatment
8396,4,110396,Control
8397,4,110397,Treatment
8398,4,110398,Control
8399,4,110399,Treatment
8400,4,110400,Control
8401,4,110401,Treatment
8402,4,110402,Treatment
8403,4,110403,Treatment
8404,4,110404,Treatment
8405,4,110405,Control
8406,4,110406,Treatment
8407,4,110407,Control
8408,4,110408,Control
8409,4,110409,Treatment
8410,4,110410,Control
8411,4,110411,Control
8412,4,110412,Control
8413,4,110413,Control
8414,4,110414,Treatment
8415,4,110415,Treatment
8416,4,110416,Control
8417,4,110417,Treatment
8418,4,110418,Control
8419,4,110419,Treatment
8420,4,110420,Control
8421,4,110421,Treatment
8422,4,110422,Control
8423,4,110423,Treatment
8424,4,110424,Treatment
8425,4,110425,Control
8426,4,110426,Control
8427,4,110427,Control
8428,4,110428,Treatment
8429,4,110429,Treatment
8430,4,110430,Control
8431,4,110431,Treatment
8432,4,110432,Treatment
8433,4,110433,Control
8434,4,110434,Control
8435,4,110435,Treatment
8436,4,110436,Treatment
8437,4,110437,Treatment
8438,4,110438,Control
8439,4,110439,Control
8440,4,110440,Treatment
8441,4,110441,Treatment
8442,4,110442,Control
8443,4,110443,Control
8444,4,110444,Control
8445,4,110445,Control
8446,4,110446,Control
8447,4,110447,Treatment
8448,4,110448,Treatment
8449,4,110449,Treatment
8450,4,110450,Control
8451,4,110451,Treatment
8452,4,110452,Treatment
8453,4,110453,Treatment
8454,4,110454,Control
8455,4,110455,Treatment
8456,4,110456,Control
8457,4,110457,Treatment
8458,4,110458,Control
8459,4,110459,Control
8460,4,110460,Treatment
8461,4,110461,Control
8462,4,110462,Treatment
8463,4,110463,Control
8464,4,110464,Control
8465,4,110465,Control
8466,4,110466,Control
8467,4,110467,Treatment
8468,4,110468,Treatment
8469,4,110469,Control
8470,4,110470,Treatment
8471,4,110471,Treatment
8472,4,110472,Treatment
8473,4,110473,Treatment
8474,4,110474,Control
8475,4,110475,Control
8476,4,110476,Treatment
8477,4,110477,Treatment
8478,4,110478,Control
8479,4,110479,Treatment
8480,4,110480,Control
8481,4,110481,Treatment
8482,4,110482,Treatment
8483,4,110483,Treatment
8484,4,110484,Control
8485,4,110485,Treatment
8486,4,110486,Control
8487,4,110487,Control
8488,4,110488,Treatment
8489,4,110489,Treatment
8490,4,110490,Treatment
8491,4,110491,Control
8492,4,110492,Treatment
8493,4,110493,Treatment
8494,4,110494,Control
8495,4,110495,Treatment
8496,4,110496,Treatment
8497,4,110497,Treatment
8498,4,110498,Treatment
8499,4,110499,Control
8500,4,110500,Control
8501,4,110501,Treatment
8502,4,110502,Treatment
8503,4,110503,Treatment
8504,4,110504,Treatment
8505,4,110505,Treatment
8506,4,110506,Treatment
8507,4,110507,Treatment
8508,4,110508,Control
8509,4,110509,Control
8510,4,110510,Treatment
8511,4,110511,Treatment
8512,4,110512,Control
8513,4,110513,Control
8514,4,110514,Treatment
8515,4,110515,Treatment
8516,4,110516,Treatment
8517,4,110517,Treatment
8518,4,110518,Control
8519,4,110519,Treatment
8520,4,110520,Control
8521,4,110521,Control
8522,4,110522,Treatment
8523,4,110523,Control
8524,4,110524,Control
8525,4,110525,Control
8526,4,110526,Treatment
8527,4,110527,Treatment
8528,4,110528,Treatment
8529,4,110529,Treatment
8530,4,110530,Treatment
8531,4,110531,Treatment
8532,4,110532,Control
8533,4,110533,Control
8534,4,110534,Treatment
8535,4,110535,Control
8536,4,110536,Treatment
8537,4,110537,Control
8538,4,110538,Control
8539,4,110539,Treatment
8540,4,110540,Control
8541,4,110541,Control
8542,4,110542,Control
8543,4,110543,Treatment
8544,4,110544,Control
8545,4,110545,Control
8546,4,110546,Treatment
8547,4,110547,Control
8548,4,110548,Control
8549,4,110549,Treatment
8550,4,110550,Control
8551,4,110551,Control
8552,4,110552,Control
8553,4,110553,Control
8554,4,110554,Control
8555,4,110555,Control
8556,4,110556,Control
8557,4,110557,Treatment
8558,4,110558,Control
8559,4,110559,Control
8560,4,110560,Treatment
8561,4,110561,Treatment
8562,4,110562,Control
8563,4,110563,Treatment
8564,4,110564,Treatment
8565,4,110565,Control
8566,4,110566,Treatment
8567,4,110567,Control
8568,4,110568,Control
8569,4,110569,Control
8570,4,110570,Control
8571,4,110571,Control
8572,4,110572,Treatment
8573,4,110573,Control
8574,4,110574,Treatment
8575,4,110575,Control
8576,4,110576,Control
8577,4,110577,Control
8578,4,110578,Control
8579,4,110579,Control
8580,4,110580,Control
8581,4,110581,Treatment
8582,4,110582,Control
8583,4,110583,Control
8584,4,110584,Treatment
8585,4,110585,Control
8586,4,110586,Treatment
8587,4,110587,Control
8588,4,110588,Control
8589,4,110589,Control
8590,4,110590,Treatment
8591,4,110591,Control
8592,4,110592,Treatment
8593,4,110593,Treatment
8594,4,110594,Treatment
8595,4,110595,Treatment
8596,4,110596,Control
8597,4,110597,Treatment
8598,4,110598,Control
8599,4,110599,Control
8600,4,110600,Control
8601,4,110601,Control
8602,4,110602,Treatment
8603,4,110603,Control
8604,4,110604,Treatment
8605,4,110605,Treatment
8606,4,110606,Treatment
8607,4,110607,Control
8608,4,110608,Control
8609,4,110609,Treatment
8610,4,110610,Treatment
8611,4,110611,Treatment
8612,4,110612,Treatment
8613,4,110613,Treatment
8614,4,110614,Control
8615,4,110615,Control
8616,4,110616,Control
8617,4,110617,Treatment
8618,4,110618,Control
8619,4,110619,Control
8620,4,110620,Treatment
8621,4,110621,Treatment
8622,4,110622,Treatment
8623,4,110623,Treatment
8624,4,110624,Treatment
8625,4,110625,Control
8626,4,110626,Treatment
8627,4,110627,Treatment
8628,4,110628,Treatment
8629,4,110629,Treatment
8630,4,110630,Treatment
8631,4,110631,Treatment
8632,4,110632,Control
8633,4,110633,Treatment
8634,4,110634,Treatment
8635,4,110635,Treatment
8636,4,110636,Control
8637,4,110637,Treatment
8638,4,110638,Treatment
8639,4,110639,Control
8640,4,110640,Control
8641,4,110641,Treatment
8642,4,110642,Control
8643,4,110643,Control
8644,4,110644,Treatment
8645,4,110645,Control
8646,4,110646,Treatment
8647,4,110647,Treatment
8648,4,110648,Treatment
8649,4,110649,Control
8650,4,110650,Control
8651,4,110651,Control
8652,4,110652,Control
8653,4,110653,Control
8654,4,110654,Control
8655,4,110655,Treatment
8656,4,110656,Treatment
8657,4,110657,Treatment
8658,4,110658,Treatment
8659,4,110659,Control
8660,4,110660,Control
8661,4,110661,Control
8662,4,110662,Control
8663,4,110663,Treatment
8664,4,110664,Control
8665,4,110665,Treatment
8666,4,110666,Treatment
8667,4,110667,Control
8668,4,110668,Treatment
8669,4,110669,Treatment
8670,4,110670,Control
8671,4,110671,Treatment
8672,4,110672,Treatment
8673,4,110673,Treatment
8674,4,110674,Treatment
8675,4,110675,Control
8676,4,110676,Treatment
8677,4,110677,Control
8678,4,110678,Treatment
8679,4,110679,Treatment
8680,4,110680,Control
8681,4,110681,Treatment
8682,4,110682,Control
8683,4,110683,Control
8684,4,110684,Control
8685,4,110685,Treatment
8686,4,110686,Control
8687,4,110687,Control
8688,4,110688,Treatment
8689,4,110689,Control
8690,4,110690,Treatment
8691,4,110691,Control
8692,4,110692,Control
8693,4,110693,Treatment
8694,4,110694,Treatment
8695,4,110695,Control
8696,4,110696,Treatment
8697,4,110697,Treatment
8698,4,110698,Control
8699,4,110699,Treatment
8700,4,110700,Control
8701,4,110701,Control
8702,4,110702,Control
8703,4,110703,Control
8704,4,110704,Treatment
8705,4,110705,Treatment
8706,4,110706,Treatment
8707,4,110707,Control
8708,4,110708,Treatment
8709,4,110709,Treatment
8710,4,110710,Control
8711,4,110711,Control
8712,4,110712,Treatment
8713,4,110713,Treatment
8714,4,110714,Treatment
8715,4,110715,Treatment
8716,4,110716,Treatment
8717,4,110717,Treatment
8718,4,110718,Treatment
8719,4,110719,Control
8720,4,110720,Control
8721,4,110721,Treatment
8722,4,110722,Treatment
8723,4,110723,Treatment
8724,4,110724,Control
8725,4,110725,Treatment
8726,4,110726,Control
8727,4,110727,Control
8728,4,110728,Control
8729,4,110729,Treatment
8730,4,110730,Treatment
8731,4,110731,Control
8732,4,110732,Treatment
8733,4,110733,Control
8734,4,110734,Treatment
8735,4,110735,Control
8736,4,110736,Treatment
8737,4,110737,Treatment
8738,4,110738,Treatment
8739,4,110739,Treatment
8740,4,110740,Treatment
8741,4,110741,Control
8742,4,110742,Control
8743,4,110743,Control
8744,4,110744,Control
8745,4,110745,Control
8746,4,110746,Treatment
8747,4,110747,Control
8748,4,110748,Treatment
8749,4,110749,Treatment
8750,4,110750,Control
8751,4,110751,Treatment
8752,4,110752,Control
8753,4,110753,Control
8754,4,110754,Treatment
8755,4,110755,Treatment
8756,4,110756,Control
8757,4,110757,Control
8758,4,110758,Control
8759,4,110759,Control
8760,4,110760,Treatment
8761,4,110761,Treatment
8762,4,110762,Control
8763,4,110763,Treatment
8764,4,110764,Treatment
8765,4,110765,Control
8766,4,110766,Control
8767,4,110767,Treatment
8768,4,110768,Treatment
8769,4,110769,Control
8770,4,110770,Treatment
8771,4,110771,Control
8772,4,110772,Control
8773,4,110773,Control
8774,4,110774,Control
8775,4,110775,Treatment
8776,4,110776,Treatment
8777,4,110777,Treatment
8778,4,110778,Control
8779,4,110779,Control
8780,4,110780,Treatment
8781,4,110781,Treatment
8782,4,110782,Control
8783,4,110783,Control
8784,4,110784,Treatment
8785,4,110785,Treatment
8786,4,110786,Treatment
8787,4,110787,Treatment
8788,4,110788,Treatment
8789,4,110789,Treatment
8790,4,110790,Control
8791,4,110791,Control
8792,4,110792,Control
8793,4,110793,Control
8794,4,110794,Control
8795,4,110795,Treatment
8796,4,110796,Control
8797,4,110797,Control
8798,4,110798,Treatment
8799,4,110799,Control
8800,4,110800,Treatment
8801,4,110801,Control
8802,4,110802,Control
8803,4,110803,Treatment
8804,4,110804,Control
8805,4,110805,Control
8806,4,110806,Control
8807,4,110807,Treatment
8808,4,110808,Treatment
8809,4,110809,Treatment
8810,4,110810,Control
8811,4,110811,Control
8812,4,110812,Treatment
8813,4,110813,Treatment
8814,4,110814,Treatment
8815,4,110815,Treatment
8816,4,110816,Control
8817,4,110817,Control
8818,4,110818,Treatment
8819,4,110819,Control
8820,4,110820,Control
8821,4,110821,Control
8822,4,110822,Control
8823,4,110823,Treatment
8824,4,110824,Control
8825,4,110825,Control
8826,4,110826,Treatment
8827,4,110827,Control
8828,4,110828,Control
8829,4,110829,Treatment
8830,4,110830,Treatment
8831,4,110831,Control
8832,4,110832,Control
8833,4,110833,Treatment
8834,4,110834,Control
8835,4,110835,Control
8836,4,110836,Treatment
8837,4,110837,Treatment
8838,4,110838,Treatment
8839,4,110839,Treatment
8840,4,110840,Control
8841,4,110841,Control
8842,4,110842,Control
8843,4,110843,Control
8844,4,110844,Treatment
8845,4,110845,Control
8846,4,110846,Treatment
8847,4,110847,Control
8848,4,110848,Control
8849,4,110849,Treatment
8850,4,110850,Treatment
8851,4,110851,Treatment
8852,4,110852,Control
8853,4,110853,Treatment
8854,4,110854,Control
8855,4,110855,Treatment
8856,4,110856,Control
8857,4,110857,Control
8858,4,110858,Treatment
8859,4,110859,Treatment
8860,4,110860,Treatment
8861,4,110861,Control
8862,4,110862,Treatment
8863,4,110863,Treatment
8864,4,110864,Treatment
8865,4,110865,Control
8866,4,110866,Control
8867,4,110867,Control
8868,4,110868,Control
8869,4,110869,Treatment
8870,4,110870,Treatment
8871,4,110871,Treatment
8872,4,110872,Treatment
8873,4,110873,Treatment
8874,4,110874,Treatment
8875,4,110875,Control
8876,4,110876,Control
8877,4,110877,Control
8878,4,110878,Control
8879,4,110879,Control
8880,4,110880,Control
8881,4,110881,Control
8882,4,110882,Treatment
8883,4,110883,Treatment
8884,4,110884,Treatment
8885,4,110885,Treatment
8886,4,110886,Treatment
8887,4,110887,Treatment
8888,4,110888,Control
8889,4,110889,Treatment
8890,4,110890,Treatment
8891,4,110891,Control
8892,4,110892,Treatment
8893,4,110893,Treatment
8894,4,110894,Treatment
8895,4,110895,Control
8896,4,110896,Treatment
8897,4,110897,Control
8898,4,110898,Treatment
8899,4,110899,Treatment
8900,4,110900,Treatment
8901,4,110901,Control
8902,4,110902,Control
8903,4,110903,Treatment
8904,4,110904,Treatment
8905,4,110905,Treatment
8906,4,110906,Treatment
8907,4,110907,Control
8908,4,110908,Treatment
8909,4,110909,Treatment
8910,4,110910,Treatment
8911,4,110911,Control
8912,4,110912,Treatment
8913,4,110913,Control
8914,4,110914,Treatment
8915,4,110915,Control
8916,4,110916,Treatment
8917,4,110917,Control
8918,4,110918,Control
8919,4,110919,Treatment
8920,4,110920,Treatment
8921,4,110921,Control
8922,4,110922,Control
8923,4,110923,Treatment
8924,4,110924,Control
8925,4,110925,Control
8926,4,110926,Treatment
8927,4,110927,Control
8928,4,110928,Control
8929,4,110929,Control
8930,4,110930,Control
8931,4,110931,Control
8932,4,110932,Control
8933,4,110933,Treatment
8934,4,110934,Treatment
8935,4,110935,Treatment
8936,4,110936,Treatment
8937,4,110937,Control
8938,4,110938,Treatment
8939,4,110939,Treatment
8940,4,110940,Control
8941,4,110941,Treatment
8942,4,110942,Control
8943,4,110943,Treatment
8944,4,110944,Treatment
8945,4,110945,Control
8946,4,110946,Control
8947,4,110947,Treatment
8948,4,110948,Control
8949,4,110949,Treatment
8950,4,110950,Treatment
8951,4,110951,Treatment
8952,4,110952,Control
8953,4,110953,Treatment
8954,4,110954,Control
8955,4,110955,Treatment
8956,4,110956,Treatment
8957,4,110957,Treatment
8958,4,110958,Control
8959,4,110959,Control
8960,4,110960,Control
8961,4,110961,Control
8962,4,110962,Control
8963,4,110963,Treatment
8964,4,110964,Treatment
8965,4,110965,Treatment
8966,4,110966,Control
8967,4,110967,Treatment
8968,4,110968,Control
8969,4,110969,Treatment
8970,4,110970,Treatment
8971,4,110971,Control
8972,4,110972,Treatment
8973,4,110973,Control
8974,4,110974,Treatment
8975,4,110975,Control
8976,4,110976,Control
8977,4,110977,Treatment
8978,4,110978,Control
8979,4,110979,Treatment
8980,4,110980,Treatment
8981,4,110981,Treatment
8982,4,110982,Treatment
8983,4,110983,Control
8984,4,110984,Control
8985,4,110985,Control
8986,4,110986,Treatment
8987,4,110987,Treatment
8988,4,110988,Control
8989,4,110989,Control
8990,4,110990,Treatment
8991,4,110991,Treatment
8992,4,110992,Treatment
8993,4,110993,Treatment
8994,4,110994,Control
8995,4,110995,Control
8996,4,110996,Treatment
8997,4,110997,Treatment
8998,4,110998,Control
8999,4,110999,Control
9000,4,111000,Treatment
9001,4,111001,Control
9002,4,111002,Control
9003,4,111003,Control
9004,4,111004,Control
9005,4,111005,Treatment
9006,4,111006,Control
9007,4,111007,Treatment
9008,4,111008,Treatment
9009,4,111009,Control
9010,4,111010,Control
9011,4,111011,Treatment
9012,4,111012,Treatment
9013,4,111013,Treatment
9014,4,111014,Control
9015,4,111015,Control
9016,4,111016,Control
9017,4,111017,Control
9018,4,111018,Treatment
9019,4,111019,Treatment
9020,4,111020,Control
9021,4,111021,Control
9022,4,111022,Control
9023,4,111023,Control
9024,4,111024,Treatment
9025,4,111025,Treatment
9026,4,111026,Control
9027,4,111027,Treatment
9028,4,111028,Control
9029,4,111029,Control
9030,4,111030,Control
9031,4,111031,Control
9032,4,111032,Control
9033,4,111033,Control
9034,4,111034,Control
9035,4,111035,Control
9036,4,111036,Treatment
9037,4,111037,Treatment
9038,4,111038,Control
9039,4,111039,Control
9040,4,111040,Control
9041,4,111041,Treatment
9042,4,111042,Treatment
9043,4,111043,Control
9044,4,111044,Control
9045,4,111045,Treatment
9046,4,111046,Control
9047,4,111047,Treatment
9048,4,111048,Control
9049,4,111049,Control
9050,4,111050,Control
9051,4,111051,Treatment
9052,4,111052,Control
9053,4,111053,Treatment
9054,4,111054,Control
9055,4,111055,Treatment
9056,4,111056,Treatment
9057,4,111057,Treatment
9058,4,111058,Treatment
9059,4,111059,Control
9060,4,111060,Control
9061,4,111061,Control
9062,4,111062,Control
9063,4,111063,Treatment
9064,4,111064,Control
9065,4,111065,Control
9066,4,111066,Treatment
9067,4,111067,Treatment
9068,4,111068,Treatment
9069,4,111069,Treatment
9070,4,111070,Treatment
9071,4,111071,Treatment
9072,4,111072,Treatment
9073,4,111073,Control
9074,4,111074,Control
9075,4,111075,Treatment
9076,4,111076,Control
9077,4,111077,Treatment
9078,4,111078,Control
9079,4,111079,Control
9080,4,111080,Treatment
9081,4,111081,Control
9082,4,111082,Control
9083,4,111083,Control
9084,4,111084,Treatment
9085,4,111085,Control
9086,4,111086,Treatment
9087,4,111087,Treatment
9088,4,111088,Control
9089,4,111089,Treatment
9090,4,111090,Treatment
9091,4,111091,Control
9092,4,111092,Control
9093,4,111093,Control
9094,4,111094,Treatment
9095,4,111095,Control
9096,4,111096,Treatment
9097,4,111097,Control
9098,4,111098,Control
9099,4,111099,Control
9100,4,111100,Treatment
9101,4,111101,Treatment
9102,4,111102,Treatment
9103,4,111103,Treatment
9104,4,111104,Treatment
9105,4,111105,Treatment
9106,4,111106,Treatment
9107,4,111107,Treatment
9108,4,111108,Treatment
9109,4,111109,Control
9110,4,111110,Control
9111,4,111111,Control
9112,4,111112,Control
9113,4,111113,Control
9114,4,111114,Control
9115,4,111115,Treatment
9116,4,111116,Control
9117,4,111117,Control
9118,4,111118,Control
9119,4,111119,Control
9120,4,111120,Control
9121,4,111121,Control
9122,4,111122,Control
9123,4,111123,Control
9124,4,111124,Treatment
9125,4,111125,Treatment
9126,4,111126,Treatment
9127,4,111127,Treatment
9128,4,111128,Treatment
9129,4,111129,Treatment
9130,4,111130,Treatment
9131,4,111131,Control
9132,4,111132,Control
9133,4,111133,Control
9134,4,111134,Treatment
9135,4,111135,Treatment
9136,4,111136,Treatment
9137,4,111137,Control
9138,4,111138,Control
9139,4,111139,Treatment
9140,4,111140,Treatment
9141,4,111141,Treatment
9142,4,111142,Treatment
9143,4,111143,Control
9144,4,111144,Treatment
9145,4,111145,Treatment
9146,4,111146,Control
9147,4,111147,Control
9148,4,111148,Control
9149,4,111149,Control
9150,4,111150,Control
9151,4,111151,Control
9152,4,111152,Control
9153,4,111153,Treatment
9154,4,111154,Control
9155,4,111155,Treatment
9156,4,111156,Treatment
9157,4,111157,Control
9158,4,111158,Treatment
9159,4,111159,Treatment
9160,4,111160,Control
9161,4,111161,Treatment
9162,4,111162,Treatment
9163,4,111163,Control
9164,4,111164,Treatment
9165,4,111165,Treatment
9166,4,111166,Control
9167,4,111167,Control
9168,4,111168,Treatment
9169,4,111169,Control
9170,4,111170,Control
9171,4,111171,Control
9172,4,111172,Treatment
9173,4,111173,Treatment
9174,4,111174,Treatment
9175,4,111175,Control
9176,4,111176,Control
9177,4,111177,Treatment
9178,4,111178,Control
9179,4,111179,Control
9180,4,111180,Treatment
9181,4,111181,Control
9182,4,111182,Treatment
9183,4,111183,Control
9184,4,111184,Control
9185,4,111185,Treatment
9186,4,111186,Control
9187,4,111187,Treatment
9188,4,111188,Treatment
9189,4,111189,Control
9190,4,111190,Control
9191,4,111191,Treatment
9192,4,111192,Control
9193,4,111193,Control
9194,4,111194,Treatment
9195,4,111195,Treatment
9196,4,111196,Control
9197,4,111197,Control
9198,4,111198,Treatment
9199,4,111199,Treatment
9200,4,111200,Control
9201,4,111201,Treatment
9202,4,111202,Treatment
9203,4,111203,Treatment
9204,4,111204,Treatment
9205,4,111205,Treatment
9206,4,111206,Treatment
9207,4,111207,Treatment
9208,4,111208,Treatment
9209,4,111209,Treatment
9210,4,111210,Treatment
9211,4,111211,Control
9212,4,111212,Treatment
9213,4,111213,Treatment
9214,4,111214,Control
9215,4,111215,Treatment
9216,4,111216,Treatment
9217,4,111217,Control
9218,4,111218,Control
9219,4,111219,Control
9220,4,111220,Control
9221,4,111221,Control
9222,4,111222,Treatment
9223,4,111223,Control
9224,4,111224,Control
9225,4,111225,Treatment
9226,4,111226,Control
9227,4,111227,Treatment
9228,4,111228,Treatment
9229,4,111229,Control
9230,4,111230,Control
9231,4,111231,Control
9232,4,111232,Treatment
9233,4,111233,Control
9234,4,111234,Treatment
9235,4,111235,Treatment
9236,4,111236,Control
9237,4,111237,Treatment
9238,4,111238,Control
9239,4,111239,Treatment
9240,4,111240,Treatment
9241,4,111241,Control
9242,4,111242,Control
9243,4,111243,Treatment
9244,4,111244,Treatment
9245,4,111245,Treatment
9246,4,111246,Control
9247,4,111247,Control
9248,4,111248,Control
9249,4,111249,Treatment
9250,4,111250,Treatment
9251,4,111251,Control
9252,4,111252,Treatment
9253,4,111253,Control
9254,4,111254,Treatment
9255,4,111255,Control
9256,4,111256,Control
9257,4,111257,Treatment
9258,4,111258,Control
9259,4,111259,Treatment
9260,4,111260,Control
9261,4,111261,Control
9262,4,111262,Control
9263,4,111263,Control
9264,4,111264,Treatment
9265,4,111265,Treatment
9266,4,111266,Control
9267,4,111267,Treatment
9268,4,111268,Treatment
9269,4,111269,Control
9270,4,111270,Control
9271,4,111271,Control
9272,4,111272,Treatment
9273,4,111273,Control
9274,4,111274,Treatment
9275,4,111275,Control
9276,4,111276,Treatment
9277,4,111277,Treatment
9278,4,111278,Treatment
9279,4,111279,Treatment
9280,4,111280,Treatment
9281,4,111281,Treatment
9282,4,111282,Treatment
9283,4,111283,Control
9284,4,111284,Control
9285,4,111285,Control
9286,4,111286,Treatment
9287,4,111287,Treatment
9288,4,111288,Control
9289,4,111289,Control
9290,4,111290,Control
9291,4,111291,Treatment
9292,4,111292,Control
9293,4,111293,Treatment
9294,4,111294,Treatment
9295,4,111295,Control
9296,4,111296,Control
9297,4,111297,Treatment
9298,4,111298,Treatment
9299,4,111299,Control
9300,4,111300,Control
9301,4,111301,Treatment
9302,4,111302,Control
9303,4,111303,Treatment
9304,4,111304,Treatment
9305,4,111305,Treatment
9306,4,111306,Treatment
9307,4,111307,Control
9308,4,111308,Treatment
9309,4,111309,Treatment
9310,4,111310,Treatment
9311,4,111311,Control
9312,4,111312,Control
9313,4,111313,Control
9314,4,111314,Treatment
9315,4,111315,Control
9316,4,111316,Treatment
9317,4,111317,Control
9318,4,111318,Control
9319,4,111319,Treatment
9320,4,111320,Treatment
9321,4,111321,Treatment
9322,4,111322,Control
9323,4,111323,Control
9324,4,111324,Control
9325,4,111325,Treatment
9326,4,111326,Control
9327,4,111327,Control
9328,4,111328,Treatment
9329,4,111329,Treatment
9330,4,111330,Treatment
9331,4,111331,Treatment
9332,4,111332,Control
9333,4,111333,Control
9334,4,111334,Control
9335,4,111335,Treatment
9336,4,111336,Control
9337,4,111337,Control
9338,4,111338,Treatment
9339,4,111339,Treatment
9340,4,111340,Treatment
9341,4,111341,Control
9342,4,111342,Treatment
9343,4,111343,Treatment
9344,4,111344,Treatment
9345,4,111345,Treatment
9346,4,111346,Control
9347,4,111347,Treatment
9348,4,111348,Treatment
9349,4,111349,Control
9350,4,111350,Control
9351,4,111351,Treatment
9352,4,111352,Control
9353,4,111353,Treatment
9354,4,111354,Control
9355,4,111355,Treatment
9356,4,111356,Treatment
9357,4,111357,Control
9358,4,111358,Control
9359,4,111359,Treatment
9360,4,111360,Treatment
9361,4,111361,Treatment
9362,4,111362,Treatment
9363,4,111363,Control
9364,4,111364,Treatment
9365,4,111365,Control
9366,4,111366,Control
9367,4,111367,Control
9368,4,111368,Control
9369,4,111369,Control
9370,4,111370,Treatment
9371,4,111371,Control
9372,4,111372,Treatment
9373,4,111373,Control
9374,4,111374,Control
9375,4,111375,Treatment
9376,4,111376,Treatment
9377,4,111377,Treatment
9378,4,111378,Treatment
9379,4,111379,Control
9380,4,111380,Control
9381,4,111381,Treatment
9382,4,111382,Treatment
9383,4,111383,Treatment
9384,4,111384,Treatment
9385,4,111385,Treatment
9386,4,111386,Treatment
9387,4,111387,Treatment
9388,4,111388,Treatment
9389,4,111389,Treatment
9390,4,111390,Treatment
9391,4,111391,Control
9392,4,111392,Treatment
9393,4,111393,Control
9394,4,111394,Treatment
9395,4,111395,Control
9396,4,111396,Treatment
9397,4,111397,Control
9398,4,111398,Treatment
9399,4,111399,Treatment
9400,4,111400,Treatment
9401,4,111401,Treatment
9402,4,111402,Control
9403,4,111403,Control
9404,4,111404,Treatment
9405,4,111405,Treatment
9406,4,111406,Control
9407,4,111407,Treatment
9408,4,111408,Treatment
9409,4,111409,Control
9410,4,111410,Control
9411,4,111411,Control
9412,4,111412,Control
9413,4,111413,Control
9414,4,111414,Treatment
9415,4,111415,Treatment
9416,4,111416,Treatment
9417,4,111417,Control
9418,4,111418,Treatment
9419,4,111419,Treatment
9420,4,111420,Control
9421,4,111421,Treatment
9422,4,111422,Treatment
9423,4,111423,Treatment
9424,4,111424,Control
9425,4,111425,Control
9426,4,111426,Treatment
9427,4,111427,Control
9428,4,111428,Control
9429,4,111429,Treatment
9430,4,111430,Control
9431,4,111431,Control
9432,4,111432,Control
9433,4,111433,Control
9434,4,111434,Treatment
9435,4,111435,Control
9436,4,111436,Treatment
9437,4,111437,Treatment
9438,4,111438,Control
9439,4,111439,Control
9440,4,111440,Treatment
9441,4,111441,Control
9442,4,111442,Treatment
9443,4,111443,Treatment
9444,4,111444,Control
9445,4,111445,Treatment
9446,4,111446,Control
9447,4,111447,Treatment
9448,4,111448,Control
9449,4,111449,Control
9450,4,111450,Control
9451,4,111451,Control
9452,4,111452,Treatment
9453,4,111453,Treatment
9454,4,111454,Treatment
9455,4,111455,Treatment
9456,4,111456,Treatment
9457,4,111457,Control
9458,4,111458,Treatment
9459,4,111459,Control
9460,4,111460,Treatment
9461,4,111461,Treatment
9462,4,111462,Control
9463,4,111463,Treatment
9464,4,111464,Control
9465,4,111465,Control
9466,4,111466,Treatment
9467,4,111467,Treatment
9468,4,111468,Treatment
9469,4,111469,Treatment
9470,4,111470,Treatment
9471,4,111471,Treatment
9472,4,111472,Control
9473,4,111473,Control
9474,4,111474,Control
9475,4,111475,Treatment
9476,4,111476,Treatment
9477,4,111477,Control
9478,4,111478,Treatment
9479,4,111479,Control
9480,4,111480,Control
9481,4,111481,Control
9482,4,111482,Control
9483,4,111483,Treatment
9484,4,111484,Control
9485,4,111485,Control
9486,4,111486,Control
9487,4,111487,Treatment
9488,4,111488,Control
9489,4,111489,Control
9490,4,111490,Treatment
9491,4,111491,Treatment
9492,4,111492,Control
9493,4,111493,Control
9494,4,111494,Control
9495,4,111495,Control
9496,4,111496,Treatment
9497,4,111497,Treatment
9498,4,111498,Treatment
9499,4,111499,Treatment
9500,4,111500,Control
9501,4,111501,Treatment
9502,4,111502,Control
9503,4,111503,Control
9504,4,111504,Treatment
9505,4,111505,Treatment
9506,4,111506,Control
9507,4,111507,Control
9508,4,111508,Control
9509,4,111509,Treatment
9510,4,111510,Treatment
9511,4,111511,Treatment
9512,4,111512,Control
9513,4,111513,Treatment
9514,4,111514,Control
9515,4,111515,Treatment
9516,4,111516,Treatment
9517,4,111517,Treatment
9518,4,111518,Control
9519,4,111519,Treatment
9520,4,111520,Treatment
9521,4,111521,Control
9522,4,111522,Treatment
9523,4,111523,Treatment
9524,4,111524,Treatment
9525,4,111525,Treatment
9526,4,111526,Treatment
9527,4,111527,Treatment
9528,4,111528,Treatment
9529,4,111529,Treatment
9530,4,111530,Treatment
9531,4,111531,Control
9532,4,111532,Control
9533,4,111533,Control
9534,4,111534,Control
9535,4,111535,Control
9536,4,111536,Treatment
9537,4,111537,Control
9538,4,111538,Treatment
9539,4,111539,Control
9540,4,111540,Control
9541,4,111541,Treatment
9542,4,111542,Treatment
9543,4,111543,Control
9544,4,111544,Control
9545,4,111545,Control
9546,4,111546,Treatment
9547,4,111547,Treatment
9548,4,111548,Treatment
9549,4,111549,Control
9550,4,111550,Control
9551,4,111551,Control
9552,4,111552,Treatment
9553,4,111553,Control
9554,4,111554,Treatment
9555,4,111555,Treatment
9556,4,111556,Control
9557,4,111557,Control
9558,4,111558,Control
9559,4,111559,Control
9560,4,111560,Control
9561,4,111561,Control
9562,4,111562,Control
9563,4,111563,Treatment
9564,4,111564,Treatment
9565,4,111565,Control
9566,4,111566,Treatment
9567,4,111567,Control
9568,4,111568,Treatment
9569,4,111569,Treatment
9570,4,111570,Treatment
9571,4,111571,Treatment
9572,4,111572,Treatment
9573,4,111573,Control
9574,4,111574,Treatment
9575,4,111575,Control
9576,4,111576,Treatment
9577,4,111577,Treatment
9578,4,111578,Treatment
9579,4,111579,Control
9580,4,111580,Control
9581,4,111581,Treatment
9582,4,111582,Treatment
9583,4,111583,Control
9584,4,111584,Treatment
9585,4,111585,Treatment
9586,4,111586,Control
9587,4,111587,Treatment
9588,4,111588,Control
9589,4,111589,Treatment
9590,4,111590,Control
9591,4,111591,Control
9592,4,111592,Control
9593,4,111593,Treatment
9594,4,111594,Control
9595,4,111595,Treatment
9596,4,111596,Control
9597,4,111597,Treatment
9598,4,111598,Control
9599,4,111599,Control
9600,4,111600,Control
9601,4,111601,Treatment
9602,4,111602,Treatment
9603,4,111603,Control
9604,4,111604,Treatment
9605,4,111605,Treatment
9606,4,111606,Control
9607,4,111607,Control
9608,4,111608,Control
9609,4,111609,Treatment
9610,4,111610,Treatment
9611,4,111611,Control
9612,4,111612,Control
9613,4,111613,Control
9614,4,111614,Control
9615,4,111615,Treatment
9616,4,111616,Control
9617,4,111617,Treatment
9618,4,111618,Treatment
9619,4,111619,Control
9620,4,111620,Treatment
9621,4,111621,Control
9622,4,111622,Treatment
9623,4,111623,Treatment
9624,4,111624,Control
9625,4,111625,Treatment
9626,4,111626,Treatment
9627,4,111627,Control
9628,4,111628,Treatment
9629,4,111629,Treatment
9630,4,111630,Treatment
9631,4,111631,Control
9632,4,111632,Treatment
9633,4,111633,Control
9634,4,111634,Treatment
9635,4,111635,Control
9636,4,111636,Control
9637,4,111637,Control
9638,4,111638,Treatment
9639,4,111639,Treatment
9640,4,111640,Control
9641,4,111641,Treatment
9642,4,111642,Control
9643,4,111643,Control
9644,4,111644,Control
9645,4,111645,Control
9646,4,111646,Treatment
9647,4,111647,Control
9648,4,111648,Treatment
9649,4,111649,Control
9650,4,111650,Treatment
9651,4,111651,Treatment
9652,4,111652,Control
9653,4,111653,Control
9654,4,111654,Treatment
9655,4,111655,Treatment
9656,4,111656,Treatment
9657,4,111657,Control
9658,4,111658,Treatment
9659,4,111659,Treatment
9660,4,111660,Control
9661,4,111661,Control
9662,4,111662,Treatment
9663,4,111663,Control
9664,4,111664,Control
9665,4,111665,Treatment
9666,4,111666,Control
9667,4,111667,Control
9668,4,111668,Treatment
9669,4,111669,Treatment
9670,4,111670,Treatment
9671,4,111671,Treatment
9672,4,111672,Control
9673,4,111673,Control
9674,4,111674,Treatment
9675,4,111675,Treatment
9676,4,111676,Treatment
9677,4,111677,Control
9678,4,111678,Control
9679,4,111679,Treatment
9680,4,111680,Control
9681,4,111681,Treatment
9682,4,111682,Treatment
9683,4,111683,Treatment
9684,4,111684,Treatment
9685,4,111685,Control
9686,4,111686,Treatment
9687,4,111687,Control
9688,4,111688,Control
9689,4,111689,Treatment
9690,4,111690,Treatment
9691,4,111691,Control
9692,4,111692,Control
9693,4,111693,Control
9694,4,111694,Control
9695,4,111695,Control
9696,4,111696,Control
9697,4,111697,Control
9698,4,111698,Control
9699,4,111699,Control
9700,4,111700,Control
9701,4,111701,Control
9702,4,111702,Control
9703,4,111703,Treatment
9704,4,111704,Treatment
9705,4,111705,Control
9706,4,111706,Control
9707,4,111707,Treatment
9708,4,111708,Treatment
9709,4,111709,Treatment
9710,4,111710,Treatment
9711,4,111711,Control
9712,4,111712,Treatment
9713,4,111713,Control
9714,4,111714,Control
9715,4,111715,Treatment
9716,4,111716,Treatment
9717,4,111717,Treatment
9718,4,111718,Treatment
9719,4,111719,Treatment
9720,4,111720,Treatment
9721,4,111721,Control
9722,4,111722,Control
9723,4,111723,Control
9724,4,111724,Treatment
9725,4,111725,Treatment
9726,4,111726,Control
9727,4,111727,Control
9728,4,111728,Control
9729,4,111729,Treatment
9730,4,111730,Treatment
9731,4,111731,Treatment
9732,4,111732,Control
9733,4,111733,Control
9734,4,111734,Control
9735,4,111735,Treatment
9736,4,111736,Treatment
9737,4,111737,Control
9738,4,111738,Control
9739,4,111739,Treatment
9740,4,111740,Treatment
9741,4,111741,Treatment
9742,4,111742,Control
9743,4,111743,Control
9744,4,111744,Control
9745,4,111745,Treatment
9746,4,111746,Treatment
9747,4,111747,Treatment
9748,4,111748,Treatment
9749,4,111749,Control
9750,4,111750,Treatment
9751,4,111751,Control
9752,4,111752,Control
9753,4,111753,Control
9754,4,111754,Control
9755,4,111755,Treatment
9756,4,111756,Control
9757,4,111757,Treatment
9758,4,111758,Treatment
9759,4,111759,Treatment
9760,4,111760,Control
9761,4,111761,Control
9762,4,111762,Treatment
9763,4,111763,Treatment
9764,4,111764,Control
9765,4,111765,Control
9766,4,111766,Treatment
9767,4,111767,Treatment
9768,4,111768,Control
9769,4,111769,Treatment
9770,4,111770,Treatment
9771,4,111771,Control
9772,4,111772,Treatment
9773,4,111773,Treatment
9774,4,111774,Control
9775,4,111775,Control
9776,4,111776,Control
9777,4,111777,Control
9778,4,111778,Treatment
9779,4,111779,Control
9780,4,111780,Control
9781,4,111781,Treatment
9782,4,111782,Control
9783,4,111783,Treatment
9784,4,111784,Control
9785,4,111785,Treatment
9786,4,111786,Control
9787,4,111787,Control
9788,4,111788,Treatment
9789,4,111789,Control
9790,4,111790,Control
9791,4,111791,Treatment
9792,4,111792,Control
9793,4,111793,Control
9794,4,111794,Control
9795,4,111795,Treatment
9796,4,111796,Control
9797,4,111797,Treatment
9798,4,111798,Treatment
9799,4,111799,Control
9800,4,111800,Control
9801,4,111801,Treatment
9802,4,111802,Control
9803,4,111803,Control
9804,4,111804,Treatment
9805,4,111805,Treatment
9806,4,111806,Treatment
9807,4,111807,Control
9808,4,111808,Control
9809,4,111809,Treatment
9810,4,111810,Treatment
9811,4,111811,Treatment
9812,4,111812,Treatment
9813,4,111813,Treatment
9814,4,111814,Treatment
9815,4,111815,Control
9816,4,111816,Treatment
9817,4,111817,Treatment
9818,4,111818,Control
9819,4,111819,Treatment
9820,4,111820,Treatment
9821,4,111821,Control
9822,4,111822,Control
9823,4,111823,Control
9824,4,111824,Treatment
9825,4,111825,Treatment
9826,4,111826,Control
9827,4,111827,Control
9828,4,111828,Treatment
9829,4,111829,Control
9830,4,111830,Control
9831,4,111831,Treatment
9832,4,111832,Treatment
9833,4,111833,Treatment
9834,4,111834,Control
9835,4,111835,Control
9836,4,111836,Control
9837,4,111837,Control
9838,4,111838,Treatment
9839,4,111839,Control
9840,4,111840,Control
9841,4,111841,Treatment
9842,4,111842,Treatment
9843,4,111843,Treatment
9844,4,111844,Treatment
9845,4,111845,Treatment
9846,4,111846,Control
9847,4,111847,Control
9848,4,111848,Control
9849,4,111849,Treatment
9850,4,111850,Treatment
9851,4,111851,Treatment
9852,4,111852,Control
9853,4,111853,Control
9854,4,111854,Treatment
9855,4,111855,Treatment
9856,4,111856,Treatment
9857,4,111857,Treatment
9858,4,111858,Treatment
9859,4,111859,Treatment
9860,4,111860,Treatment
9861,4,111861,Treatment
9862,4,111862,Control
9863,4,111863,Control
9864,4,111864,Treatment
9865,4,111865,Control
9866,4,111866,Control
9867,4,111867,Control
9868,4,111868,Control
9869,4,111869,Treatment
9870,4,111870,Control
9871,4,111871,Treatment
9872,4,111872,Control
9873,4,111873,Control
9874,4,111874,Treatment
9875,4,111875,Treatment
9876,4,111876,Treatment
9877,4,111877,Treatment
9878,4,111878,Treatment
9879,4,111879,Treatment
9880,4,111880,Treatment
9881,4,111881,Treatment
9882,4,111882,Treatment
9883,4,111883,Treatment
9884,4,111884,Control
9885,4,111885,Control
9886,4,111886,Control
9887,4,111887,Control
9888,4,111888,Treatment
9889,4,111889,Control
9890,4,111890,Treatment
9891,4,111891,Treatment
9892,4,111892,Control
9893,4,111893,Treatment
9894,4,111894,Treatment
9895,4,111895,Treatment
9896,4,111896,Control
9897,4,111897,Control
9898,4,111898,Treatment
9899,4,111899,Control
9900,4,111900,Treatment
9901,4,111901,Treatment
9902,4,111902,Control
9903,4,111903,Control
9904,4,111904,Control
9905,4,111905,Control
9906,4,111906,Control
9907,4,111907,Control
9908,4,111908,Treatment
9909,4,111909,Treatment
9910,4,111910,Treatment
9911,4,111911,Treatment
9912,4,111912,Control
9913,4,111913,Treatment
9914,4,111914,Treatment
9915,4,111915,Control
9916,4,111916,Control
9917,4,111917,Control
9918,4,111918,Treatment
9919,4,111919,Control
9920,4,111920,Treatment
9921,4,111921,Control
9922,4,111922,Control
9923,4,111923,Treatment
9924,4,111924,Treatment
9925,4,111925,Treatment
9926,4,111926,Treatment
9927,4,111927,Control
9928,4,111928,Control
9929,4,111929,Treatment
9930,4,111930,Control
9931,4,111931,Control
9932,4,111932,Control
9933,4,111933,Control
9934,4,111934,Control
9935,4,111935,Treatment
9936,4,111936,Control
9937,4,111937,Treatment
9938,4,111938,Control
9939,4,111939,Treatment
9940,4,111940,Treatment
9941,4,111941,Treatment
9942,4,111942,Treatment
9943,4,111943,Control
9944,4,111944,Control
9945,4,111945,Control
9946,4,111946,Control
9947,4,111947,Control
9948,4,111948,Treatment
9949,4,111949,Treatment
9950,4,111950,Control
9951,4,111951,Treatment
9952,4,111952,Control
9953,4,111953,Treatment
9954,4,111954,Control
9955,4,111955,Control
9956,4,111956,Treatment
9957,4,111957,Treatment
9958,4,111958,Treatment
9959,4,111959,Control
9960,4,111960,Treatment
9961,4,111961,Treatment
9962,4,111962,Control
9963,4,111963,Treatment
9964,4,111964,Treatment
9965,4,111965,Treatment
9966,4,111966,Treatment
9967,4,111967,Treatment
9968,4,111968,Treatment
9969,4,111969,Control
9970,4,111970,Control
9971,4,111971,Control
9972,4,111972,Treatment
9973,4,111973,Control
9974,4,111974,Control
9975,4,111975,Control
9976,4,111976,Treatment
9977,4,111977,Treatment
9978,4,111978,Treatment
9979,4,111979,Treatment
9980,4,111980,Control
9981,4,111981,Treatment
9982,4,111982,Control
9983,4,111983,Control
9984,4,111984,Treatment
9985,4,111985,Control
9986,4,111986,Treatment
9987,4,111987,Treatment
9988,4,111988,Treatment
9989,4,111989,Control
9990,4,111990,Treatment
9991,4,111991,Control
9992,4,111992,Treatment
9993,4,111993,Treatment
9994,4,111994,Treatment
9995,4,111995,Control
9996,4,111996,Treatment
9997,4,111997,Treatment
9998,4,111998,Treatment
9999,4,111999,Treatment
10000,4,112000,Control
