user_id,user_type,device_type,country,activity_level,signup_date
100001,New,Desktop,India,Medium,2026-03-14
100002,Returning,Mobile,India,Medium,2026-04-23
100003,Returning,Mobile,United Kingdom,Medium,2026-05-13
100004,Returning,Mobile,India,Low,2026-07-24
100005,New,Mobile,India,Medium,2026-04-02
100006,Returning,Mobile,India,Low,2026-04-06
100007,New,Desktop,United Kingdom,Low,2026-08-13
100008,Returning,Mobile,United Kingdom,Medium,2026-03-19
100009,Returning,Mobile,India,Medium,2026-06-09
100010,Returning,Desktop,India,Low,2026-08-12
100011,Returning,Mobile,India,Low,2026-07-16
100012,Returning,Mobile,Australia,Medium,2026-06-17
100013,Returning,Desktop,Australia,Medium,2026-08-22
100014,Returning,Mobile,United States,Low,2026-03-20
100015,New,Desktop,India,High,2026-08-05
100016,Returning,Mobile,India,Low,2026-08-05
100017,Returning,Desktop,India,Medium,2026-06-07
100018,New,Mobile,India,Medium,2026-05-08
100019,Returning,Desktop,India,Medium,2026-08-09
100020,Returning,Desktop,India,Low,2026-04-07
100021,Returning,Mobile,India,High,2026-05-23
100022,Returning,Mobile,India,High,2026-03-05
100023,Returning,Mobile,India,Low,2026-06-05
100024,New,Mobile,India,High,2026-07-06
100025,New,Mobile,India,Low,2026-03-29
100026,Returning,Desktop,India,Medium,2026-08-04
100027,Returning,Mobile,India,Medium,2026-07-24
100028,New,Mobile,India,Medium,2026-05-18
100029,New,Mobile,India,Low,2026-06-09
100030,Returning,Mobile,India,Low,2026-07-01
100031,New,Mobile,India,Medium,2026-06-24
100032,Returning,Desktop,India,Low,2026-06-12
100033,New,Desktop,India,Medium,2026-06-20
100034,Returning,Mobile,United States,High,2026-06-15
100035,Returning,Desktop,India,High,2026-03-29
100036,Returning,Mobile,United Kingdom,Low,2026-03-28
100037,Returning,Mobile,United Kingdom,Medium,2026-08-26
100038,Returning,Desktop,India,Low,2026-03-18
100039,New,Desktop,India,Medium,2026-04-22
100040,New,Mobile,Australia,Medium,2026-08-16
100041,Returning,Mobile,India,Low,2026-06-11
100042,Returning,Mobile,United States,Medium,2026-05-10
100043,Returning,Desktop,India,Medium,2026-07-17
100044,Returning,Desktop,India,Medium,2026-04-20
100045,Returning,Desktop,India,Low,2026-07-24
100046,New,Mobile,Canada,Medium,2026-07-15
100047,New,Mobile,Canada,Low,2026-06-28
100048,Returning,Mobile,United States,Low,2026-08-06
100049,Returning,Mobile,United States,Low,2026-07-24
100050,Returning,Mobile,India,Medium,2026-03-24
100051,Returning,Mobile,India,Low,2026-03-13
100052,Returning,Mobile,India,Low,2026-07-11
100053,Returning,Mobile,India,Medium,2026-07-26
100054,Returning,Mobile,India,Low,2026-08-22
100055,New,Mobile,India,Low,2026-06-02
100056,New,Desktop,India,Low,2026-03-23
100057,Returning,Mobile,India,Low,2026-07-09
100058,New,Desktop,India,Low,2026-06-16
100059,New,Mobile,India,High,2026-03-17
100060,Returning,Mobile,India,Low,2026-07-20
100061,Returning,Mobile,United States,Medium,2026-03-25
100062,Returning,Mobile,India,Low,2026-07-11
100063,Returning,Mobile,Canada,High,2026-04-21
100064,Returning,Mobile,India,Medium,2026-08-04
100065,New,Mobile,India,Low,2026-06-29
100066,Returning,Desktop,United Kingdom,Low,2026-04-27
100067,Returning,Mobile,India,Low,2026-08-10
100068,New,Desktop,India,Medium,2026-05-14
100069,New,Mobile,United States,Low,2026-04-12
100070,Returning,Desktop,Australia,Low,2026-04-06
100071,Returning,Mobile,India,Low,2026-08-10
100072,New,Mobile,India,Low,2026-04-17
100073,New,Mobile,India,Low,2026-03-21
100074,Returning,Desktop,United States,Low,2026-08-21
100075,Returning,Mobile,India,Low,2026-04-09
100076,Returning,Desktop,India,Medium,2026-07-16
100077,Returning,Mobile,India,Low,2026-03-14
100078,Returning,Mobile,India,Medium,2026-06-13
100079,Returning,Mobile,Australia,Medium,2026-03-05
100080,Returning,Mobile,India,Low,2026-03-16
100081,Returning,Mobile,India,High,2026-08-27
100082,Returning,Mobile,India,Medium,2026-03-26
100083,Returning,Mobile,India,Medium,2026-05-19
100084,Returning,Mobile,India,Medium,2026-06-16
100085,Returning,Desktop,India,Medium,2026-07-19
100086,New,Desktop,India,High,2026-05-09
100087,Returning,Mobile,India,Low,2026-03-11
100088,Returning,Mobile,India,Medium,2026-04-26
100089,Returning,Desktop,India,Low,2026-03-06
100090,Returning,Mobile,India,Medium,2026-08-15
100091,Returning,Mobile,India,Low,2026-05-01
100092,Returning,Desktop,India,Medium,2026-06-21
100093,Returning,Mobile,India,High,2026-04-02
100094,Returning,Desktop,India,Medium,2026-04-10
100095,Returning,Mobile,United Kingdom,Medium,2026-08-28
100096,New,Mobile,India,Medium,2026-08-09
100097,Returning,Desktop,India,Medium,2026-05-27
100098,Returning,Mobile,India,Low,2026-04-13
100099,Returning,Mobile,India,Medium,2026-06-12
100100,New,Desktop,India,High,2026-05-01
100101,Returning,Mobile,India,Low,2026-06-10
100102,New,Mobile,India,Low,2026-04-08
100103,Returning,Desktop,India,Low,2026-08-01
100104,New,Mobile,India,Medium,2026-04-09
100105,Returning,Mobile,Australia,Low,2026-06-23
100106,Returning,Mobile,United States,Low,2026-04-30
100107,Returning,Desktop,India,High,2026-06-03
100108,Returning,Desktop,India,High,2026-07-02
100109,Returning,Mobile,India,Medium,2026-08-10
100110,Returning,Mobile,Canada,Low,2026-05-26
100111,New,Mobile,United Kingdom,High,2026-04-02
100112,Returning,Mobile,India,Medium,2026-08-26
100113,Returning,Desktop,India,Medium,2026-07-20
100114,Returning,Mobile,India,Low,2026-03-20
100115,Returning,Mobile,Canada,Medium,2026-04-11
100116,Returning,Desktop,India,High,2026-06-09
100117,New,Desktop,India,Medium,2026-03-28
100118,Returning,Desktop,India,Medium,2026-08-07
100119,Returning,Desktop,Canada,Low,2026-07-30
100120,Returning,Desktop,Australia,Medium,2026-08-29
100121,Returning,Mobile,India,Medium,2026-08-26
100122,Returning,Desktop,India,Medium,2026-05-28
100123,Returning,Mobile,India,Low,2026-03-27
100124,Returning,Mobile,India,Medium,2026-08-10
100125,Returning,Mobile,Canada,Low,2026-04-29
100126,Returning,Mobile,India,Low,2026-08-01
100127,New,Mobile,India,High,2026-04-05
100128,New,Mobile,India,Low,2026-05-19
100129,Returning,Desktop,Canada,Low,2026-07-08
100130,Returning,Mobile,Australia,Low,2026-06-26
100131,Returning,Mobile,India,Medium,2026-06-30
100132,Returning,Desktop,India,Low,2026-05-28
100133,Returning,Mobile,India,Low,2026-05-09
100134,New,Mobile,India,Low,2026-05-18
100135,Returning,Desktop,India,Medium,2026-08-02
100136,Returning,Desktop,India,Medium,2026-04-06
100137,Returning,Mobile,India,Low,2026-08-03
100138,Returning,Desktop,India,Medium,2026-05-30
100139,Returning,Mobile,United States,Low,2026-05-28
100140,New,Mobile,United States,Low,2026-03-19
100141,New,Mobile,India,Low,2026-05-06
100142,New,Mobile,India,Low,2026-04-05
100143,Returning,Mobile,India,Medium,2026-07-23
100144,Returning,Mobile,India,Medium,2026-04-24
100145,Returning,Mobile,India,Low,2026-06-17
100146,Returning,Desktop,Canada,Low,2026-05-13
100147,New,Mobile,India,Medium,2026-04-29
100148,Returning,Mobile,United States,Medium,2026-05-26
100149,Returning,Mobile,India,Medium,2026-03-18
100150,Returning,Mobile,United States,Medium,2026-04-03
100151,New,Mobile,India,High,2026-06-05
100152,Returning,Mobile,India,High,2026-06-04
100153,Returning,Mobile,India,Low,2026-08-25
100154,Returning,Mobile,India,Medium,2026-04-20
100155,Returning,Desktop,India,Low,2026-08-27
100156,New,Mobile,United States,Medium,2026-08-11
100157,Returning,Desktop,United Kingdom,Medium,2026-04-22
100158,Returning,Desktop,India,Medium,2026-08-29
100159,Returning,Mobile,India,High,2026-06-19
100160,New,Desktop,India,Low,2026-05-16
100161,Returning,Mobile,India,Medium,2026-05-12
100162,New,Mobile,India,Medium,2026-08-09
100163,Returning,Desktop,United Kingdom,Low,2026-04-14
100164,Returning,Mobile,India,Low,2026-04-14
100165,Returning,Mobile,United Kingdom,High,2026-04-14
100166,New,Desktop,India,Medium,2026-03-15
100167,Returning,Mobile,India,High,2026-06-23
100168,Returning,Mobile,India,High,2026-05-22
100169,Returning,Desktop,India,Low,2026-05-02
100170,Returning,Mobile,India,Low,2026-08-24
100171,Returning,Mobile,India,Medium,2026-05-30
100172,New,Mobile,India,High,2026-07-23
100173,Returning,Mobile,India,High,2026-08-22
100174,Returning,Desktop,Australia,Low,2026-07-13
100175,Returning,Mobile,Canada,Medium,2026-04-28
100176,Returning,Mobile,India,Low,2026-08-03
100177,Returning,Mobile,United States,High,2026-05-11
100178,New,Mobile,Canada,Low,2026-04-03
100179,Returning,Mobile,United States,Low,2026-07-11
100180,New,Mobile,India,Medium,2026-06-18
100181,New,Desktop,India,Low,2026-07-26
100182,Returning,Mobile,India,Medium,2026-03-25
100183,Returning,Mobile,India,Medium,2026-06-14
100184,New,Mobile,United Kingdom,Medium,2026-07-26
100185,Returning,Desktop,United Kingdom,High,2026-04-23
100186,Returning,Desktop,India,Low,2026-06-16
100187,Returning,Desktop,United Kingdom,Low,2026-05-10
100188,Returning,Mobile,India,Low,2026-05-12
100189,Returning,Mobile,United Kingdom,Low,2026-07-08
100190,Returning,Mobile,India,Medium,2026-04-22
100191,Returning,Mobile,India,Low,2026-04-26
100192,Returning,Mobile,Canada,Low,2026-06-15
100193,Returning,Mobile,India,Medium,2026-06-23
100194,Returning,Mobile,United States,Medium,2026-07-09
100195,Returning,Mobile,India,Medium,2026-05-02
100196,Returning,Mobile,India,Medium,2026-03-25
100197,Returning,Mobile,United Kingdom,High,2026-06-20
100198,New,Mobile,India,High,2026-04-18
100199,New,Desktop,Canada,High,2026-05-25
100200,New,Mobile,India,Low,2026-06-26
100201,Returning,Mobile,India,Low,2026-06-01
100202,Returning,Mobile,India,Medium,2026-04-19
100203,New,Desktop,India,High,2026-07-19
100204,Returning,Desktop,India,Low,2026-03-19
100205,Returning,Mobile,India,Low,2026-07-13
100206,Returning,Mobile,India,Medium,2026-07-13
100207,Returning,Mobile,India,Low,2026-07-24
100208,Returning,Desktop,India,Medium,2026-07-20
100209,Returning,Mobile,United States,High,2026-04-25
100210,New,Desktop,Canada,High,2026-03-06
100211,Returning,Mobile,India,Medium,2026-06-12
100212,Returning,Mobile,India,High,2026-08-31
100213,Returning,Mobile,United Kingdom,High,2026-08-22
100214,Returning,Mobile,India,Low,2026-08-30
100215,Returning,Desktop,United States,Medium,2026-07-17
100216,Returning,Mobile,India,Low,2026-05-25
100217,Returning,Desktop,United States,High,2026-04-03
100218,Returning,Mobile,India,Low,2026-04-19
100219,Returning,Desktop,India,High,2026-08-11
100220,Returning,Desktop,United Kingdom,Low,2026-06-24
100221,Returning,Mobile,Canada,High,2026-04-28
100222,Returning,Mobile,India,Medium,2026-04-07
100223,Returning,Mobile,United Kingdom,Medium,2026-06-13
100224,Returning,Mobile,India,High,2026-06-01
100225,New,Desktop,India,High,2026-04-20
100226,Returning,Mobile,India,High,2026-03-13
100227,Returning,Mobile,India,Low,2026-03-22
100228,Returning,Mobile,Australia,Low,2026-07-16
100229,New,Mobile,United States,High,2026-08-20
100230,Returning,Mobile,United Kingdom,Low,2026-03-22
100231,Returning,Mobile,India,Medium,2026-04-11
100232,New,Desktop,United States,Low,2026-07-30
100233,New,Desktop,India,Low,2026-05-18
100234,Returning,Desktop,United Kingdom,High,2026-08-28
100235,Returning,Desktop,India,Medium,2026-04-24
100236,Returning,Desktop,India,Medium,2026-07-27
100237,New,Desktop,India,Medium,2026-05-08
100238,New,Mobile,Australia,High,2026-06-25
100239,Returning,Desktop,India,High,2026-07-31
100240,New,Mobile,India,High,2026-07-21
100241,New,Desktop,India,Low,2026-04-26
100242,New,Mobile,United States,Low,2026-07-06
100243,Returning,Desktop,India,Medium,2026-03-25
100244,Returning,Desktop,India,Medium,2026-05-16
100245,Returning,Mobile,India,Medium,2026-04-17
100246,Returning,Mobile,India,Medium,2026-05-28
100247,Returning,Desktop,India,Medium,2026-04-03
100248,Returning,Mobile,India,High,2026-07-22
100249,Returning,Mobile,India,Low,2026-03-11
100250,Returning,Mobile,India,Low,2026-03-08
100251,Returning,Desktop,India,Low,2026-05-20
100252,Returning,Mobile,India,High,2026-04-05
100253,Returning,Desktop,Australia,High,2026-05-07
100254,New,Desktop,India,High,2026-08-02
100255,Returning,Mobile,India,High,2026-07-14
100256,Returning,Mobile,United Kingdom,Low,2026-03-20
100257,Returning,Mobile,India,Medium,2026-05-31
100258,Returning,Desktop,United Kingdom,Medium,2026-05-17
100259,Returning,Desktop,India,Low,2026-06-26
100260,Returning,Mobile,India,Medium,2026-07-29
100261,Returning,Mobile,India,High,2026-05-22
100262,New,Desktop,India,Medium,2026-04-13
100263,Returning,Mobile,India,High,2026-04-02
100264,Returning,Desktop,India,Medium,2026-04-14
100265,Returning,Mobile,India,Low,2026-05-04
100266,Returning,Mobile,India,Medium,2026-07-22
100267,Returning,Mobile,United Kingdom,Low,2026-07-26
100268,Returning,Mobile,Australia,High,2026-05-27
100269,Returning,Mobile,United States,Low,2026-06-03
100270,New,Desktop,India,Medium,2026-07-08
100271,New,Mobile,India,Medium,2026-07-12
100272,Returning,Mobile,India,Low,2026-03-22
100273,Returning,Mobile,India,Low,2026-08-07
100274,New,Desktop,India,High,2026-06-16
100275,New,Mobile,India,Low,2026-08-10
100276,Returning,Desktop,United Kingdom,Low,2026-05-10
100277,Returning,Desktop,Australia,Medium,2026-08-01
100278,New,Mobile,India,Medium,2026-03-26
100279,Returning,Desktop,India,Medium,2026-03-27
100280,Returning,Desktop,India,Low,2026-05-03
100281,Returning,Mobile,Australia,High,2026-04-18
100282,Returning,Mobile,India,Medium,2026-09-01
100283,Returning,Desktop,Canada,Medium,2026-08-24
100284,New,Desktop,Australia,Medium,2026-05-26
100285,Returning,Desktop,India,High,2026-04-03
100286,Returning,Desktop,India,High,2026-05-07
100287,New,Mobile,United Kingdom,High,2026-03-07
100288,Returning,Mobile,India,Medium,2026-05-30
100289,Returning,Mobile,India,Low,2026-04-17
100290,New,Mobile,India,Low,2026-03-31
100291,Returning,Mobile,United States,High,2026-07-01
100292,New,Mobile,India,Medium,2026-05-09
100293,New,Desktop,India,Medium,2026-07-27
100294,Returning,Desktop,United States,Medium,2026-06-25
100295,Returning,Mobile,India,Low,2026-06-29
100296,New,Mobile,India,Low,2026-08-27
100297,Returning,Desktop,India,Low,2026-08-26
100298,New,Desktop,Australia,Medium,2026-07-15
100299,Returning,Desktop,Canada,High,2026-06-04
100300,Returning,Mobile,United Kingdom,High,2026-04-26
100301,Returning,Mobile,India,Low,2026-08-07
100302,New,Mobile,India,Low,2026-03-28
100303,New,Desktop,India,Low,2026-05-20
100304,Returning,Desktop,India,Medium,2026-03-22
100305,Returning,Desktop,United States,Medium,2026-03-24
100306,Returning,Mobile,India,Low,2026-05-04
100307,New,Desktop,India,Low,2026-04-09
100308,Returning,Mobile,India,Medium,2026-05-07
100309,Returning,Mobile,India,Low,2026-06-09
100310,Returning,Mobile,India,Low,2026-05-05
100311,Returning,Mobile,Canada,Low,2026-03-10
100312,Returning,Mobile,United Kingdom,Medium,2026-05-18
100313,New,Desktop,Australia,Low,2026-04-24
100314,Returning,Mobile,United Kingdom,High,2026-05-12
100315,New,Mobile,India,Low,2026-07-04
100316,Returning,Desktop,India,Medium,2026-08-13
100317,Returning,Mobile,India,Low,2026-04-28
100318,Returning,Mobile,Australia,High,2026-06-08
100319,Returning,Mobile,United Kingdom,High,2026-05-02
100320,Returning,Desktop,United States,Medium,2026-08-12
100321,Returning,Mobile,United States,High,2026-03-14
100322,Returning,Desktop,United Kingdom,Medium,2026-07-31
100323,Returning,Mobile,India,Low,2026-07-04
100324,Returning,Mobile,India,Low,2026-03-12
100325,Returning,Mobile,India,Medium,2026-05-21
100326,Returning,Mobile,India,Low,2026-08-14
100327,Returning,Mobile,India,Medium,2026-05-03
100328,Returning,Desktop,Canada,Medium,2026-08-10
100329,Returning,Desktop,India,High,2026-04-25
100330,Returning,Desktop,India,High,2026-08-12
100331,Returning,Mobile,India,Medium,2026-03-30
100332,New,Mobile,India,Medium,2026-05-21
100333,Returning,Desktop,Canada,High,2026-05-23
100334,New,Mobile,Australia,High,2026-05-08
100335,New,Desktop,United States,Medium,2026-03-29
100336,Returning,Mobile,Canada,Medium,2026-06-04
100337,New,Mobile,India,Medium,2026-07-28
100338,Returning,Mobile,India,Medium,2026-06-20
100339,New,Mobile,India,Low,2026-08-25
100340,Returning,Mobile,India,Medium,2026-08-07
100341,New,Mobile,United States,High,2026-05-21
100342,New,Mobile,India,Medium,2026-05-01
100343,Returning,Mobile,India,Medium,2026-06-19
100344,Returning,Mobile,India,Low,2026-04-25
100345,Returning,Desktop,India,High,2026-06-17
100346,Returning,Mobile,India,Low,2026-06-21
100347,Returning,Mobile,India,Low,2026-08-29
100348,Returning,Mobile,Australia,Medium,2026-04-01
100349,Returning,Mobile,India,Low,2026-04-30
100350,Returning,Mobile,Australia,Low,2026-07-29
100351,New,Desktop,India,Low,2026-06-28
100352,Returning,Mobile,India,Low,2026-05-08
100353,Returning,Mobile,India,Low,2026-07-18
100354,Returning,Mobile,India,Low,2026-07-08
100355,Returning,Mobile,India,Medium,2026-08-16
100356,Returning,Mobile,India,Medium,2026-05-01
100357,New,Desktop,India,High,2026-05-15
100358,Returning,Desktop,India,Medium,2026-04-07
100359,Returning,Mobile,India,Medium,2026-07-25
100360,New,Mobile,India,High,2026-05-06
100361,Returning,Mobile,India,High,2026-05-17
100362,Returning,Mobile,India,High,2026-08-01
100363,Returning,Desktop,India,Medium,2026-05-28
100364,New,Desktop,India,Low,2026-06-29
100365,Returning,Mobile,India,Low,2026-06-29
100366,Returning,Desktop,United States,Low,2026-05-23
100367,New,Mobile,Canada,Low,2026-03-31
100368,Returning,Desktop,India,High,2026-08-18
100369,Returning,Desktop,India,Low,2026-03-15
100370,Returning,Mobile,India,Low,2026-08-06
100371,Returning,Desktop,India,Low,2026-04-21
100372,Returning,Desktop,Canada,High,2026-05-10
100373,New,Desktop,United Kingdom,Medium,2026-06-13
100374,Returning,Mobile,Australia,Low,2026-07-30
100375,Returning,Desktop,India,Low,2026-03-22
100376,Returning,Desktop,India,Medium,2026-03-12
100377,New,Mobile,Australia,Medium,2026-04-02
100378,Returning,Mobile,India,Low,2026-05-16
100379,New,Mobile,India,High,2026-03-20
100380,New,Desktop,India,Medium,2026-05-28
100381,Returning,Mobile,India,Medium,2026-08-04
100382,New,Desktop,India,High,2026-06-05
100383,Returning,Desktop,India,Medium,2026-08-20
100384,Returning,Mobile,India,High,2026-03-24
100385,Returning,Mobile,India,High,2026-06-20
100386,New,Desktop,India,Medium,2026-05-28
100387,Returning,Mobile,India,Low,2026-07-31
100388,Returning,Desktop,India,High,2026-05-28
100389,Returning,Desktop,India,Low,2026-03-25
100390,New,Desktop,Australia,Low,2026-06-14
100391,New,Desktop,India,Low,2026-05-17
100392,Returning,Mobile,India,Low,2026-03-30
100393,New,Mobile,United States,Medium,2026-04-16
100394,New,Mobile,India,Medium,2026-06-02
100395,Returning,Mobile,India,High,2026-03-16
100396,Returning,Desktop,India,Low,2026-04-05
100397,Returning,Mobile,India,Medium,2026-06-12
100398,Returning,Mobile,India,Low,2026-05-25
100399,Returning,Mobile,United Kingdom,Medium,2026-05-10
100400,Returning,Mobile,India,Medium,2026-05-15
100401,New,Mobile,Canada,Low,2026-04-26
100402,Returning,Desktop,India,Low,2026-05-11
100403,Returning,Mobile,India,Medium,2026-05-01
100404,Returning,Mobile,Australia,Medium,2026-05-22
100405,New,Desktop,United Kingdom,Low,2026-06-28
100406,New,Desktop,India,High,2026-06-29
100407,Returning,Mobile,India,Low,2026-08-14
100408,Returning,Desktop,India,High,2026-06-03
100409,New,Mobile,United States,Low,2026-04-11
100410,Returning,Mobile,India,Low,2026-05-09
100411,Returning,Mobile,United States,Low,2026-06-22
100412,Returning,Mobile,Australia,Medium,2026-04-15
100413,Returning,Mobile,India,Low,2026-04-02
100414,New,Mobile,India,Low,2026-04-24
100415,New,Mobile,Canada,Medium,2026-03-21
100416,Returning,Desktop,India,High,2026-06-15
100417,New,Desktop,India,Medium,2026-06-13
100418,Returning,Mobile,India,Medium,2026-06-21
100419,Returning,Mobile,India,Low,2026-04-24
100420,Returning,Mobile,India,High,2026-06-09
100421,Returning,Mobile,United Kingdom,Medium,2026-07-06
100422,New,Desktop,Australia,High,2026-07-24
100423,Returning,Desktop,India,High,2026-04-02
100424,Returning,Mobile,United States,Medium,2026-07-14
100425,Returning,Desktop,India,Low,2026-08-19
100426,Returning,Desktop,India,Low,2026-05-24
100427,Returning,Mobile,Australia,Medium,2026-03-16
100428,Returning,Mobile,Canada,Low,2026-05-30
100429,Returning,Mobile,Australia,Medium,2026-04-29
100430,Returning,Mobile,India,Medium,2026-08-29
100431,Returning,Desktop,India,Medium,2026-05-29
100432,Returning,Mobile,United Kingdom,Low,2026-06-22
100433,Returning,Mobile,United States,Low,2026-03-08
100434,New,Desktop,India,Low,2026-08-27
100435,New,Mobile,India,Medium,2026-05-25
100436,New,Mobile,Canada,High,2026-08-21
100437,Returning,Mobile,India,Low,2026-08-08
100438,Returning,Mobile,India,Medium,2026-07-09
100439,New,Mobile,India,Low,2026-05-14
100440,New,Mobile,India,Medium,2026-05-06
100441,Returning,Desktop,Australia,Low,2026-05-31
100442,New,Desktop,India,Low,2026-08-18
100443,New,Desktop,United States,High,2026-07-17
100444,Returning,Desktop,India,Medium,2026-05-19
100445,Returning,Desktop,India,Medium,2026-05-16
100446,Returning,Mobile,India,Medium,2026-07-27
100447,Returning,Desktop,India,Low,2026-06-26
100448,New,Mobile,United States,High,2026-07-07
100449,Returning,Desktop,India,Low,2026-07-17
100450,Returning,Mobile,United States,Low,2026-04-11
100451,New,Desktop,India,Medium,2026-06-14
100452,New,Desktop,United States,Medium,2026-06-02
100453,Returning,Mobile,India,High,2026-07-30
100454,Returning,Desktop,India,Low,2026-04-02
100455,New,Desktop,Australia,Low,2026-06-29
100456,New,Mobile,India,Medium,2026-06-04
100457,Returning,Mobile,India,Medium,2026-03-27
100458,Returning,Mobile,India,Low,2026-08-08
100459,Returning,Mobile,India,Medium,2026-05-30
100460,Returning,Mobile,India,Medium,2026-06-08
100461,Returning,Mobile,India,High,2026-03-21
100462,Returning,Mobile,India,Low,2026-04-15
100463,Returning,Mobile,India,High,2026-07-03
100464,New,Desktop,India,Low,2026-06-22
100465,New,Desktop,India,Medium,2026-07-05
100466,Returning,Mobile,Australia,High,2026-07-12
100467,New,Mobile,India,Low,2026-05-30
100468,Returning,Mobile,India,Medium,2026-07-23
100469,Returning,Desktop,India,High,2026-08-11
100470,New,Desktop,India,Low,2026-03-20
100471,Returning,Mobile,India,Medium,2026-08-28
100472,Returning,Mobile,Canada,Medium,2026-04-13
100473,Returning,Mobile,India,Low,2026-04-08
100474,Returning,Mobile,India,High,2026-07-12
100475,Returning,Mobile,India,High,2026-04-13
100476,Returning,Mobile,India,High,2026-03-10
100477,Returning,Desktop,India,High,2026-08-07
100478,Returning,Mobile,Canada,Medium,2026-03-06
100479,Returning,Desktop,India,Low,2026-05-29
100480,Returning,Mobile,India,Medium,2026-05-13
100481,New,Desktop,India,High,2026-07-31
100482,New,Desktop,India,High,2026-08-24
100483,Returning,Mobile,United States,Low,2026-05-11
100484,Returning,Desktop,India,Medium,2026-08-14
100485,New,Mobile,United States,Low,2026-04-07
100486,Returning,Mobile,India,Medium,2026-04-27
100487,New,Desktop,India,Medium,2026-04-06
100488,New,Mobile,Canada,Low,2026-06-15
100489,New,Mobile,India,Low,2026-03-10
100490,Returning,Mobile,United Kingdom,Low,2026-08-04
100491,Returning,Mobile,India,Low,2026-03-11
100492,Returning,Mobile,India,Medium,2026-04-26
100493,New,Desktop,India,Low,2026-07-15
100494,New,Desktop,United States,Medium,2026-04-10
100495,New,Desktop,India,High,2026-03-07
100496,Returning,Mobile,India,Medium,2026-03-06
100497,New,Mobile,India,Medium,2026-05-28
100498,Returning,Mobile,United States,High,2026-03-16
100499,New,Mobile,India,Medium,2026-05-21
100500,Returning,Desktop,India,Medium,2026-07-02
100501,Returning,Desktop,United Kingdom,High,2026-03-29
100502,New,Mobile,Australia,Low,2026-06-16
100503,Returning,Mobile,India,High,2026-08-18
100504,Returning,Desktop,India,Medium,2026-06-29
100505,Returning,Desktop,India,High,2026-08-20
100506,Returning,Mobile,India,Low,2026-03-08
100507,New,Desktop,India,High,2026-03-08
100508,New,Mobile,India,Low,2026-07-24
100509,Returning,Mobile,India,Medium,2026-03-05
100510,Returning,Mobile,India,Low,2026-03-29
100511,Returning,Mobile,Canada,Low,2026-05-04
100512,Returning,Desktop,India,Low,2026-04-17
100513,Returning,Mobile,India,Medium,2026-03-09
100514,Returning,Desktop,United Kingdom,High,2026-06-05
100515,Returning,Mobile,India,Low,2026-04-07
100516,Returning,Mobile,Canada,High,2026-07-08
100517,Returning,Desktop,United Kingdom,High,2026-03-27
100518,Returning,Mobile,India,Low,2026-06-24
100519,New,Mobile,India,Medium,2026-04-07
100520,Returning,Mobile,India,Medium,2026-06-30
100521,New,Mobile,India,Low,2026-05-01
100522,Returning,Desktop,India,Low,2026-08-03
100523,Returning,Desktop,Canada,High,2026-06-04
100524,Returning,Mobile,United States,Low,2026-09-01
100525,New,Mobile,India,Low,2026-05-06
100526,Returning,Mobile,India,Medium,2026-07-20
100527,New,Mobile,India,Medium,2026-03-28
100528,New,Mobile,India,Medium,2026-03-15
100529,Returning,Mobile,India,Low,2026-07-29
100530,New,Desktop,Australia,Medium,2026-03-29
100531,Returning,Mobile,India,Low,2026-07-22
100532,Returning,Mobile,India,High,2026-07-11
100533,Returning,Desktop,India,Low,2026-07-27
100534,Returning,Desktop,India,High,2026-06-25
100535,New,Mobile,India,Low,2026-06-08
100536,New,Desktop,India,Low,2026-06-11
100537,Returning,Mobile,India,High,2026-03-15
100538,Returning,Desktop,United Kingdom,Medium,2026-06-03
100539,New,Desktop,India,Low,2026-07-18
100540,Returning,Desktop,India,Low,2026-05-07
100541,New,Mobile,India,Low,2026-08-15
100542,Returning,Mobile,United Kingdom,Low,2026-05-10
100543,Returning,Mobile,India,Low,2026-08-26
100544,New,Mobile,India,Medium,2026-06-22
100545,Returning,Mobile,India,Low,2026-08-08
100546,Returning,Mobile,India,Low,2026-04-29
100547,Returning,Mobile,India,Low,2026-08-30
100548,Returning,Mobile,United States,High,2026-05-18
100549,Returning,Mobile,India,Low,2026-07-18
100550,Returning,Mobile,Australia,Medium,2026-03-13
100551,Returning,Mobile,United States,Medium,2026-06-21
100552,Returning,Desktop,India,Medium,2026-05-05
100553,Returning,Mobile,United Kingdom,Medium,2026-03-13
100554,Returning,Mobile,India,Low,2026-07-24
100555,New,Desktop,United Kingdom,Medium,2026-04-23
100556,Returning,Mobile,United States,Medium,2026-04-10
100557,Returning,Desktop,United States,Low,2026-04-13
100558,Returning,Desktop,Canada,Medium,2026-04-30
100559,New,Mobile,United States,Low,2026-06-02
100560,New,Mobile,India,Medium,2026-03-20
100561,Returning,Desktop,Canada,Low,2026-06-30
100562,New,Mobile,India,Low,2026-04-27
100563,New,Desktop,Canada,Low,2026-04-16
100564,Returning,Mobile,India,Low,2026-08-12
100565,New,Mobile,Canada,Medium,2026-05-21
100566,Returning,Mobile,India,Low,2026-04-26
100567,New,Mobile,India,High,2026-04-19
100568,Returning,Mobile,India,Medium,2026-06-28
100569,New,Desktop,India,Low,2026-08-21
100570,New,Mobile,Australia,Medium,2026-07-28
100571,New,Mobile,India,Medium,2026-03-10
100572,Returning,Mobile,India,High,2026-07-31
100573,New,Mobile,India,High,2026-07-01
100574,Returning,Desktop,Canada,Medium,2026-08-29
100575,Returning,Mobile,India,High,2026-05-23
100576,Returning,Mobile,India,Medium,2026-03-13
100577,Returning,Mobile,United Kingdom,High,2026-03-24
100578,Returning,Mobile,Australia,Medium,2026-08-24
100579,Returning,Mobile,India,Low,2026-05-19
100580,Returning,Mobile,India,Medium,2026-06-21
100581,Returning,Mobile,India,Low,2026-06-24
100582,Returning,Mobile,India,Medium,2026-07-30
100583,Returning,Mobile,United Kingdom,Medium,2026-05-31
100584,New,Desktop,India,Medium,2026-03-16
100585,New,Mobile,India,Medium,2026-05-16
100586,Returning,Mobile,India,Medium,2026-04-11
100587,Returning,Mobile,India,Low,2026-06-12
100588,New,Mobile,India,Low,2026-05-04
100589,New,Mobile,United Kingdom,Low,2026-06-15
100590,New,Mobile,India,High,2026-04-17
100591,Returning,Mobile,Australia,Low,2026-03-09
100592,Returning,Mobile,India,Medium,2026-05-23
100593,New,Desktop,United States,Low,2026-07-20
100594,New,Desktop,India,Medium,2026-04-08
100595,Returning,Mobile,India,Medium,2026-03-12
100596,New,Mobile,United States,Low,2026-04-03
100597,Returning,Mobile,India,Low,2026-04-23
100598,New,Desktop,India,Medium,2026-04-13
100599,Returning,Mobile,India,Medium,2026-03-29
100600,Returning,Mobile,India,Medium,2026-08-24
100601,Returning,Desktop,United Kingdom,Low,2026-08-07
100602,New,Mobile,United Kingdom,Medium,2026-08-26
100603,Returning,Desktop,India,Medium,2026-05-15
100604,Returning,Mobile,India,Medium,2026-07-12
100605,New,Mobile,Canada,Low,2026-03-10
100606,Returning,Mobile,India,Medium,2026-06-19
100607,New,Desktop,Canada,Medium,2026-04-20
100608,Returning,Mobile,Australia,High,2026-06-10
100609,New,Desktop,United Kingdom,Low,2026-03-20
100610,New,Mobile,United States,Medium,2026-03-14
100611,New,Mobile,India,Medium,2026-07-12
100612,Returning,Mobile,India,Medium,2026-05-31
100613,Returning,Mobile,India,Medium,2026-03-21
100614,Returning,Mobile,India,Low,2026-04-14
100615,Returning,Desktop,India,Medium,2026-04-28
100616,New,Desktop,India,High,2026-03-07
100617,New,Desktop,United States,Low,2026-05-27
100618,New,Mobile,India,Medium,2026-05-09
100619,Returning,Mobile,India,Medium,2026-04-30
100620,Returning,Mobile,Canada,High,2026-07-19
100621,Returning,Desktop,India,Low,2026-06-21
100622,New,Mobile,Australia,Low,2026-05-14
100623,Returning,Mobile,India,High,2026-04-19
100624,Returning,Desktop,India,Low,2026-08-25
100625,New,Mobile,United States,Medium,2026-05-24
100626,New,Mobile,India,Medium,2026-07-10
100627,Returning,Mobile,India,Medium,2026-07-05
100628,Returning,Desktop,India,Medium,2026-05-27
100629,New,Mobile,India,High,2026-05-24
100630,Returning,Desktop,India,Low,2026-06-25
100631,Returning,Mobile,India,Low,2026-03-29
100632,Returning,Mobile,India,Medium,2026-08-18
100633,New,Desktop,India,High,2026-05-24
100634,New,Mobile,United Kingdom,Low,2026-06-19
100635,Returning,Mobile,Canada,Low,2026-07-12
100636,Returning,Desktop,United Kingdom,Low,2026-04-20
100637,New,Desktop,Australia,Low,2026-04-27
100638,New,Mobile,India,Medium,2026-03-10
100639,Returning,Desktop,India,Low,2026-03-25
100640,New,Desktop,India,Low,2026-05-09
100641,New,Desktop,United States,Medium,2026-05-27
100642,New,Mobile,India,Low,2026-06-18
100643,Returning,Desktop,India,Low,2026-06-28
100644,Returning,Mobile,India,Low,2026-07-12
100645,Returning,Mobile,United Kingdom,High,2026-05-14
100646,New,Mobile,India,Medium,2026-05-13
100647,Returning,Desktop,Canada,Medium,2026-03-30
100648,New,Desktop,India,Medium,2026-03-17
100649,New,Mobile,India,Medium,2026-08-14
100650,New,Mobile,India,High,2026-08-19
100651,Returning,Mobile,India,Low,2026-03-28
100652,Returning,Desktop,India,High,2026-08-03
100653,Returning,Mobile,United States,Low,2026-07-06
100654,Returning,Desktop,India,High,2026-05-31
100655,Returning,Mobile,United Kingdom,Low,2026-05-21
100656,New,Mobile,India,Medium,2026-03-18
100657,Returning,Mobile,India,High,2026-08-10
100658,Returning,Desktop,Australia,Medium,2026-07-09
100659,Returning,Mobile,India,Medium,2026-04-15
100660,New,Mobile,India,Low,2026-07-27
100661,New,Mobile,India,Medium,2026-07-25
100662,New,Desktop,India,Low,2026-05-11
100663,New,Mobile,United States,Low,2026-04-30
100664,Returning,Desktop,India,Medium,2026-07-02
100665,Returning,Mobile,India,Medium,2026-08-21
100666,New,Mobile,India,High,2026-06-11
100667,Returning,Mobile,India,Medium,2026-07-11
100668,Returning,Mobile,Canada,High,2026-08-31
100669,Returning,Desktop,India,Medium,2026-07-25
100670,Returning,Desktop,Australia,High,2026-06-28
100671,Returning,Mobile,India,Medium,2026-03-31
100672,Returning,Mobile,India,Low,2026-08-09
100673,Returning,Mobile,India,Low,2026-05-02
100674,New,Mobile,India,Low,2026-06-07
100675,Returning,Mobile,India,Medium,2026-08-04
100676,Returning,Mobile,India,Medium,2026-07-31
100677,Returning,Desktop,Australia,Medium,2026-04-27
100678,Returning,Desktop,India,Low,2026-06-25
100679,Returning,Desktop,United Kingdom,Low,2026-04-07
100680,Returning,Mobile,India,Low,2026-07-07
100681,Returning,Desktop,India,Low,2026-04-22
100682,Returning,Mobile,United Kingdom,Low,2026-04-25
100683,Returning,Mobile,India,Medium,2026-08-27
100684,Returning,Desktop,India,High,2026-04-04
100685,New,Desktop,India,Low,2026-08-02
100686,New,Mobile,India,Medium,2026-08-05
100687,Returning,Mobile,United Kingdom,Low,2026-03-16
100688,New,Mobile,United Kingdom,High,2026-04-18
100689,Returning,Desktop,Australia,Medium,2026-03-23
100690,Returning,Mobile,United States,Medium,2026-05-23
100691,Returning,Mobile,India,Medium,2026-06-26
100692,Returning,Desktop,United States,High,2026-05-02
100693,Returning,Desktop,Canada,High,2026-05-18
100694,Returning,Mobile,India,Low,2026-04-28
100695,Returning,Desktop,India,Low,2026-05-28
100696,Returning,Mobile,India,Low,2026-03-19
100697,Returning,Mobile,India,High,2026-03-31
100698,New,Mobile,India,Medium,2026-06-05
100699,Returning,Mobile,India,Medium,2026-05-21
100700,Returning,Mobile,Canada,Low,2026-07-22
100701,Returning,Mobile,India,Low,2026-05-02
100702,New,Mobile,India,High,2026-06-16
100703,New,Desktop,India,High,2026-04-16
100704,Returning,Mobile,India,Medium,2026-03-06
100705,Returning,Mobile,India,High,2026-05-31
100706,Returning,Desktop,United States,Low,2026-08-07
100707,Returning,Desktop,United States,Medium,2026-06-01
100708,New,Mobile,India,High,2026-07-02
100709,New,Mobile,India,High,2026-03-22
100710,Returning,Desktop,Australia,High,2026-03-09
100711,Returning,Mobile,India,Low,2026-05-11
100712,Returning,Desktop,Canada,Low,2026-03-12
100713,New,Mobile,India,Medium,2026-04-17
100714,New,Desktop,Canada,Medium,2026-03-11
100715,Returning,Desktop,Canada,Medium,2026-04-11
100716,Returning,Mobile,India,Low,2026-07-17
100717,Returning,Desktop,United Kingdom,High,2026-06-23
100718,Returning,Mobile,India,Medium,2026-06-12
100719,Returning,Mobile,India,Medium,2026-08-01
100720,New,Mobile,India,Medium,2026-04-19
100721,New,Mobile,India,Low,2026-03-19
100722,New,Desktop,India,Medium,2026-03-05
100723,Returning,Mobile,India,Low,2026-04-14
100724,New,Mobile,India,Medium,2026-04-27
100725,Returning,Desktop,Australia,Medium,2026-06-29
100726,Returning,Mobile,India,Low,2026-05-25
100727,Returning,Desktop,India,Low,2026-05-22
100728,New,Mobile,United States,Low,2026-06-02
100729,Returning,Mobile,India,Low,2026-08-07
100730,Returning,Mobile,India,Low,2026-05-13
100731,Returning,Desktop,India,High,2026-05-12
100732,Returning,Desktop,Australia,Low,2026-03-26
100733,Returning,Mobile,India,High,2026-03-28
100734,Returning,Mobile,India,Medium,2026-06-18
100735,Returning,Mobile,India,Medium,2026-04-27
100736,Returning,Mobile,India,Medium,2026-08-12
100737,Returning,Mobile,India,Medium,2026-08-01
100738,Returning,Mobile,Australia,Low,2026-05-31
100739,Returning,Mobile,Australia,Medium,2026-05-02
100740,Returning,Desktop,India,Low,2026-03-25
100741,Returning,Mobile,India,High,2026-07-23
100742,Returning,Desktop,United States,Medium,2026-05-12
100743,Returning,Mobile,India,Low,2026-04-19
100744,Returning,Desktop,India,Low,2026-04-21
100745,Returning,Mobile,India,Low,2026-07-21
100746,New,Mobile,Australia,Low,2026-05-27
100747,New,Mobile,India,Medium,2026-03-09
100748,New,Mobile,Australia,Medium,2026-04-13
100749,Returning,Desktop,India,Low,2026-03-14
100750,New,Mobile,India,Medium,2026-07-02
100751,Returning,Mobile,India,Low,2026-05-14
100752,Returning,Desktop,India,Medium,2026-06-30
100753,New,Mobile,India,Medium,2026-05-14
100754,Returning,Mobile,India,Low,2026-05-23
100755,New,Desktop,India,Medium,2026-03-26
100756,Returning,Mobile,India,Medium,2026-03-31
100757,Returning,Desktop,India,Low,2026-05-21
100758,Returning,Desktop,India,High,2026-05-21
100759,New,Desktop,United Kingdom,Low,2026-04-25
100760,Returning,Desktop,United Kingdom,Low,2026-03-15
100761,Returning,Desktop,India,Low,2026-05-22
100762,Returning,Desktop,India,Low,2026-04-16
100763,Returning,Mobile,United States,Medium,2026-03-16
100764,Returning,Mobile,India,High,2026-08-18
100765,New,Mobile,India,High,2026-06-04
100766,Returning,Desktop,India,Low,2026-06-11
100767,Returning,Desktop,India,Low,2026-06-28
100768,New,Mobile,India,Medium,2026-06-08
100769,Returning,Mobile,India,Low,2026-08-14
100770,Returning,Mobile,India,Medium,2026-07-27
100771,New,Mobile,India,High,2026-08-03
100772,Returning,Mobile,India,Low,2026-04-29
100773,Returning,Mobile,India,Low,2026-06-27
100774,Returning,Mobile,India,Medium,2026-08-21
100775,New,Mobile,Australia,High,2026-06-11
100776,New,Mobile,India,Medium,2026-03-28
100777,Returning,Mobile,India,High,2026-04-07
100778,Returning,Mobile,India,Medium,2026-06-24
100779,Returning,Mobile,United States,Low,2026-06-13
100780,Returning,Mobile,United Kingdom,Medium,2026-07-27
100781,Returning,Mobile,India,Medium,2026-06-17
100782,Returning,Mobile,India,Low,2026-04-09
100783,Returning,Mobile,India,High,2026-03-18
100784,Returning,Mobile,India,Medium,2026-08-23
100785,Returning,Desktop,India,High,2026-08-04
100786,Returning,Mobile,India,Low,2026-08-21
100787,New,Mobile,India,Medium,2026-04-23
100788,Returning,Mobile,India,Medium,2026-05-26
100789,New,Mobile,Australia,Medium,2026-04-11
100790,Returning,Mobile,India,Medium,2026-07-01
100791,Returning,Desktop,India,Low,2026-08-26
100792,Returning,Mobile,India,Medium,2026-07-29
100793,Returning,Mobile,United States,Medium,2026-04-17
100794,Returning,Mobile,India,Low,2026-05-31
100795,Returning,Mobile,India,Medium,2026-03-06
100796,Returning,Desktop,India,Medium,2026-08-15
100797,Returning,Mobile,Canada,Medium,2026-05-08
100798,New,Mobile,India,Low,2026-07-05
100799,New,Mobile,United Kingdom,High,2026-07-07
100800,New,Mobile,India,Medium,2026-06-08
100801,New,Mobile,India,High,2026-04-19
100802,Returning,Desktop,India,High,2026-06-28
100803,Returning,Mobile,India,Medium,2026-08-03
100804,New,Mobile,United States,Low,2026-08-26
100805,Returning,Desktop,India,Medium,2026-07-29
100806,Returning,Mobile,Australia,Low,2026-03-15
100807,Returning,Mobile,India,Medium,2026-06-05
100808,Returning,Desktop,Australia,High,2026-06-21
100809,Returning,Mobile,India,Medium,2026-03-26
100810,Returning,Mobile,United Kingdom,Low,2026-06-25
100811,Returning,Desktop,India,Low,2026-08-13
100812,Returning,Mobile,India,Low,2026-04-14
100813,Returning,Desktop,United States,Medium,2026-03-19
100814,Returning,Mobile,United States,High,2026-03-14
100815,New,Desktop,India,Medium,2026-04-14
100816,New,Desktop,India,Low,2026-05-21
100817,New,Mobile,India,Medium,2026-07-05
100818,Returning,Mobile,Canada,Medium,2026-06-18
100819,Returning,Mobile,India,Low,2026-06-23
100820,Returning,Mobile,United Kingdom,Low,2026-08-24
100821,Returning,Mobile,United States,Medium,2026-04-10
100822,New,Mobile,Australia,Low,2026-08-19
100823,Returning,Desktop,India,Low,2026-04-14
100824,New,Mobile,India,Medium,2026-06-27
100825,Returning,Desktop,India,Low,2026-08-10
100826,New,Desktop,India,Low,2026-04-21
100827,Returning,Mobile,India,Low,2026-06-17
100828,New,Mobile,India,Low,2026-03-26
100829,Returning,Mobile,Canada,Low,2026-05-20
100830,Returning,Mobile,India,Low,2026-05-29
100831,Returning,Desktop,India,Low,2026-06-17
100832,Returning,Mobile,United States,High,2026-05-01
100833,New,Desktop,India,Low,2026-03-11
100834,Returning,Mobile,India,Medium,2026-06-20
100835,Returning,Mobile,India,Medium,2026-06-23
100836,Returning,Desktop,India,High,2026-05-17
100837,New,Mobile,India,Low,2026-03-08
100838,Returning,Desktop,United Kingdom,Low,2026-08-14
100839,Returning,Mobile,India,High,2026-05-05
100840,New,Mobile,United Kingdom,Low,2026-03-15
100841,New,Mobile,Canada,High,2026-03-25
100842,New,Mobile,Canada,Low,2026-05-06
100843,Returning,Mobile,United States,Low,2026-05-22
100844,Returning,Mobile,Australia,Low,2026-03-13
100845,Returning,Desktop,India,Medium,2026-08-19
100846,Returning,Desktop,India,Medium,2026-05-29
100847,Returning,Desktop,Australia,Low,2026-03-08
100848,New,Mobile,United Kingdom,Medium,2026-05-04
100849,New,Desktop,United Kingdom,Low,2026-06-20
100850,Returning,Desktop,India,High,2026-08-06
100851,Returning,Desktop,Canada,Medium,2026-03-19
100852,New,Mobile,India,Low,2026-05-23
100853,New,Mobile,India,High,2026-04-21
100854,Returning,Mobile,India,Low,2026-04-05
100855,Returning,Desktop,India,Medium,2026-05-03
100856,Returning,Mobile,United Kingdom,Medium,2026-03-20
100857,Returning,Mobile,United States,Medium,2026-08-15
100858,Returning,Mobile,India,Low,2026-03-21
100859,Returning,Mobile,India,Low,2026-07-22
100860,New,Mobile,India,Medium,2026-05-16
100861,Returning,Desktop,United Kingdom,Low,2026-08-20
100862,New,Mobile,Australia,Medium,2026-04-16
100863,Returning,Desktop,India,Medium,2026-04-22
100864,Returning,Mobile,India,Low,2026-05-21
100865,New,Desktop,India,Medium,2026-08-02
100866,Returning,Mobile,India,Low,2026-05-29
100867,New,Desktop,India,Medium,2026-04-24
100868,Returning,Mobile,India,Medium,2026-03-11
100869,New,Desktop,India,Medium,2026-04-23
100870,Returning,Desktop,India,High,2026-08-10
100871,New,Mobile,Australia,Medium,2026-04-28
100872,New,Mobile,United States,Medium,2026-04-03
100873,New,Mobile,United Kingdom,Medium,2026-07-29
100874,Returning,Mobile,United Kingdom,High,2026-08-28
100875,Returning,Desktop,India,Low,2026-08-03
100876,Returning,Mobile,Australia,Medium,2026-04-01
100877,Returning,Desktop,United States,Medium,2026-08-19
100878,New,Mobile,India,Medium,2026-08-24
100879,Returning,Mobile,India,Low,2026-05-12
100880,Returning,Mobile,India,Medium,2026-04-04
100881,Returning,Mobile,United States,Medium,2026-08-17
100882,Returning,Mobile,India,Low,2026-06-22
100883,New,Mobile,India,Low,2026-05-03
100884,Returning,Mobile,Canada,Medium,2026-07-18
100885,Returning,Desktop,Canada,High,2026-08-08
100886,Returning,Desktop,India,Medium,2026-06-30
100887,New,Mobile,India,Low,2026-08-14
100888,Returning,Desktop,India,Medium,2026-03-18
100889,Returning,Desktop,India,Medium,2026-07-27
100890,Returning,Mobile,India,High,2026-04-02
100891,Returning,Desktop,India,Medium,2026-05-11
100892,Returning,Mobile,Australia,Medium,2026-04-12
100893,New,Mobile,India,High,2026-06-25
100894,Returning,Desktop,Canada,Low,2026-03-16
100895,New,Mobile,India,Medium,2026-07-12
100896,Returning,Mobile,India,High,2026-07-08
100897,Returning,Mobile,India,Medium,2026-03-29
100898,Returning,Desktop,United Kingdom,High,2026-07-14
100899,New,Mobile,Canada,High,2026-06-12
100900,Returning,Mobile,India,Medium,2026-03-25
100901,Returning,Mobile,United States,Low,2026-03-06
100902,New,Mobile,India,High,2026-07-15
100903,Returning,Mobile,India,Medium,2026-07-28
100904,Returning,Desktop,India,High,2026-07-05
100905,Returning,Mobile,India,Medium,2026-04-20
100906,Returning,Desktop,India,High,2026-03-21
100907,New,Desktop,India,High,2026-03-19
100908,New,Mobile,India,Medium,2026-06-22
100909,Returning,Desktop,India,Medium,2026-04-11
100910,Returning,Mobile,India,Medium,2026-06-07
100911,Returning,Desktop,India,Medium,2026-06-08
100912,New,Mobile,United Kingdom,Low,2026-03-17
100913,Returning,Desktop,India,Medium,2026-07-31
100914,New,Mobile,India,High,2026-03-24
100915,Returning,Mobile,India,High,2026-07-26
100916,Returning,Mobile,United Kingdom,Low,2026-07-02
100917,Returning,Desktop,United States,Low,2026-05-28
100918,Returning,Mobile,India,Low,2026-04-09
100919,New,Mobile,India,Low,2026-08-30
100920,New,Desktop,India,High,2026-04-19
100921,Returning,Mobile,India,Low,2026-05-15
100922,Returning,Mobile,India,Low,2026-04-15
100923,New,Mobile,India,Medium,2026-05-06
100924,New,Desktop,India,High,2026-05-07
100925,Returning,Desktop,India,Low,2026-03-06
100926,New,Desktop,India,Low,2026-04-08
100927,Returning,Mobile,India,Medium,2026-03-12
100928,Returning,Mobile,United States,Medium,2026-07-21
100929,Returning,Mobile,India,High,2026-04-02
100930,Returning,Desktop,India,Low,2026-08-03
100931,Returning,Mobile,India,Low,2026-07-27
100932,New,Desktop,India,Medium,2026-08-19
100933,Returning,Mobile,India,Medium,2026-08-11
100934,New,Desktop,India,High,2026-03-28
100935,Returning,Mobile,India,Low,2026-03-18
100936,Returning,Mobile,India,Low,2026-06-24
100937,New,Mobile,India,Low,2026-03-24
100938,Returning,Mobile,India,Low,2026-07-15
100939,Returning,Desktop,India,Medium,2026-06-15
100940,Returning,Mobile,India,Medium,2026-07-15
100941,Returning,Desktop,Canada,Medium,2026-05-07
100942,Returning,Desktop,India,Low,2026-05-23
100943,Returning,Mobile,India,Low,2026-03-26
100944,Returning,Mobile,India,Low,2026-07-02
100945,Returning,Mobile,India,Medium,2026-04-03
100946,Returning,Desktop,India,Low,2026-08-19
100947,New,Mobile,India,High,2026-05-15
100948,Returning,Mobile,India,High,2026-07-15
100949,Returning,Desktop,United States,Medium,2026-06-17
100950,Returning,Mobile,India,Medium,2026-08-18
100951,Returning,Desktop,United States,Low,2026-05-04
100952,Returning,Desktop,India,Low,2026-05-11
100953,Returning,Desktop,India,High,2026-04-25
100954,Returning,Desktop,United Kingdom,Low,2026-06-24
100955,Returning,Mobile,India,Low,2026-08-16
100956,New,Desktop,United States,Medium,2026-04-17
100957,Returning,Mobile,India,Low,2026-04-03
100958,Returning,Mobile,Canada,Low,2026-08-24
100959,Returning,Mobile,India,Low,2026-03-08
100960,Returning,Mobile,India,Low,2026-03-06
100961,Returning,Desktop,India,Low,2026-08-10
100962,Returning,Mobile,India,Medium,2026-08-26
100963,Returning,Desktop,India,High,2026-04-25
100964,Returning,Desktop,United States,Low,2026-08-10
100965,New,Mobile,India,Low,2026-03-19
100966,Returning,Mobile,India,Low,2026-07-06
100967,Returning,Mobile,Australia,Low,2026-04-08
100968,Returning,Desktop,India,Low,2026-07-05
100969,Returning,Mobile,India,Medium,2026-03-27
100970,New,Desktop,India,Medium,2026-08-31
100971,Returning,Mobile,India,Low,2026-06-24
100972,New,Mobile,India,Medium,2026-08-07
100973,New,Desktop,United States,Medium,2026-03-28
100974,Returning,Desktop,Canada,Medium,2026-04-10
100975,Returning,Desktop,India,Medium,2026-05-27
100976,Returning,Mobile,Canada,Low,2026-06-10
100977,New,Desktop,Canada,Medium,2026-05-05
100978,Returning,Desktop,India,Medium,2026-06-24
100979,Returning,Desktop,United Kingdom,High,2026-03-29
100980,Returning,Mobile,India,Medium,2026-05-12
100981,Returning,Mobile,Canada,High,2026-03-20
100982,New,Desktop,United Kingdom,Low,2026-05-04
100983,New,Mobile,India,Low,2026-05-17
100984,Returning,Desktop,India,Medium,2026-08-09
100985,Returning,Desktop,India,Low,2026-08-30
100986,Returning,Mobile,India,Low,2026-04-03
100987,New,Mobile,India,High,2026-06-04
100988,Returning,Mobile,Australia,Low,2026-08-14
100989,Returning,Mobile,India,Medium,2026-03-28
100990,New,Mobile,India,Low,2026-06-11
100991,New,Desktop,Canada,Medium,2026-04-14
100992,Returning,Mobile,India,Low,2026-08-28
100993,Returning,Desktop,India,Low,2026-03-21
100994,New,Mobile,Canada,Low,2026-03-27
100995,Returning,Mobile,United States,Low,2026-05-09
100996,Returning,Desktop,India,Medium,2026-05-01
100997,Returning,Mobile,India,Medium,2026-03-10
100998,New,Mobile,India,Medium,2026-04-16
100999,Returning,Desktop,United Kingdom,Medium,2026-07-30
101000,Returning,Desktop,India,Medium,2026-03-11
101001,Returning,Desktop,India,Medium,2026-06-11
101002,Returning,Mobile,India,Medium,2026-05-11
101003,Returning,Mobile,India,Low,2026-06-11
101004,New,Mobile,India,Low,2026-05-06
101005,Returning,Mobile,India,High,2026-04-10
101006,Returning,Mobile,India,Low,2026-07-16
101007,Returning,Mobile,United States,Medium,2026-06-22
101008,Returning,Mobile,United States,Medium,2026-03-21
101009,Returning,Desktop,India,Medium,2026-08-27
101010,Returning,Desktop,United Kingdom,Low,2026-04-25
101011,Returning,Desktop,India,Medium,2026-08-26
101012,Returning,Mobile,India,Medium,2026-04-21
101013,New,Mobile,Canada,Low,2026-03-13
101014,Returning,Mobile,India,Low,2026-07-10
101015,New,Desktop,United States,Medium,2026-07-19
101016,Returning,Desktop,India,Medium,2026-03-29
101017,Returning,Desktop,India,Medium,2026-07-30
101018,New,Desktop,United States,Medium,2026-05-24
101019,Returning,Mobile,India,Low,2026-03-07
101020,New,Mobile,India,Medium,2026-04-17
101021,Returning,Mobile,India,Medium,2026-05-28
101022,New,Mobile,India,High,2026-03-22
101023,Returning,Mobile,India,Low,2026-04-04
101024,Returning,Mobile,India,Low,2026-04-18
101025,New,Mobile,Australia,Medium,2026-06-08
101026,Returning,Mobile,India,Medium,2026-07-04
101027,Returning,Mobile,India,Medium,2026-08-05
101028,Returning,Mobile,India,Medium,2026-07-12
101029,Returning,Mobile,United States,High,2026-08-27
101030,Returning,Desktop,India,Low,2026-08-16
101031,New,Mobile,Canada,Low,2026-03-21
101032,New,Mobile,India,Medium,2026-04-15
101033,Returning,Desktop,India,Low,2026-06-06
101034,Returning,Desktop,United States,High,2026-08-01
101035,Returning,Mobile,India,Medium,2026-07-14
101036,Returning,Desktop,Canada,High,2026-08-11
101037,Returning,Mobile,India,High,2026-03-05
101038,New,Mobile,United States,Medium,2026-04-25
101039,New,Desktop,India,Low,2026-04-04
101040,New,Desktop,India,Medium,2026-08-27
101041,New,Mobile,United States,Medium,2026-03-08
101042,Returning,Desktop,India,Low,2026-07-06
101043,Returning,Mobile,India,Low,2026-08-05
101044,New,Desktop,United States,Low,2026-08-13
101045,Returning,Mobile,India,Low,2026-03-15
101046,Returning,Mobile,India,Low,2026-06-06
101047,Returning,Mobile,India,High,2026-04-17
101048,Returning,Mobile,United Kingdom,Medium,2026-07-08
101049,Returning,Desktop,India,Low,2026-07-26
101050,Returning,Mobile,United Kingdom,Medium,2026-04-18
101051,New,Mobile,Australia,Low,2026-04-18
101052,New,Desktop,India,Medium,2026-03-30
101053,Returning,Mobile,India,Low,2026-07-02
101054,Returning,Mobile,India,Low,2026-04-04
101055,Returning,Mobile,India,Low,2026-08-23
101056,Returning,Mobile,Canada,Medium,2026-07-29
101057,Returning,Mobile,India,High,2026-04-27
101058,Returning,Mobile,India,Low,2026-05-18
101059,Returning,Desktop,India,Low,2026-06-12
101060,Returning,Mobile,India,Medium,2026-05-17
101061,Returning,Desktop,Canada,Medium,2026-04-28
101062,Returning,Desktop,India,Low,2026-04-26
101063,New,Mobile,India,High,2026-08-20
101064,Returning,Mobile,India,Medium,2026-05-05
101065,New,Mobile,India,High,2026-03-19
101066,New,Desktop,India,Medium,2026-08-12
101067,New,Mobile,India,High,2026-05-07
101068,Returning,Mobile,India,Medium,2026-07-15
101069,Returning,Desktop,India,Medium,2026-04-01
101070,Returning,Mobile,India,Medium,2026-05-21
101071,New,Mobile,India,Low,2026-04-11
101072,Returning,Desktop,Australia,Medium,2026-05-28
101073,New,Mobile,India,Medium,2026-04-21
101074,Returning,Mobile,India,Low,2026-04-15
101075,Returning,Mobile,India,High,2026-05-02
101076,Returning,Desktop,Australia,High,2026-04-05
101077,Returning,Mobile,India,High,2026-05-26
101078,New,Desktop,India,Medium,2026-06-09
101079,Returning,Mobile,India,Low,2026-03-05
101080,Returning,Mobile,India,High,2026-07-03
101081,Returning,Mobile,India,Medium,2026-07-19
101082,Returning,Desktop,India,High,2026-07-21
101083,Returning,Mobile,India,Low,2026-06-21
101084,New,Mobile,India,Medium,2026-04-07
101085,Returning,Mobile,India,Medium,2026-06-22
101086,Returning,Mobile,India,Medium,2026-04-30
101087,New,Mobile,India,Medium,2026-05-06
101088,Returning,Desktop,India,Low,2026-05-21
101089,New,Mobile,United States,Medium,2026-08-25
101090,New,Mobile,India,Medium,2026-04-27
101091,Returning,Mobile,India,Medium,2026-06-13
101092,Returning,Mobile,India,Low,2026-05-11
101093,New,Mobile,India,Medium,2026-08-14
101094,Returning,Mobile,India,Low,2026-04-02
101095,Returning,Mobile,India,Low,2026-06-02
101096,Returning,Mobile,India,Medium,2026-07-10
101097,Returning,Mobile,India,Low,2026-04-21
101098,Returning,Desktop,India,Low,2026-07-19
101099,Returning,Mobile,United Kingdom,High,2026-07-12
101100,Returning,Desktop,India,Medium,2026-08-17
101101,Returning,Desktop,India,Low,2026-06-30
101102,Returning,Mobile,India,High,2026-04-22
101103,Returning,Mobile,Canada,Low,2026-05-04
101104,New,Mobile,United States,High,2026-07-08
101105,Returning,Mobile,India,Medium,2026-05-06
101106,Returning,Mobile,India,Medium,2026-04-23
101107,New,Desktop,India,Medium,2026-03-28
101108,New,Mobile,India,High,2026-03-28
101109,New,Mobile,India,Low,2026-07-13
101110,Returning,Mobile,India,Low,2026-05-15
101111,New,Desktop,India,Low,2026-05-20
101112,New,Desktop,Australia,Medium,2026-07-03
101113,Returning,Mobile,India,Medium,2026-07-02
101114,New,Mobile,India,High,2026-04-12
101115,Returning,Desktop,India,High,2026-06-01
101116,New,Mobile,India,Low,2026-05-04
101117,Returning,Mobile,Australia,High,2026-08-17
101118,Returning,Desktop,Canada,Low,2026-05-02
101119,Returning,Desktop,India,Low,2026-04-28
101120,New,Desktop,India,High,2026-05-04
101121,Returning,Desktop,India,High,2026-06-11
101122,Returning,Mobile,India,High,2026-06-30
101123,Returning,Mobile,United States,Medium,2026-04-24
101124,Returning,Mobile,India,Low,2026-04-22
101125,New,Mobile,Australia,Medium,2026-05-13
101126,Returning,Mobile,India,Medium,2026-05-04
101127,Returning,Mobile,India,Medium,2026-07-26
101128,Returning,Desktop,India,Medium,2026-05-01
101129,Returning,Desktop,India,Low,2026-04-12
101130,Returning,Desktop,India,Low,2026-04-22
101131,Returning,Desktop,India,Low,2026-03-11
101132,Returning,Mobile,India,Medium,2026-07-24
101133,New,Mobile,India,Low,2026-05-29
101134,Returning,Desktop,United Kingdom,Medium,2026-05-17
101135,Returning,Mobile,United States,Medium,2026-04-11
101136,Returning,Mobile,Canada,High,2026-03-07
101137,New,Mobile,India,High,2026-07-05
101138,Returning,Desktop,India,Medium,2026-07-22
101139,Returning,Mobile,United States,Medium,2026-08-06
101140,Returning,Mobile,India,Low,2026-08-03
101141,Returning,Mobile,United Kingdom,Medium,2026-06-11
101142,New,Mobile,Australia,Low,2026-07-02
101143,Returning,Mobile,India,Medium,2026-05-07
101144,Returning,Mobile,India,Medium,2026-06-20
101145,Returning,Mobile,India,Medium,2026-06-04
101146,Returning,Mobile,India,Medium,2026-07-21
101147,New,Desktop,India,Low,2026-06-17
101148,New,Mobile,India,High,2026-07-30
101149,Returning,Desktop,Canada,Low,2026-04-04
101150,Returning,Mobile,Australia,High,2026-07-19
101151,Returning,Mobile,India,High,2026-06-29
101152,Returning,Mobile,India,Low,2026-03-15
101153,Returning,Mobile,United States,High,2026-04-24
101154,Returning,Mobile,Australia,Low,2026-07-04
101155,Returning,Mobile,United States,Medium,2026-04-02
101156,Returning,Mobile,India,High,2026-03-08
101157,New,Desktop,India,Low,2026-07-14
101158,New,Mobile,India,Low,2026-03-11
101159,New,Desktop,India,Low,2026-08-25
101160,New,Mobile,Australia,Low,2026-07-06
101161,New,Desktop,India,Medium,2026-04-16
101162,Returning,Desktop,India,Medium,2026-07-01
101163,Returning,Mobile,India,High,2026-08-28
101164,Returning,Mobile,India,Medium,2026-07-29
101165,Returning,Mobile,India,Medium,2026-06-29
101166,New,Desktop,India,Medium,2026-03-08
101167,Returning,Mobile,India,Medium,2026-03-30
101168,New,Mobile,United Kingdom,Low,2026-08-30
101169,Returning,Mobile,India,Medium,2026-07-06
101170,Returning,Mobile,India,Low,2026-04-14
101171,Returning,Mobile,United States,Low,2026-07-16
101172,Returning,Desktop,India,Low,2026-04-21
101173,Returning,Mobile,India,Low,2026-06-02
101174,Returning,Desktop,India,High,2026-08-14
101175,Returning,Desktop,United States,Medium,2026-03-27
101176,Returning,Mobile,India,High,2026-08-16
101177,Returning,Mobile,India,Low,2026-04-25
101178,Returning,Desktop,India,Medium,2026-03-23
101179,Returning,Mobile,Australia,Medium,2026-06-09
101180,New,Desktop,India,Medium,2026-06-25
101181,Returning,Mobile,United States,Medium,2026-04-24
101182,Returning,Mobile,United Kingdom,Low,2026-04-17
101183,New,Mobile,India,Medium,2026-08-07
101184,New,Desktop,India,Low,2026-06-16
101185,Returning,Mobile,India,Medium,2026-06-04
101186,Returning,Mobile,India,Low,2026-06-02
101187,Returning,Desktop,India,High,2026-04-22
101188,Returning,Mobile,Australia,Medium,2026-04-21
101189,Returning,Mobile,India,Low,2026-06-17
101190,Returning,Mobile,India,Low,2026-03-28
101191,Returning,Mobile,India,High,2026-06-11
101192,Returning,Desktop,Canada,Low,2026-05-10
101193,Returning,Mobile,India,Medium,2026-08-11
101194,Returning,Mobile,India,Low,2026-07-29
101195,Returning,Desktop,India,Medium,2026-06-20
101196,Returning,Mobile,India,Low,2026-04-20
101197,Returning,Mobile,India,Medium,2026-07-18
101198,New,Mobile,India,High,2026-06-16
101199,Returning,Mobile,India,Medium,2026-07-02
101200,Returning,Mobile,United Kingdom,Medium,2026-06-02
101201,Returning,Mobile,United States,Medium,2026-03-20
101202,Returning,Mobile,India,Medium,2026-05-16
101203,Returning,Desktop,Canada,High,2026-06-10
101204,Returning,Mobile,India,High,2026-03-27
101205,Returning,Mobile,India,Low,2026-04-22
101206,Returning,Mobile,United Kingdom,High,2026-08-01
101207,New,Mobile,India,High,2026-05-30
101208,Returning,Desktop,United States,Medium,2026-04-20
101209,Returning,Mobile,India,High,2026-07-02
101210,New,Desktop,India,Medium,2026-07-18
101211,Returning,Mobile,India,Low,2026-05-19
101212,Returning,Mobile,India,Low,2026-05-03
101213,New,Mobile,India,Low,2026-06-22
101214,Returning,Mobile,United Kingdom,Low,2026-08-30
101215,New,Mobile,Canada,Medium,2026-03-06
101216,Returning,Mobile,India,High,2026-07-16
101217,Returning,Mobile,India,Medium,2026-07-24
101218,Returning,Mobile,India,Low,2026-04-08
101219,New,Mobile,India,High,2026-08-20
101220,Returning,Mobile,India,Low,2026-06-26
101221,New,Mobile,India,Medium,2026-08-01
101222,New,Mobile,United Kingdom,Medium,2026-08-21
101223,New,Mobile,India,Medium,2026-04-09
101224,New,Desktop,India,Low,2026-06-01
101225,Returning,Mobile,India,Low,2026-03-15
101226,Returning,Mobile,India,High,2026-03-28
101227,Returning,Mobile,India,Low,2026-04-29
101228,Returning,Desktop,India,Low,2026-07-14
101229,Returning,Desktop,India,Low,2026-07-20
101230,Returning,Mobile,India,Low,2026-03-22
101231,Returning,Desktop,India,Medium,2026-07-18
101232,Returning,Mobile,Canada,Low,2026-03-15
101233,Returning,Mobile,India,Medium,2026-03-13
101234,Returning,Desktop,Australia,High,2026-05-09
101235,Returning,Desktop,India,Medium,2026-05-08
101236,Returning,Desktop,India,Low,2026-03-21
101237,Returning,Mobile,United Kingdom,High,2026-06-18
101238,Returning,Mobile,United States,High,2026-08-25
101239,New,Mobile,India,Low,2026-04-01
101240,Returning,Desktop,India,High,2026-04-01
101241,Returning,Mobile,India,Low,2026-08-19
101242,New,Desktop,India,High,2026-04-22
101243,Returning,Mobile,India,Medium,2026-06-17
101244,Returning,Mobile,India,Low,2026-03-13
101245,Returning,Mobile,India,Medium,2026-07-22
101246,Returning,Mobile,India,High,2026-07-03
101247,Returning,Mobile,India,Medium,2026-06-01
101248,Returning,Mobile,Australia,Medium,2026-07-25
101249,Returning,Desktop,India,Medium,2026-08-20
101250,New,Mobile,India,Low,2026-07-25
101251,Returning,Mobile,India,High,2026-08-17
101252,Returning,Mobile,India,Medium,2026-03-24
101253,Returning,Mobile,India,Low,2026-04-07
101254,New,Mobile,India,Medium,2026-05-02
101255,Returning,Mobile,Australia,Low,2026-04-02
101256,Returning,Mobile,United Kingdom,Low,2026-06-04
101257,Returning,Desktop,Australia,Low,2026-05-11
101258,New,Mobile,India,Medium,2026-03-30
101259,New,Mobile,United Kingdom,Low,2026-04-30
101260,Returning,Desktop,India,Low,2026-03-18
101261,Returning,Mobile,United States,Low,2026-07-19
101262,Returning,Mobile,Australia,Medium,2026-05-27
101263,New,Mobile,Canada,Low,2026-05-21
101264,New,Mobile,India,Low,2026-07-01
101265,Returning,Desktop,India,Medium,2026-07-05
101266,Returning,Mobile,India,Medium,2026-07-01
101267,Returning,Mobile,India,High,2026-05-16
101268,Returning,Mobile,India,Medium,2026-07-18
101269,New,Desktop,United Kingdom,Low,2026-06-17
101270,New,Mobile,India,Low,2026-04-22
101271,Returning,Desktop,United States,Medium,2026-05-25
101272,Returning,Mobile,Australia,Low,2026-03-09
101273,Returning,Desktop,India,Medium,2026-06-30
101274,Returning,Desktop,India,High,2026-05-12
101275,Returning,Mobile,India,Low,2026-06-01
101276,Returning,Mobile,India,Medium,2026-08-22
101277,Returning,Desktop,India,Medium,2026-06-18
101278,Returning,Desktop,India,Medium,2026-03-10
101279,Returning,Mobile,India,High,2026-05-21
101280,Returning,Desktop,India,High,2026-05-10
101281,Returning,Mobile,India,Low,2026-05-15
101282,Returning,Desktop,India,Low,2026-03-26
101283,Returning,Desktop,India,Low,2026-07-08
101284,New,Desktop,India,Medium,2026-05-24
101285,Returning,Mobile,India,Low,2026-03-14
101286,Returning,Mobile,India,Low,2026-07-20
101287,Returning,Mobile,United States,High,2026-05-06
101288,Returning,Desktop,Canada,Medium,2026-07-17
101289,New,Mobile,India,Medium,2026-05-31
101290,Returning,Mobile,India,Medium,2026-08-29
101291,Returning,Mobile,India,Low,2026-04-22
101292,New,Mobile,India,Low,2026-04-13
101293,Returning,Desktop,United Kingdom,Medium,2026-08-17
101294,Returning,Mobile,India,Low,2026-08-07
101295,Returning,Desktop,India,Medium,2026-07-10
101296,Returning,Mobile,India,Low,2026-08-14
101297,New,Desktop,India,Low,2026-04-23
101298,New,Mobile,India,High,2026-03-16
101299,Returning,Desktop,United States,High,2026-07-31
101300,Returning,Mobile,Canada,Low,2026-08-14
101301,New,Mobile,India,Low,2026-07-09
101302,Returning,Mobile,United States,Medium,2026-04-02
101303,Returning,Desktop,India,Low,2026-08-25
101304,Returning,Mobile,Canada,Low,2026-05-25
101305,New,Mobile,India,High,2026-08-28
101306,New,Mobile,India,Low,2026-06-23
101307,Returning,Mobile,India,Medium,2026-06-13
101308,New,Desktop,India,High,2026-06-02
101309,New,Mobile,United Kingdom,Medium,2026-04-28
101310,Returning,Desktop,India,Low,2026-06-13
101311,Returning,Mobile,United Kingdom,Medium,2026-08-13
101312,Returning,Desktop,India,Low,2026-08-19
101313,Returning,Mobile,United States,Low,2026-06-26
101314,Returning,Mobile,India,High,2026-05-16
101315,Returning,Desktop,India,Medium,2026-07-27
101316,Returning,Mobile,India,Low,2026-05-19
101317,Returning,Mobile,United Kingdom,High,2026-05-11
101318,Returning,Mobile,India,High,2026-07-28
101319,Returning,Mobile,India,Low,2026-06-17
101320,New,Mobile,United Kingdom,Low,2026-05-24
101321,New,Mobile,India,Medium,2026-07-09
101322,Returning,Mobile,United Kingdom,Medium,2026-06-05
101323,Returning,Mobile,India,Medium,2026-07-28
101324,Returning,Mobile,India,Medium,2026-08-10
101325,Returning,Desktop,India,Medium,2026-03-27
101326,Returning,Mobile,India,High,2026-08-14
101327,Returning,Mobile,India,Low,2026-03-24
101328,Returning,Desktop,Canada,High,2026-07-02
101329,Returning,Mobile,India,Medium,2026-03-30
101330,Returning,Mobile,India,Medium,2026-03-26
101331,Returning,Desktop,India,Low,2026-09-01
101332,Returning,Desktop,United Kingdom,High,2026-04-07
101333,Returning,Desktop,Australia,Medium,2026-04-04
101334,Returning,Mobile,United States,Medium,2026-03-10
101335,New,Mobile,India,Medium,2026-06-13
101336,Returning,Mobile,India,Medium,2026-06-16
101337,New,Desktop,India,Low,2026-05-07
101338,Returning,Mobile,India,Medium,2026-04-07
101339,Returning,Desktop,India,High,2026-03-27
101340,New,Desktop,India,Low,2026-04-08
101341,New,Mobile,India,Low,2026-06-25
101342,Returning,Mobile,India,High,2026-06-29
101343,Returning,Desktop,India,High,2026-07-22
101344,New,Desktop,United States,Low,2026-08-19
101345,Returning,Mobile,India,Low,2026-06-24
101346,New,Desktop,India,Medium,2026-05-13
101347,Returning,Desktop,India,High,2026-05-30
101348,Returning,Desktop,India,Medium,2026-05-31
101349,Returning,Desktop,India,Medium,2026-07-03
101350,Returning,Mobile,India,Medium,2026-06-29
101351,Returning,Mobile,India,Low,2026-06-26
101352,Returning,Mobile,India,Low,2026-08-25
101353,Returning,Mobile,India,High,2026-03-09
101354,Returning,Mobile,India,Medium,2026-07-21
101355,Returning,Desktop,India,Low,2026-06-19
101356,Returning,Desktop,India,Medium,2026-08-31
101357,New,Mobile,India,High,2026-04-14
101358,Returning,Mobile,India,Low,2026-08-19
101359,Returning,Desktop,India,High,2026-05-20
101360,Returning,Mobile,Australia,Low,2026-04-16
101361,Returning,Desktop,India,Low,2026-06-23
101362,Returning,Desktop,India,Low,2026-08-12
101363,Returning,Mobile,Canada,Low,2026-04-11
101364,Returning,Mobile,India,High,2026-07-16
101365,New,Mobile,India,High,2026-06-24
101366,Returning,Mobile,United Kingdom,Medium,2026-03-22
101367,Returning,Desktop,India,Medium,2026-03-21
101368,New,Mobile,India,Low,2026-03-17
101369,Returning,Mobile,India,Low,2026-04-20
101370,New,Desktop,United States,Low,2026-06-20
101371,Returning,Mobile,Canada,Low,2026-03-07
101372,New,Desktop,India,High,2026-07-02
101373,Returning,Desktop,India,High,2026-08-19
101374,Returning,Mobile,India,Medium,2026-06-30
101375,New,Mobile,India,Low,2026-07-11
101376,Returning,Mobile,India,Medium,2026-04-30
101377,New,Desktop,India,Medium,2026-06-04
101378,Returning,Mobile,India,Medium,2026-03-10
101379,New,Desktop,India,Low,2026-08-15
101380,Returning,Desktop,India,High,2026-08-09
101381,Returning,Mobile,Australia,Medium,2026-04-22
101382,Returning,Desktop,India,Medium,2026-08-15
101383,Returning,Mobile,India,Low,2026-08-01
101384,Returning,Desktop,India,Low,2026-03-19
101385,New,Mobile,India,High,2026-08-08
101386,Returning,Mobile,India,Medium,2026-07-24
101387,New,Mobile,India,High,2026-04-12
101388,Returning,Mobile,India,Low,2026-06-21
101389,Returning,Mobile,India,Low,2026-06-18
101390,Returning,Desktop,Australia,Low,2026-08-25
101391,Returning,Mobile,India,Low,2026-06-04
101392,Returning,Mobile,United Kingdom,Medium,2026-03-22
101393,Returning,Desktop,United States,Medium,2026-07-02
101394,New,Mobile,India,Medium,2026-07-06
101395,New,Desktop,United Kingdom,High,2026-06-06
101396,New,Desktop,India,Low,2026-08-18
101397,Returning,Mobile,India,Medium,2026-03-28
101398,Returning,Mobile,India,High,2026-07-01
101399,New,Mobile,India,Low,2026-04-05
101400,Returning,Desktop,Australia,Medium,2026-07-20
101401,Returning,Mobile,India,High,2026-07-24
101402,Returning,Mobile,United States,Medium,2026-07-01
101403,Returning,Desktop,India,Low,2026-04-07
101404,Returning,Mobile,Canada,Low,2026-06-11
101405,New,Desktop,India,Low,2026-05-06
101406,Returning,Mobile,India,Medium,2026-03-06
101407,Returning,Mobile,India,Low,2026-07-22
101408,New,Mobile,Canada,High,2026-07-27
101409,Returning,Mobile,India,Medium,2026-03-23
101410,Returning,Desktop,India,Medium,2026-03-07
101411,Returning,Mobile,India,Medium,2026-03-09
101412,New,Mobile,United States,Low,2026-06-29
101413,Returning,Mobile,India,Medium,2026-06-21
101414,New,Desktop,Australia,Medium,2026-08-06
101415,New,Mobile,India,Medium,2026-08-27
101416,New,Mobile,India,Low,2026-03-23
101417,Returning,Desktop,India,Medium,2026-04-30
101418,Returning,Desktop,India,Medium,2026-04-04
101419,New,Desktop,India,Medium,2026-06-19
101420,New,Mobile,India,Low,2026-04-16
101421,New,Mobile,United States,Medium,2026-03-18
101422,New,Desktop,India,Low,2026-07-23
101423,Returning,Desktop,India,Low,2026-08-25
101424,Returning,Mobile,India,High,2026-07-02
101425,New,Mobile,India,High,2026-07-29
101426,Returning,Desktop,India,Medium,2026-07-03
101427,Returning,Mobile,India,Low,2026-05-31
101428,Returning,Desktop,India,Low,2026-05-13
101429,Returning,Mobile,India,Medium,2026-05-20
101430,New,Mobile,United States,Medium,2026-07-08
101431,New,Mobile,India,Low,2026-06-24
101432,New,Mobile,United Kingdom,Medium,2026-04-11
101433,New,Desktop,India,Low,2026-06-12
101434,Returning,Desktop,United States,Low,2026-04-24
101435,Returning,Mobile,India,Medium,2026-04-06
101436,New,Mobile,India,Medium,2026-05-15
101437,Returning,Mobile,United States,Low,2026-03-17
101438,New,Desktop,India,Low,2026-04-14
101439,Returning,Desktop,India,Medium,2026-07-04
101440,New,Desktop,India,Medium,2026-06-11
101441,Returning,Mobile,Australia,Low,2026-06-01
101442,Returning,Desktop,India,Low,2026-03-13
101443,Returning,Mobile,India,Medium,2026-08-17
101444,Returning,Desktop,India,Low,2026-05-02
101445,Returning,Desktop,India,Medium,2026-05-26
101446,Returning,Mobile,India,Low,2026-05-01
101447,Returning,Mobile,Australia,Medium,2026-04-30
101448,New,Mobile,India,High,2026-03-09
101449,Returning,Mobile,India,High,2026-04-13
101450,New,Mobile,India,High,2026-06-15
101451,New,Desktop,India,Low,2026-03-21
101452,New,Mobile,India,Medium,2026-06-05
101453,Returning,Mobile,United Kingdom,Low,2026-03-08
101454,Returning,Desktop,India,Low,2026-04-22
101455,Returning,Desktop,India,Medium,2026-07-12
101456,New,Mobile,Australia,Medium,2026-03-09
101457,New,Desktop,United Kingdom,High,2026-04-25
101458,New,Mobile,India,Low,2026-05-09
101459,Returning,Mobile,United Kingdom,Medium,2026-05-09
101460,New,Mobile,United Kingdom,Low,2026-03-12
101461,Returning,Desktop,Australia,Medium,2026-06-10
101462,Returning,Desktop,Australia,High,2026-08-09
101463,Returning,Mobile,India,Medium,2026-07-27
101464,New,Desktop,India,Medium,2026-07-25
101465,Returning,Mobile,India,Low,2026-07-24
101466,Returning,Mobile,India,Medium,2026-07-11
101467,Returning,Desktop,India,Low,2026-05-27
101468,Returning,Mobile,India,Low,2026-05-23
101469,Returning,Mobile,India,Low,2026-07-28
101470,Returning,Mobile,India,High,2026-04-03
101471,New,Mobile,Canada,Low,2026-03-29
101472,New,Mobile,India,Low,2026-04-23
101473,Returning,Desktop,India,Medium,2026-04-13
101474,Returning,Desktop,India,High,2026-06-02
101475,Returning,Desktop,India,High,2026-03-30
101476,Returning,Desktop,India,Low,2026-08-30
101477,New,Desktop,United States,High,2026-06-22
101478,Returning,Mobile,India,Medium,2026-06-02
101479,Returning,Desktop,United States,Low,2026-08-25
101480,Returning,Mobile,India,Low,2026-07-10
101481,New,Mobile,United States,Medium,2026-08-27
101482,New,Mobile,United States,Medium,2026-04-04
101483,New,Mobile,India,Medium,2026-08-27
101484,Returning,Mobile,India,Medium,2026-04-24
101485,Returning,Mobile,United States,High,2026-04-23
101486,New,Mobile,India,Low,2026-04-17
101487,Returning,Desktop,India,Medium,2026-07-28
101488,Returning,Desktop,India,High,2026-08-01
101489,Returning,Desktop,India,Low,2026-06-11
101490,Returning,Desktop,United States,Medium,2026-06-05
101491,Returning,Desktop,India,Low,2026-07-25
101492,Returning,Desktop,India,Medium,2026-08-19
101493,New,Mobile,India,Medium,2026-03-29
101494,Returning,Mobile,India,Low,2026-07-08
101495,Returning,Mobile,India,High,2026-07-31
101496,Returning,Mobile,Canada,Medium,2026-09-01
101497,Returning,Desktop,India,High,2026-07-01
101498,New,Desktop,India,High,2026-06-13
101499,New,Mobile,United States,Medium,2026-07-15
101500,New,Mobile,Australia,High,2026-08-03
101501,Returning,Mobile,India,Low,2026-04-30
101502,Returning,Mobile,United Kingdom,Low,2026-08-28
101503,New,Mobile,India,Low,2026-03-28
101504,Returning,Desktop,United States,Low,2026-06-04
101505,New,Desktop,India,High,2026-06-16
101506,New,Desktop,India,Low,2026-03-16
101507,Returning,Mobile,India,Low,2026-03-14
101508,Returning,Mobile,United States,Low,2026-06-27
101509,Returning,Mobile,India,Low,2026-06-16
101510,New,Mobile,India,Low,2026-07-25
101511,Returning,Mobile,India,Medium,2026-08-22
101512,Returning,Mobile,India,Medium,2026-05-16
101513,Returning,Desktop,India,Medium,2026-08-08
101514,Returning,Mobile,India,High,2026-07-14
101515,New,Desktop,India,Medium,2026-08-07
101516,New,Mobile,India,Medium,2026-08-03
101517,Returning,Mobile,United Kingdom,Low,2026-04-27
101518,Returning,Desktop,India,Medium,2026-05-07
101519,Returning,Desktop,India,Low,2026-04-11
101520,Returning,Desktop,India,Low,2026-05-30
101521,Returning,Mobile,Canada,Low,2026-08-30
101522,Returning,Desktop,India,Medium,2026-07-30
101523,Returning,Desktop,India,Medium,2026-07-11
101524,New,Mobile,India,Medium,2026-08-22
101525,Returning,Mobile,United States,Medium,2026-06-20
101526,Returning,Mobile,United States,Low,2026-08-04
101527,Returning,Mobile,India,Low,2026-06-03
101528,Returning,Mobile,India,Low,2026-08-12
101529,Returning,Mobile,United Kingdom,Low,2026-05-11
101530,Returning,Mobile,United Kingdom,Low,2026-07-13
101531,Returning,Mobile,India,Medium,2026-05-01
101532,Returning,Mobile,India,Medium,2026-07-30
101533,Returning,Mobile,India,Medium,2026-06-11
101534,Returning,Mobile,United States,Low,2026-03-23
101535,New,Mobile,United States,Low,2026-03-06
101536,New,Mobile,India,Medium,2026-07-27
101537,New,Desktop,India,Low,2026-05-07
101538,Returning,Mobile,India,Medium,2026-08-12
101539,Returning,Desktop,India,Low,2026-08-13
101540,New,Mobile,Australia,Medium,2026-04-21
101541,New,Desktop,India,Low,2026-08-22
101542,Returning,Mobile,India,High,2026-05-19
101543,Returning,Mobile,India,Low,2026-08-30
101544,Returning,Desktop,United States,Low,2026-05-28
101545,Returning,Mobile,India,High,2026-06-11
101546,New,Desktop,India,Low,2026-08-19
101547,Returning,Mobile,India,Low,2026-06-13
101548,Returning,Mobile,India,Low,2026-04-17
101549,New,Mobile,India,High,2026-05-05
101550,Returning,Mobile,India,Low,2026-05-15
101551,Returning,Mobile,India,Low,2026-06-12
101552,Returning,Mobile,India,High,2026-03-08
101553,New,Mobile,United Kingdom,Low,2026-03-24
101554,Returning,Desktop,India,Low,2026-06-24
101555,New,Desktop,India,Medium,2026-06-10
101556,Returning,Desktop,India,Medium,2026-05-28
101557,Returning,Desktop,United States,Low,2026-05-13
101558,Returning,Mobile,Australia,Low,2026-06-04
101559,New,Mobile,India,Low,2026-07-06
101560,New,Mobile,India,High,2026-08-26
101561,New,Mobile,India,Low,2026-06-17
101562,Returning,Desktop,India,Medium,2026-05-05
101563,Returning,Desktop,India,Medium,2026-04-19
101564,Returning,Desktop,India,Low,2026-03-11
101565,New,Mobile,India,Low,2026-07-20
101566,Returning,Desktop,India,Low,2026-06-09
101567,Returning,Mobile,India,Low,2026-03-18
101568,New,Desktop,India,Medium,2026-08-20
101569,Returning,Mobile,United States,High,2026-08-30
101570,New,Desktop,India,Medium,2026-04-20
101571,New,Desktop,United Kingdom,Low,2026-05-14
101572,Returning,Desktop,India,High,2026-08-17
101573,Returning,Mobile,India,Low,2026-04-17
101574,Returning,Desktop,Australia,Low,2026-04-24
101575,Returning,Mobile,India,High,2026-03-06
101576,Returning,Desktop,India,High,2026-06-06
101577,Returning,Mobile,India,Medium,2026-04-14
101578,New,Mobile,India,High,2026-06-07
101579,Returning,Mobile,India,High,2026-07-28
101580,Returning,Mobile,India,Medium,2026-07-03
101581,Returning,Mobile,United States,Medium,2026-04-07
101582,Returning,Mobile,India,Low,2026-06-06
101583,Returning,Mobile,Canada,Low,2026-06-02
101584,Returning,Desktop,United Kingdom,Low,2026-06-20
101585,Returning,Mobile,India,High,2026-06-02
101586,New,Mobile,India,Low,2026-03-22
101587,New,Mobile,India,Low,2026-05-06
101588,Returning,Desktop,India,Low,2026-07-29
101589,Returning,Desktop,Canada,Medium,2026-05-24
101590,Returning,Mobile,India,Low,2026-05-18
101591,New,Mobile,India,Low,2026-07-26
101592,Returning,Desktop,India,Low,2026-05-04
101593,New,Mobile,India,High,2026-05-09
101594,New,Mobile,India,Low,2026-06-12
101595,Returning,Desktop,India,Low,2026-04-02
101596,Returning,Mobile,India,Medium,2026-07-28
101597,Returning,Mobile,United Kingdom,Low,2026-05-18
101598,Returning,Mobile,United States,Medium,2026-03-07
101599,Returning,Mobile,India,High,2026-06-08
101600,Returning,Mobile,India,Low,2026-05-16
101601,Returning,Desktop,India,High,2026-08-16
101602,New,Desktop,India,Medium,2026-04-26
101603,Returning,Mobile,United Kingdom,Medium,2026-04-05
101604,Returning,Desktop,India,Medium,2026-08-30
101605,New,Mobile,India,Low,2026-08-27
101606,Returning,Mobile,India,Medium,2026-05-02
101607,New,Mobile,India,Medium,2026-04-27
101608,Returning,Mobile,India,Medium,2026-07-04
101609,Returning,Desktop,India,Low,2026-04-12
101610,New,Mobile,India,Medium,2026-06-04
101611,Returning,Desktop,India,Low,2026-03-11
101612,Returning,Desktop,India,Low,2026-03-13
101613,Returning,Mobile,Australia,Medium,2026-06-15
101614,New,Mobile,United States,Low,2026-08-13
101615,Returning,Mobile,Australia,Medium,2026-08-09
101616,Returning,Mobile,United Kingdom,Low,2026-07-31
101617,New,Mobile,India,Medium,2026-06-26
101618,Returning,Mobile,United States,Low,2026-03-29
101619,Returning,Mobile,India,High,2026-08-10
101620,Returning,Desktop,India,High,2026-05-08
101621,New,Mobile,India,High,2026-03-05
101622,Returning,Mobile,India,Low,2026-05-22
101623,Returning,Desktop,India,Medium,2026-05-08
101624,Returning,Mobile,United States,Low,2026-06-06
101625,New,Mobile,India,Low,2026-03-16
101626,Returning,Mobile,India,Medium,2026-03-19
101627,Returning,Mobile,India,Medium,2026-08-28
101628,New,Mobile,India,Low,2026-04-22
101629,Returning,Mobile,Canada,High,2026-06-10
101630,New,Desktop,India,High,2026-08-07
101631,Returning,Desktop,India,High,2026-08-03
101632,Returning,Desktop,United Kingdom,Low,2026-07-05
101633,Returning,Mobile,Canada,Low,2026-04-04
101634,Returning,Mobile,India,Medium,2026-07-10
101635,Returning,Mobile,India,Low,2026-05-17
101636,Returning,Mobile,India,High,2026-05-28
101637,New,Desktop,United Kingdom,Medium,2026-07-05
101638,New,Desktop,India,High,2026-06-25
101639,Returning,Desktop,India,Medium,2026-07-23
101640,New,Mobile,India,High,2026-03-20
101641,Returning,Mobile,India,Low,2026-08-27
101642,New,Desktop,India,Low,2026-04-17
101643,Returning,Desktop,Canada,Low,2026-04-09
101644,Returning,Mobile,India,Low,2026-06-27
101645,New,Desktop,India,Low,2026-04-22
101646,Returning,Mobile,India,Medium,2026-07-12
101647,Returning,Desktop,India,Medium,2026-07-01
101648,Returning,Desktop,United Kingdom,Medium,2026-05-03
101649,Returning,Mobile,Canada,Low,2026-08-12
101650,Returning,Mobile,India,High,2026-06-14
101651,New,Mobile,India,Medium,2026-06-17
101652,Returning,Mobile,India,Low,2026-05-20
101653,New,Mobile,India,Medium,2026-05-28
101654,New,Mobile,India,Low,2026-07-06
101655,Returning,Mobile,India,Low,2026-05-22
101656,New,Mobile,India,Medium,2026-03-13
101657,New,Mobile,India,High,2026-07-02
101658,Returning,Mobile,India,Medium,2026-04-04
101659,Returning,Desktop,United States,Low,2026-05-21
101660,Returning,Desktop,India,Low,2026-04-02
101661,Returning,Desktop,United States,High,2026-03-11
101662,Returning,Mobile,India,High,2026-08-15
101663,Returning,Desktop,United States,Medium,2026-04-06
101664,Returning,Desktop,India,Medium,2026-04-20
101665,Returning,Desktop,United Kingdom,High,2026-07-30
101666,Returning,Desktop,India,Low,2026-04-03
101667,Returning,Mobile,India,Medium,2026-04-16
101668,New,Mobile,India,Low,2026-06-04
101669,New,Desktop,United Kingdom,Low,2026-06-20
101670,New,Desktop,India,Medium,2026-05-12
101671,Returning,Mobile,Canada,Low,2026-07-19
101672,Returning,Desktop,India,Medium,2026-05-09
101673,Returning,Mobile,India,Low,2026-07-27
101674,Returning,Mobile,United Kingdom,Low,2026-07-21
101675,Returning,Mobile,India,Medium,2026-05-08
101676,Returning,Mobile,India,Low,2026-03-11
101677,Returning,Mobile,India,Medium,2026-08-15
101678,New,Mobile,India,Low,2026-08-06
101679,Returning,Mobile,United States,Low,2026-03-05
101680,Returning,Mobile,India,Medium,2026-06-10
101681,Returning,Mobile,United Kingdom,Medium,2026-08-22
101682,New,Mobile,India,High,2026-05-31
101683,Returning,Mobile,India,Medium,2026-06-29
101684,Returning,Mobile,India,Low,2026-03-11
101685,Returning,Mobile,United States,Low,2026-05-07
101686,New,Desktop,India,Low,2026-03-22
101687,Returning,Mobile,India,Medium,2026-05-07
101688,New,Desktop,India,Low,2026-08-20
101689,New,Mobile,India,Low,2026-05-18
101690,Returning,Mobile,United States,Medium,2026-06-01
101691,Returning,Desktop,India,Low,2026-07-18
101692,Returning,Mobile,India,Low,2026-05-09
101693,Returning,Mobile,India,Low,2026-08-12
101694,Returning,Mobile,India,Medium,2026-03-23
101695,New,Mobile,Australia,Medium,2026-06-09
101696,Returning,Mobile,India,Low,2026-06-04
101697,New,Mobile,India,High,2026-05-01
101698,Returning,Mobile,India,Medium,2026-07-09
101699,New,Mobile,India,Low,2026-08-19
101700,Returning,Mobile,India,Medium,2026-07-27
101701,Returning,Desktop,India,Medium,2026-08-15
101702,Returning,Mobile,India,Medium,2026-07-17
101703,Returning,Mobile,India,High,2026-04-26
101704,Returning,Desktop,India,Medium,2026-03-06
101705,Returning,Mobile,India,Medium,2026-04-06
101706,Returning,Mobile,India,High,2026-07-13
101707,New,Mobile,India,Low,2026-06-23
101708,Returning,Mobile,India,Medium,2026-05-03
101709,Returning,Mobile,India,Low,2026-03-06
101710,New,Mobile,India,Low,2026-05-23
101711,Returning,Mobile,India,Low,2026-08-26
101712,Returning,Mobile,India,Low,2026-06-19
101713,New,Mobile,United States,Low,2026-07-07
101714,Returning,Mobile,India,High,2026-08-14
101715,New,Mobile,Australia,Medium,2026-08-06
101716,Returning,Mobile,India,Low,2026-03-27
101717,Returning,Desktop,India,Low,2026-08-12
101718,Returning,Desktop,United States,Low,2026-04-01
101719,Returning,Desktop,India,Medium,2026-04-14
101720,Returning,Mobile,India,Low,2026-06-02
101721,Returning,Mobile,United Kingdom,Medium,2026-03-15
101722,New,Mobile,United Kingdom,Low,2026-05-04
101723,Returning,Mobile,India,Low,2026-07-12
101724,Returning,Desktop,India,Medium,2026-07-11
101725,Returning,Mobile,United States,Low,2026-08-24
101726,Returning,Mobile,India,Medium,2026-06-15
101727,Returning,Mobile,United Kingdom,Low,2026-08-17
101728,Returning,Mobile,India,Low,2026-05-12
101729,Returning,Desktop,India,Medium,2026-07-24
101730,New,Mobile,India,Low,2026-05-30
101731,Returning,Mobile,India,Medium,2026-03-05
101732,Returning,Mobile,India,Low,2026-07-13
101733,Returning,Mobile,United States,High,2026-08-23
101734,New,Mobile,Canada,Low,2026-03-29
101735,Returning,Mobile,Australia,Low,2026-07-01
101736,New,Mobile,India,Low,2026-07-28
101737,Returning,Mobile,India,High,2026-04-02
101738,Returning,Desktop,India,Medium,2026-07-06
101739,Returning,Mobile,India,Low,2026-07-31
101740,Returning,Mobile,India,Medium,2026-03-26
101741,Returning,Mobile,India,Low,2026-08-08
101742,Returning,Desktop,United States,High,2026-03-29
101743,Returning,Mobile,India,High,2026-07-15
101744,Returning,Desktop,India,Medium,2026-07-31
101745,Returning,Mobile,India,Medium,2026-05-28
101746,Returning,Mobile,India,Low,2026-04-17
101747,Returning,Mobile,India,High,2026-04-09
101748,New,Mobile,India,Medium,2026-05-19
101749,New,Mobile,India,High,2026-08-30
101750,Returning,Mobile,India,Medium,2026-04-19
101751,New,Mobile,India,Medium,2026-08-28
101752,Returning,Desktop,India,Medium,2026-05-20
101753,New,Desktop,United States,Low,2026-03-09
101754,New,Mobile,India,Medium,2026-08-18
101755,Returning,Desktop,United Kingdom,Medium,2026-06-06
101756,Returning,Desktop,India,Medium,2026-05-01
101757,New,Mobile,India,Medium,2026-06-26
101758,New,Desktop,Canada,Low,2026-04-17
101759,New,Mobile,India,Low,2026-07-27
101760,Returning,Mobile,India,Low,2026-06-20
101761,Returning,Mobile,India,Medium,2026-08-18
101762,New,Mobile,India,Low,2026-08-19
101763,New,Mobile,India,High,2026-07-21
101764,New,Mobile,India,Medium,2026-07-12
101765,New,Mobile,India,Low,2026-07-31
101766,Returning,Mobile,India,Low,2026-03-22
101767,New,Mobile,Australia,High,2026-06-14
101768,Returning,Mobile,India,High,2026-07-14
101769,New,Mobile,Australia,Low,2026-04-17
101770,Returning,Desktop,India,Low,2026-05-26
101771,Returning,Mobile,India,Low,2026-04-20
101772,New,Mobile,India,Medium,2026-07-13
101773,New,Desktop,Canada,High,2026-04-24
101774,Returning,Desktop,Australia,High,2026-08-01
101775,Returning,Mobile,Canada,Low,2026-08-08
101776,Returning,Mobile,India,High,2026-07-11
101777,Returning,Mobile,India,Medium,2026-06-12
101778,Returning,Mobile,India,Medium,2026-07-10
101779,Returning,Mobile,India,Medium,2026-08-19
101780,Returning,Mobile,India,Medium,2026-06-15
101781,Returning,Desktop,United Kingdom,Medium,2026-07-29
101782,New,Mobile,India,High,2026-05-09
101783,Returning,Mobile,India,Low,2026-04-28
101784,Returning,Mobile,India,Medium,2026-08-10
101785,Returning,Mobile,India,Low,2026-08-09
101786,New,Mobile,India,Medium,2026-04-09
101787,Returning,Desktop,India,Medium,2026-03-08
101788,New,Mobile,India,Low,2026-09-01
101789,New,Mobile,India,High,2026-04-17
101790,Returning,Mobile,India,Medium,2026-05-21
101791,Returning,Mobile,India,Low,2026-04-07
101792,Returning,Desktop,Canada,Medium,2026-07-19
101793,New,Mobile,India,Low,2026-04-12
101794,Returning,Desktop,India,Medium,2026-05-07
101795,Returning,Desktop,India,Low,2026-04-19
101796,Returning,Desktop,India,Low,2026-04-04
101797,New,Mobile,India,Low,2026-07-28
101798,Returning,Mobile,India,Medium,2026-08-24
101799,Returning,Desktop,India,Low,2026-07-31
101800,New,Desktop,India,Medium,2026-04-16
101801,Returning,Mobile,United Kingdom,Low,2026-07-03
101802,Returning,Mobile,India,Low,2026-05-28
101803,New,Desktop,Canada,High,2026-05-13
101804,New,Mobile,India,Medium,2026-07-30
101805,Returning,Desktop,Australia,Low,2026-06-15
101806,Returning,Mobile,United States,Medium,2026-05-30
101807,Returning,Mobile,India,Low,2026-07-20
101808,New,Mobile,Canada,Low,2026-05-01
101809,Returning,Mobile,United States,Medium,2026-06-25
101810,New,Desktop,United Kingdom,High,2026-08-27
101811,Returning,Mobile,India,Low,2026-05-02
101812,Returning,Mobile,United States,Low,2026-08-16
101813,Returning,Desktop,India,Low,2026-07-02
101814,Returning,Desktop,India,High,2026-03-13
101815,Returning,Mobile,India,Medium,2026-05-09
101816,New,Mobile,United Kingdom,High,2026-08-02
101817,New,Mobile,India,Low,2026-05-08
101818,Returning,Mobile,India,Medium,2026-06-01
101819,Returning,Mobile,India,Low,2026-03-21
101820,Returning,Mobile,India,Medium,2026-05-05
101821,Returning,Mobile,Australia,Medium,2026-04-13
101822,Returning,Mobile,India,Medium,2026-08-24
101823,Returning,Desktop,India,High,2026-04-15
101824,New,Desktop,United Kingdom,High,2026-08-31
101825,Returning,Mobile,India,Medium,2026-09-01
101826,Returning,Mobile,India,Low,2026-03-24
101827,New,Desktop,India,Medium,2026-03-08
101828,Returning,Mobile,India,High,2026-08-07
101829,Returning,Desktop,India,Medium,2026-08-28
101830,New,Desktop,India,Low,2026-03-15
101831,New,Mobile,United Kingdom,High,2026-08-19
101832,Returning,Mobile,India,Low,2026-03-07
101833,New,Desktop,India,High,2026-03-08
101834,New,Mobile,India,Low,2026-03-26
101835,Returning,Mobile,India,Low,2026-08-25
101836,New,Mobile,United Kingdom,Medium,2026-07-13
101837,Returning,Mobile,Australia,Medium,2026-06-15
101838,Returning,Mobile,India,Medium,2026-07-14
101839,New,Desktop,India,High,2026-08-25
101840,Returning,Desktop,India,Low,2026-04-02
101841,Returning,Mobile,India,Low,2026-08-09
101842,Returning,Mobile,United States,Low,2026-05-11
101843,Returning,Desktop,India,Low,2026-03-07
101844,New,Desktop,India,Low,2026-06-12
101845,Returning,Desktop,United States,Low,2026-06-15
101846,Returning,Mobile,India,Medium,2026-08-25
101847,New,Mobile,India,High,2026-03-25
101848,New,Desktop,Australia,High,2026-08-02
101849,Returning,Mobile,India,Medium,2026-05-04
101850,New,Desktop,India,Medium,2026-06-27
101851,Returning,Desktop,India,Medium,2026-06-26
101852,Returning,Desktop,India,Medium,2026-03-25
101853,Returning,Mobile,India,High,2026-07-11
101854,Returning,Mobile,Canada,Low,2026-06-12
101855,Returning,Mobile,India,High,2026-07-07
101856,Returning,Desktop,India,Low,2026-03-11
101857,New,Desktop,India,Medium,2026-08-25
101858,New,Desktop,Australia,Medium,2026-06-02
101859,Returning,Desktop,United States,High,2026-03-22
101860,Returning,Mobile,United Kingdom,High,2026-06-14
101861,Returning,Desktop,India,Low,2026-08-24
101862,Returning,Mobile,United States,High,2026-05-20
101863,Returning,Mobile,India,Medium,2026-05-09
101864,Returning,Mobile,India,Low,2026-05-23
101865,Returning,Desktop,Canada,Medium,2026-03-10
101866,Returning,Mobile,Australia,Medium,2026-05-02
101867,Returning,Mobile,Canada,High,2026-04-25
101868,New,Mobile,India,Low,2026-03-31
101869,New,Mobile,India,High,2026-05-21
101870,Returning,Mobile,India,Low,2026-09-01
101871,Returning,Desktop,United Kingdom,Medium,2026-03-24
101872,New,Desktop,India,Low,2026-03-09
101873,Returning,Mobile,Canada,High,2026-08-04
101874,New,Mobile,India,Medium,2026-09-01
101875,New,Desktop,United States,Medium,2026-06-03
101876,Returning,Desktop,India,Low,2026-04-17
101877,Returning,Mobile,India,Low,2026-04-06
101878,Returning,Mobile,India,Medium,2026-05-01
101879,New,Mobile,India,Medium,2026-07-16
101880,Returning,Mobile,India,Low,2026-08-11
101881,Returning,Mobile,India,Low,2026-06-17
101882,Returning,Desktop,India,High,2026-08-24
101883,Returning,Desktop,India,Low,2026-07-09
101884,Returning,Mobile,India,High,2026-04-07
101885,Returning,Mobile,Australia,High,2026-05-16
101886,Returning,Desktop,United Kingdom,High,2026-07-26
101887,Returning,Mobile,Australia,Low,2026-05-29
101888,Returning,Mobile,United Kingdom,Medium,2026-04-20
101889,Returning,Desktop,India,High,2026-03-07
101890,New,Mobile,India,Medium,2026-06-18
101891,Returning,Mobile,India,Low,2026-07-18
101892,Returning,Mobile,India,Medium,2026-05-22
101893,Returning,Mobile,India,Medium,2026-07-13
101894,Returning,Desktop,India,Medium,2026-04-08
101895,New,Mobile,Canada,High,2026-04-06
101896,Returning,Mobile,Australia,Low,2026-04-09
101897,Returning,Mobile,United States,High,2026-04-11
101898,Returning,Mobile,United States,High,2026-04-08
101899,Returning,Mobile,United States,Low,2026-06-12
101900,Returning,Mobile,India,Low,2026-03-11
101901,New,Mobile,India,Medium,2026-04-23
101902,Returning,Desktop,United Kingdom,Medium,2026-03-12
101903,New,Mobile,United Kingdom,Low,2026-07-04
101904,Returning,Desktop,United States,Low,2026-07-22
101905,Returning,Desktop,United States,Low,2026-08-29
101906,Returning,Mobile,India,Low,2026-06-12
101907,Returning,Desktop,India,Medium,2026-06-18
101908,Returning,Desktop,United States,Medium,2026-08-23
101909,Returning,Desktop,India,Low,2026-06-27
101910,New,Mobile,India,Medium,2026-04-21
101911,Returning,Desktop,India,Low,2026-08-17
101912,Returning,Mobile,United States,High,2026-07-02
101913,Returning,Desktop,India,Low,2026-04-18
101914,Returning,Desktop,Canada,High,2026-05-05
101915,Returning,Mobile,India,Low,2026-05-07
101916,New,Desktop,United Kingdom,Low,2026-05-23
101917,New,Mobile,India,Medium,2026-06-06
101918,New,Mobile,India,Medium,2026-07-16
101919,Returning,Mobile,India,Low,2026-08-17
101920,Returning,Mobile,Australia,Medium,2026-06-10
101921,Returning,Desktop,India,Medium,2026-06-09
101922,Returning,Mobile,India,Medium,2026-03-16
101923,Returning,Mobile,India,High,2026-03-12
101924,Returning,Mobile,United States,Low,2026-08-28
101925,Returning,Mobile,India,Medium,2026-08-09
101926,Returning,Desktop,Australia,Medium,2026-05-21
101927,Returning,Mobile,India,Low,2026-08-29
101928,New,Mobile,Canada,Medium,2026-04-08
101929,Returning,Mobile,Canada,High,2026-03-06
101930,Returning,Mobile,India,Low,2026-04-09
101931,Returning,Mobile,India,Low,2026-04-05
101932,Returning,Desktop,Australia,Low,2026-05-13
101933,Returning,Mobile,India,High,2026-04-04
101934,Returning,Mobile,United States,Low,2026-08-19
101935,Returning,Desktop,India,Low,2026-04-04
101936,Returning,Mobile,India,Medium,2026-03-25
101937,Returning,Mobile,United Kingdom,Medium,2026-07-30
101938,Returning,Mobile,India,Low,2026-08-18
101939,Returning,Mobile,India,Low,2026-05-18
101940,Returning,Mobile,Australia,Medium,2026-06-01
101941,Returning,Mobile,United Kingdom,Medium,2026-08-16
101942,Returning,Mobile,Canada,Low,2026-03-09
101943,New,Desktop,India,Low,2026-07-05
101944,Returning,Mobile,India,High,2026-06-14
101945,Returning,Desktop,India,High,2026-06-01
101946,Returning,Mobile,India,Medium,2026-08-23
101947,Returning,Mobile,India,Medium,2026-03-12
101948,Returning,Desktop,United States,Medium,2026-04-07
101949,New,Mobile,India,Low,2026-08-04
101950,Returning,Mobile,India,Low,2026-06-10
101951,Returning,Mobile,India,Low,2026-08-10
101952,Returning,Desktop,India,Medium,2026-05-04
101953,Returning,Desktop,India,Low,2026-06-14
101954,Returning,Desktop,United States,Low,2026-08-10
101955,New,Desktop,India,Low,2026-05-02
101956,Returning,Desktop,United Kingdom,Low,2026-05-27
101957,Returning,Mobile,Canada,Medium,2026-04-28
101958,New,Mobile,India,Medium,2026-06-06
101959,Returning,Mobile,India,Low,2026-04-24
101960,New,Desktop,India,Medium,2026-05-29
101961,Returning,Mobile,India,Low,2026-04-08
101962,Returning,Mobile,India,Low,2026-07-20
101963,Returning,Mobile,United States,High,2026-06-16
101964,Returning,Desktop,India,Medium,2026-04-03
101965,Returning,Mobile,United States,High,2026-06-18
101966,Returning,Mobile,India,High,2026-08-05
101967,Returning,Mobile,India,Medium,2026-05-05
101968,New,Desktop,India,Low,2026-08-03
101969,Returning,Desktop,India,Medium,2026-07-14
101970,Returning,Mobile,Canada,Low,2026-08-06
101971,Returning,Desktop,India,High,2026-04-28
101972,Returning,Mobile,India,Medium,2026-05-11
101973,Returning,Mobile,India,Low,2026-05-02
101974,New,Mobile,India,Medium,2026-08-24
101975,New,Mobile,India,Low,2026-04-24
101976,Returning,Mobile,India,Medium,2026-07-25
101977,Returning,Mobile,India,Low,2026-04-05
101978,New,Mobile,United Kingdom,High,2026-07-07
101979,New,Desktop,India,Medium,2026-05-15
101980,New,Mobile,India,High,2026-03-27
101981,Returning,Mobile,Canada,Medium,2026-07-16
101982,Returning,Mobile,India,Low,2026-07-30
101983,Returning,Mobile,United Kingdom,Medium,2026-07-29
101984,New,Desktop,United States,High,2026-03-28
101985,Returning,Mobile,India,High,2026-08-12
101986,Returning,Mobile,United Kingdom,Medium,2026-04-10
101987,Returning,Mobile,India,Medium,2026-08-06
101988,Returning,Desktop,Australia,High,2026-04-17
101989,New,Mobile,India,Medium,2026-03-13
101990,Returning,Mobile,India,Medium,2026-03-24
101991,New,Desktop,Canada,Medium,2026-04-25
101992,Returning,Mobile,India,Medium,2026-04-07
101993,Returning,Desktop,India,High,2026-03-13
101994,Returning,Mobile,India,Medium,2026-03-15
101995,Returning,Mobile,India,Medium,2026-06-25
101996,New,Mobile,India,High,2026-07-16
101997,Returning,Mobile,India,High,2026-05-08
101998,Returning,Mobile,India,Medium,2026-08-09
101999,Returning,Desktop,India,Medium,2026-07-16
102000,Returning,Desktop,India,Low,2026-07-30
102001,New,Mobile,India,Low,2026-06-04
102002,Returning,Mobile,Australia,Medium,2026-06-08
102003,New,Mobile,United Kingdom,Medium,2026-05-19
102004,Returning,Mobile,India,Medium,2026-04-10
102005,Returning,Mobile,United Kingdom,Medium,2026-05-04
102006,Returning,Mobile,United Kingdom,Medium,2026-04-10
102007,Returning,Mobile,United States,High,2026-03-15
102008,Returning,Desktop,India,Medium,2026-08-24
102009,New,Mobile,Canada,Medium,2026-08-19
102010,Returning,Mobile,United Kingdom,Medium,2026-06-18
102011,Returning,Mobile,India,Medium,2026-06-30
102012,Returning,Mobile,India,Low,2026-03-13
102013,New,Mobile,India,Medium,2026-05-06
102014,Returning,Mobile,India,Low,2026-05-12
102015,New,Desktop,India,Medium,2026-07-18
102016,Returning,Mobile,India,Low,2026-07-31
102017,Returning,Mobile,India,Medium,2026-03-24
102018,New,Mobile,India,Low,2026-04-17
102019,Returning,Desktop,India,High,2026-04-02
102020,Returning,Mobile,India,Low,2026-05-21
102021,New,Desktop,United States,Medium,2026-06-05
102022,Returning,Desktop,India,Medium,2026-08-09
102023,New,Desktop,India,Low,2026-07-29
102024,Returning,Desktop,India,Low,2026-04-23
102025,Returning,Mobile,Australia,Low,2026-08-29
102026,Returning,Mobile,Canada,Medium,2026-07-17
102027,New,Mobile,India,High,2026-08-01
102028,New,Desktop,Canada,Medium,2026-04-23
102029,Returning,Desktop,United States,Medium,2026-05-14
102030,New,Mobile,India,Low,2026-04-13
102031,Returning,Desktop,India,Medium,2026-08-30
102032,Returning,Mobile,India,High,2026-08-26
102033,Returning,Desktop,Australia,Medium,2026-07-25
102034,Returning,Mobile,Australia,Low,2026-08-03
102035,New,Desktop,India,Medium,2026-07-12
102036,Returning,Desktop,India,Low,2026-08-01
102037,Returning,Desktop,India,High,2026-05-09
102038,Returning,Desktop,India,Medium,2026-07-10
102039,Returning,Mobile,India,Medium,2026-05-14
102040,Returning,Mobile,United Kingdom,Low,2026-07-14
102041,Returning,Mobile,United Kingdom,Low,2026-08-06
102042,New,Mobile,India,High,2026-04-12
102043,Returning,Desktop,India,High,2026-04-02
102044,Returning,Mobile,Canada,Low,2026-07-10
102045,New,Mobile,United States,Medium,2026-09-01
102046,Returning,Desktop,United States,Low,2026-05-06
102047,Returning,Mobile,Canada,Medium,2026-03-11
102048,Returning,Desktop,United States,Medium,2026-03-19
102049,Returning,Mobile,India,Medium,2026-07-01
102050,Returning,Desktop,United States,Low,2026-08-03
102051,New,Desktop,India,Medium,2026-04-08
102052,New,Mobile,India,Low,2026-05-27
102053,Returning,Mobile,United Kingdom,Low,2026-04-17
102054,New,Desktop,India,Medium,2026-04-25
102055,New,Mobile,Australia,Low,2026-08-09
102056,New,Mobile,United States,Medium,2026-03-25
102057,Returning,Desktop,Canada,Low,2026-04-11
102058,New,Mobile,India,Low,2026-03-16
102059,New,Mobile,India,High,2026-04-17
102060,New,Mobile,India,Medium,2026-07-21
102061,Returning,Mobile,India,Low,2026-08-30
102062,Returning,Mobile,India,Medium,2026-04-18
102063,New,Desktop,Canada,Low,2026-06-16
102064,Returning,Desktop,India,Medium,2026-06-10
102065,Returning,Mobile,Canada,High,2026-04-19
102066,New,Mobile,Canada,Medium,2026-03-26
102067,New,Mobile,India,Medium,2026-06-25
102068,New,Mobile,India,Low,2026-05-24
102069,Returning,Mobile,India,Low,2026-06-27
102070,Returning,Mobile,Australia,Medium,2026-08-28
102071,New,Mobile,United Kingdom,Medium,2026-04-20
102072,Returning,Mobile,India,Low,2026-03-18
102073,Returning,Mobile,India,High,2026-08-13
102074,Returning,Mobile,India,Low,2026-04-07
102075,New,Mobile,India,Medium,2026-08-08
102076,Returning,Mobile,India,Medium,2026-04-21
102077,Returning,Desktop,United Kingdom,Low,2026-03-16
102078,New,Mobile,Australia,Medium,2026-07-10
102079,Returning,Mobile,India,Medium,2026-05-13
102080,Returning,Desktop,United Kingdom,High,2026-07-29
102081,New,Mobile,India,Low,2026-07-20
102082,Returning,Desktop,India,Medium,2026-08-13
102083,New,Desktop,India,High,2026-05-21
102084,Returning,Mobile,India,High,2026-07-09
102085,New,Mobile,India,Low,2026-03-18
102086,Returning,Desktop,India,Low,2026-07-29
102087,New,Mobile,United States,Low,2026-08-25
102088,New,Mobile,India,Low,2026-08-28
102089,Returning,Desktop,Canada,Medium,2026-04-16
102090,Returning,Mobile,India,High,2026-07-24
102091,Returning,Desktop,India,Medium,2026-05-13
102092,Returning,Mobile,India,Medium,2026-03-09
102093,New,Mobile,India,High,2026-05-01
102094,Returning,Mobile,India,Low,2026-06-20
102095,Returning,Desktop,India,Low,2026-07-23
102096,Returning,Mobile,India,Low,2026-08-02
102097,New,Desktop,India,Medium,2026-05-05
102098,Returning,Mobile,India,Low,2026-07-02
102099,Returning,Mobile,India,Low,2026-03-19
102100,Returning,Mobile,United States,High,2026-05-29
102101,Returning,Desktop,India,Low,2026-08-29
102102,Returning,Desktop,India,High,2026-08-06
102103,Returning,Mobile,India,Low,2026-04-23
102104,Returning,Mobile,India,Low,2026-05-23
102105,Returning,Mobile,India,Low,2026-07-21
102106,New,Mobile,United States,Low,2026-03-23
102107,New,Mobile,India,Low,2026-07-15
102108,New,Mobile,United States,Medium,2026-07-30
102109,New,Desktop,India,Low,2026-04-14
102110,Returning,Mobile,India,Low,2026-04-28
102111,Returning,Mobile,India,Low,2026-05-10
102112,New,Desktop,India,Medium,2026-04-21
102113,Returning,Desktop,Australia,High,2026-06-29
102114,Returning,Desktop,Canada,Medium,2026-06-11
102115,Returning,Desktop,India,Low,2026-06-24
102116,Returning,Mobile,India,Medium,2026-07-27
102117,Returning,Desktop,India,Medium,2026-07-21
102118,Returning,Desktop,India,Low,2026-03-17
102119,New,Mobile,India,Low,2026-05-10
102120,New,Desktop,India,High,2026-08-05
102121,New,Mobile,India,High,2026-04-09
102122,Returning,Desktop,India,Low,2026-08-11
102123,Returning,Mobile,India,Medium,2026-08-10
102124,Returning,Desktop,Canada,Medium,2026-03-13
102125,Returning,Mobile,India,Medium,2026-06-22
102126,Returning,Desktop,India,Medium,2026-08-16
102127,New,Desktop,India,Low,2026-05-04
102128,New,Mobile,India,Medium,2026-05-18
102129,Returning,Mobile,Australia,Medium,2026-06-18
102130,Returning,Mobile,India,Medium,2026-04-10
102131,New,Mobile,United States,Medium,2026-04-25
102132,Returning,Mobile,India,High,2026-08-19
102133,New,Mobile,India,Medium,2026-07-19
102134,New,Mobile,India,Medium,2026-05-28
102135,Returning,Desktop,India,High,2026-05-19
102136,New,Desktop,Australia,Low,2026-04-28
102137,Returning,Mobile,Australia,High,2026-04-13
102138,Returning,Mobile,United Kingdom,Low,2026-04-06
102139,Returning,Desktop,India,High,2026-07-02
102140,New,Mobile,India,Medium,2026-08-17
102141,Returning,Mobile,India,High,2026-06-11
102142,New,Mobile,Canada,Medium,2026-06-09
102143,New,Desktop,Canada,Low,2026-04-07
102144,Returning,Mobile,India,Medium,2026-06-28
102145,Returning,Desktop,India,Low,2026-06-15
102146,Returning,Desktop,India,Low,2026-07-05
102147,New,Desktop,India,High,2026-07-30
102148,Returning,Mobile,India,High,2026-08-08
102149,Returning,Desktop,Canada,Medium,2026-08-20
102150,New,Desktop,Canada,High,2026-06-26
102151,Returning,Desktop,India,Low,2026-06-30
102152,Returning,Desktop,India,Medium,2026-05-24
102153,Returning,Desktop,India,High,2026-04-27
102154,Returning,Mobile,India,Medium,2026-07-17
102155,Returning,Mobile,India,High,2026-04-04
102156,Returning,Mobile,India,High,2026-06-30
102157,Returning,Mobile,India,Low,2026-05-02
102158,Returning,Mobile,India,Medium,2026-06-05
102159,New,Desktop,Canada,Medium,2026-07-23
102160,New,Mobile,India,Low,2026-08-01
102161,New,Desktop,India,Medium,2026-07-18
102162,New,Mobile,India,Low,2026-05-23
102163,Returning,Desktop,India,High,2026-08-23
102164,Returning,Mobile,India,High,2026-03-24
102165,Returning,Desktop,India,Low,2026-03-17
102166,Returning,Mobile,India,High,2026-03-20
102167,Returning,Mobile,United States,Medium,2026-04-05
102168,Returning,Mobile,United Kingdom,High,2026-06-02
102169,New,Mobile,United States,Medium,2026-08-15
102170,Returning,Mobile,India,Medium,2026-06-06
102171,Returning,Desktop,India,Low,2026-06-21
102172,New,Mobile,Australia,High,2026-03-13
102173,Returning,Mobile,India,Low,2026-07-23
102174,Returning,Desktop,India,High,2026-04-29
102175,Returning,Desktop,India,Low,2026-05-22
102176,New,Mobile,India,Medium,2026-04-21
102177,Returning,Mobile,India,Medium,2026-08-12
102178,New,Mobile,United States,High,2026-05-05
102179,Returning,Desktop,India,High,2026-04-16
102180,Returning,Mobile,India,Medium,2026-05-31
102181,New,Mobile,India,Medium,2026-06-17
102182,Returning,Mobile,India,Medium,2026-06-29
102183,New,Desktop,United Kingdom,Medium,2026-07-18
102184,Returning,Mobile,Canada,Medium,2026-06-03
102185,Returning,Desktop,India,Medium,2026-08-07
102186,Returning,Mobile,United Kingdom,Medium,2026-07-21
102187,Returning,Mobile,United Kingdom,Low,2026-03-25
102188,New,Desktop,United Kingdom,Low,2026-05-16
102189,Returning,Mobile,India,High,2026-08-19
102190,Returning,Mobile,India,Low,2026-08-03
102191,Returning,Desktop,India,Medium,2026-07-05
102192,New,Desktop,India,High,2026-03-17
102193,Returning,Mobile,India,Medium,2026-06-30
102194,Returning,Desktop,Australia,Medium,2026-08-16
102195,Returning,Desktop,India,High,2026-08-09
102196,New,Mobile,Australia,Medium,2026-03-20
102197,Returning,Desktop,United Kingdom,Low,2026-04-04
102198,Returning,Mobile,India,High,2026-07-29
102199,Returning,Mobile,India,Medium,2026-03-05
102200,New,Desktop,United Kingdom,Medium,2026-05-16
102201,Returning,Mobile,United Kingdom,High,2026-05-12
102202,New,Mobile,United States,High,2026-04-29
102203,Returning,Mobile,India,Medium,2026-07-18
102204,Returning,Mobile,India,Low,2026-03-13
102205,Returning,Mobile,India,Low,2026-08-03
102206,New,Mobile,India,Medium,2026-06-23
102207,Returning,Desktop,United States,Medium,2026-03-12
102208,New,Mobile,United States,Medium,2026-04-14
102209,Returning,Mobile,Canada,Medium,2026-03-06
102210,Returning,Mobile,United States,High,2026-07-11
102211,Returning,Mobile,India,Low,2026-05-02
102212,New,Desktop,Australia,Low,2026-03-24
102213,Returning,Desktop,United States,High,2026-06-20
102214,Returning,Mobile,India,Low,2026-07-30
102215,New,Mobile,United States,Medium,2026-06-07
102216,Returning,Mobile,India,Medium,2026-04-17
102217,Returning,Mobile,India,Medium,2026-07-11
102218,New,Desktop,India,Low,2026-04-22
102219,Returning,Mobile,India,Medium,2026-06-13
102220,Returning,Desktop,India,Medium,2026-03-25
102221,Returning,Desktop,India,High,2026-07-21
102222,New,Mobile,India,Low,2026-03-22
102223,Returning,Mobile,India,Low,2026-03-09
102224,Returning,Mobile,India,Medium,2026-08-18
102225,Returning,Mobile,India,Low,2026-05-01
102226,Returning,Desktop,India,Medium,2026-06-09
102227,Returning,Mobile,India,High,2026-07-27
102228,New,Desktop,United Kingdom,Low,2026-05-04
102229,New,Mobile,United States,High,2026-07-03
102230,Returning,Mobile,United States,Medium,2026-08-26
102231,Returning,Mobile,India,High,2026-06-26
102232,Returning,Desktop,United States,Medium,2026-04-05
102233,Returning,Mobile,India,Low,2026-08-19
102234,New,Mobile,India,Low,2026-04-27
102235,Returning,Desktop,India,Medium,2026-08-08
102236,Returning,Desktop,India,Low,2026-04-07
102237,Returning,Desktop,Australia,Low,2026-05-24
102238,Returning,Mobile,India,Medium,2026-08-14
102239,New,Desktop,India,Medium,2026-06-26
102240,Returning,Mobile,India,Medium,2026-07-10
102241,Returning,Desktop,India,Medium,2026-03-15
102242,New,Desktop,United Kingdom,Medium,2026-08-26
102243,Returning,Mobile,India,Low,2026-05-13
102244,Returning,Mobile,Australia,Medium,2026-04-07
102245,Returning,Mobile,India,High,2026-08-09
102246,New,Mobile,Canada,Medium,2026-08-18
102247,Returning,Desktop,India,High,2026-03-20
102248,Returning,Mobile,United States,Low,2026-07-02
102249,Returning,Mobile,India,Low,2026-08-05
102250,Returning,Mobile,India,Low,2026-05-09
102251,Returning,Mobile,India,Low,2026-04-21
102252,Returning,Desktop,India,High,2026-05-03
102253,Returning,Mobile,India,Medium,2026-07-15
102254,New,Mobile,India,Low,2026-06-03
102255,New,Desktop,India,Medium,2026-03-28
102256,Returning,Mobile,India,High,2026-07-02
102257,New,Desktop,India,Low,2026-03-18
102258,New,Mobile,India,High,2026-05-30
102259,Returning,Mobile,India,Low,2026-06-08
102260,New,Mobile,India,High,2026-06-25
102261,Returning,Mobile,India,Medium,2026-06-03
102262,Returning,Mobile,United States,High,2026-06-29
102263,Returning,Mobile,India,Low,2026-06-07
102264,New,Desktop,Canada,Low,2026-06-24
102265,New,Mobile,India,Medium,2026-06-05
102266,Returning,Mobile,India,Low,2026-08-14
102267,Returning,Mobile,India,Medium,2026-03-31
102268,Returning,Mobile,United States,Medium,2026-04-25
102269,New,Mobile,United Kingdom,Medium,2026-06-17
102270,New,Mobile,India,Medium,2026-05-02
102271,Returning,Desktop,United Kingdom,Medium,2026-04-24
102272,New,Desktop,India,Medium,2026-08-15
102273,New,Mobile,India,Low,2026-05-20
102274,Returning,Mobile,India,Medium,2026-03-12
102275,Returning,Desktop,India,Medium,2026-05-11
102276,Returning,Mobile,India,Low,2026-07-18
102277,New,Mobile,United Kingdom,High,2026-03-26
102278,Returning,Mobile,India,Medium,2026-05-02
102279,New,Mobile,India,Medium,2026-03-24
102280,New,Desktop,India,Low,2026-06-12
102281,Returning,Mobile,India,Medium,2026-05-31
102282,Returning,Mobile,India,Low,2026-04-12
102283,Returning,Mobile,India,Low,2026-08-17
102284,New,Mobile,India,Medium,2026-07-06
102285,Returning,Desktop,India,Medium,2026-05-03
102286,Returning,Mobile,Australia,Low,2026-06-27
102287,Returning,Mobile,India,High,2026-04-02
102288,New,Mobile,Canada,Low,2026-03-16
102289,Returning,Mobile,United States,Low,2026-03-15
102290,New,Desktop,Australia,Medium,2026-06-12
102291,Returning,Mobile,United Kingdom,Medium,2026-03-24
102292,New,Desktop,India,Low,2026-07-13
102293,Returning,Mobile,United States,Medium,2026-03-10
102294,New,Mobile,India,Medium,2026-08-26
102295,Returning,Mobile,Australia,Medium,2026-08-20
102296,New,Mobile,India,Medium,2026-06-11
102297,New,Desktop,Australia,Low,2026-06-11
102298,New,Mobile,India,Medium,2026-08-08
102299,Returning,Mobile,United States,Low,2026-06-22
102300,New,Mobile,India,Low,2026-05-20
102301,Returning,Mobile,United States,Low,2026-08-07
102302,Returning,Desktop,India,Low,2026-03-05
102303,Returning,Desktop,United Kingdom,Low,2026-06-26
102304,Returning,Desktop,United States,High,2026-03-26
102305,Returning,Desktop,India,High,2026-05-09
102306,New,Mobile,India,Low,2026-08-17
102307,Returning,Mobile,India,Low,2026-03-07
102308,New,Mobile,United Kingdom,Medium,2026-05-22
102309,New,Mobile,India,Medium,2026-03-29
102310,Returning,Mobile,India,Medium,2026-07-10
102311,Returning,Desktop,India,Low,2026-08-12
102312,Returning,Desktop,India,Medium,2026-06-19
102313,Returning,Mobile,India,Low,2026-04-23
102314,Returning,Desktop,India,Low,2026-06-02
102315,New,Mobile,United States,Medium,2026-05-08
102316,New,Mobile,India,Medium,2026-06-08
102317,Returning,Desktop,United Kingdom,Low,2026-04-28
102318,Returning,Mobile,India,Low,2026-04-21
102319,New,Mobile,United States,Medium,2026-07-31
102320,Returning,Mobile,India,Medium,2026-05-02
102321,New,Desktop,Australia,High,2026-05-30
102322,Returning,Mobile,India,Low,2026-08-14
102323,Returning,Mobile,India,High,2026-03-18
102324,Returning,Mobile,India,Medium,2026-05-22
102325,Returning,Mobile,India,Low,2026-06-13
102326,Returning,Mobile,India,Medium,2026-05-11
102327,Returning,Mobile,United Kingdom,High,2026-06-15
102328,Returning,Mobile,India,Low,2026-03-14
102329,Returning,Desktop,India,Low,2026-05-26
102330,Returning,Mobile,India,Medium,2026-05-17
102331,Returning,Mobile,India,Medium,2026-07-22
102332,Returning,Desktop,India,High,2026-04-01
102333,New,Mobile,India,Medium,2026-08-12
102334,Returning,Mobile,India,Medium,2026-05-26
102335,Returning,Desktop,Canada,Medium,2026-08-25
102336,Returning,Desktop,United States,High,2026-03-25
102337,Returning,Mobile,India,Medium,2026-08-05
102338,Returning,Desktop,Canada,High,2026-03-26
102339,Returning,Desktop,United States,Medium,2026-07-14
102340,Returning,Mobile,India,Medium,2026-07-26
102341,New,Desktop,India,Medium,2026-03-28
102342,New,Mobile,India,Medium,2026-03-27
102343,New,Mobile,India,Low,2026-03-07
102344,Returning,Desktop,India,High,2026-05-24
102345,Returning,Mobile,India,Low,2026-04-30
102346,Returning,Mobile,United Kingdom,Low,2026-05-29
102347,New,Desktop,India,High,2026-03-29
102348,Returning,Desktop,India,Medium,2026-06-01
102349,Returning,Mobile,India,Low,2026-05-14
102350,Returning,Mobile,India,Medium,2026-05-19
102351,Returning,Desktop,United States,Medium,2026-04-11
102352,New,Desktop,India,Medium,2026-08-26
102353,Returning,Mobile,India,Low,2026-07-03
102354,Returning,Desktop,India,Medium,2026-09-01
102355,Returning,Mobile,India,Low,2026-04-08
102356,Returning,Mobile,United States,Low,2026-08-01
102357,Returning,Mobile,India,Medium,2026-05-16
102358,New,Mobile,India,Low,2026-06-09
102359,New,Mobile,India,Medium,2026-08-10
102360,Returning,Desktop,India,High,2026-04-26
102361,New,Mobile,India,Low,2026-04-11
102362,New,Mobile,India,Medium,2026-07-09
102363,Returning,Mobile,India,High,2026-04-19
102364,Returning,Desktop,India,Medium,2026-05-18
102365,New,Mobile,India,Low,2026-03-19
102366,Returning,Mobile,India,Medium,2026-04-13
102367,Returning,Desktop,India,High,2026-03-05
102368,New,Desktop,India,Medium,2026-04-12
102369,Returning,Mobile,India,Low,2026-04-16
102370,New,Desktop,India,High,2026-05-15
102371,New,Desktop,India,Low,2026-03-13
102372,Returning,Mobile,India,Medium,2026-03-20
102373,New,Mobile,India,Low,2026-08-28
102374,Returning,Mobile,Canada,Medium,2026-06-21
102375,Returning,Desktop,Canada,Medium,2026-04-24
102376,Returning,Mobile,India,Medium,2026-06-04
102377,New,Mobile,India,Medium,2026-07-16
102378,Returning,Mobile,United States,Low,2026-07-19
102379,Returning,Mobile,India,Low,2026-05-22
102380,Returning,Mobile,Canada,Low,2026-07-26
102381,Returning,Desktop,India,Low,2026-08-18
102382,Returning,Desktop,India,High,2026-04-12
102383,New,Desktop,United States,Medium,2026-04-14
102384,New,Mobile,India,Medium,2026-04-06
102385,Returning,Mobile,United States,High,2026-07-19
102386,Returning,Mobile,United Kingdom,Low,2026-05-06
102387,Returning,Mobile,United States,Low,2026-04-18
102388,Returning,Desktop,India,Medium,2026-04-30
102389,Returning,Mobile,India,Low,2026-04-27
102390,Returning,Mobile,India,High,2026-04-19
102391,Returning,Desktop,India,Low,2026-05-11
102392,Returning,Mobile,India,High,2026-05-06
102393,Returning,Desktop,India,Low,2026-06-24
102394,Returning,Mobile,India,Low,2026-08-07
102395,New,Desktop,India,High,2026-03-25
102396,New,Mobile,India,Medium,2026-04-10
102397,Returning,Mobile,India,Low,2026-07-19
102398,Returning,Desktop,India,Low,2026-05-02
102399,New,Mobile,Australia,Low,2026-08-06
102400,Returning,Desktop,India,Low,2026-06-05
102401,Returning,Mobile,India,Medium,2026-03-10
102402,Returning,Mobile,United States,Medium,2026-07-19
102403,New,Mobile,India,High,2026-06-06
102404,Returning,Desktop,India,Medium,2026-07-20
102405,Returning,Mobile,India,Medium,2026-03-10
102406,Returning,Desktop,India,Low,2026-07-09
102407,New,Mobile,India,Low,2026-07-30
102408,Returning,Mobile,India,Medium,2026-08-26
102409,New,Mobile,India,Low,2026-08-11
102410,Returning,Mobile,India,Low,2026-06-22
102411,Returning,Mobile,Australia,Medium,2026-06-29
102412,Returning,Mobile,United Kingdom,Medium,2026-05-09
102413,Returning,Mobile,United Kingdom,Low,2026-07-15
102414,Returning,Desktop,India,Low,2026-06-21
102415,Returning,Mobile,United States,Medium,2026-03-26
102416,Returning,Desktop,India,Low,2026-05-23
102417,New,Mobile,Canada,Medium,2026-07-13
102418,Returning,Desktop,India,Medium,2026-07-14
102419,Returning,Mobile,India,High,2026-03-10
102420,Returning,Desktop,India,Low,2026-07-15
102421,Returning,Desktop,India,Low,2026-05-13
102422,Returning,Mobile,United Kingdom,Low,2026-05-31
102423,New,Mobile,India,Medium,2026-03-29
102424,New,Mobile,India,Low,2026-04-09
102425,Returning,Mobile,Canada,Medium,2026-05-13
102426,Returning,Mobile,India,High,2026-03-15
102427,Returning,Desktop,Australia,High,2026-07-17
102428,New,Desktop,India,Low,2026-04-16
102429,Returning,Desktop,India,Medium,2026-08-10
102430,New,Mobile,India,Medium,2026-07-19
102431,Returning,Mobile,India,Low,2026-04-27
102432,Returning,Mobile,Canada,Medium,2026-07-26
102433,Returning,Desktop,India,Medium,2026-06-26
102434,Returning,Mobile,India,Medium,2026-04-25
102435,Returning,Desktop,India,Medium,2026-05-31
102436,Returning,Mobile,India,Medium,2026-05-28
102437,Returning,Desktop,India,Low,2026-03-30
102438,Returning,Desktop,Australia,High,2026-05-08
102439,Returning,Mobile,India,Medium,2026-06-28
102440,New,Desktop,India,Low,2026-03-18
102441,New,Mobile,India,Medium,2026-06-01
102442,Returning,Desktop,India,High,2026-03-31
102443,Returning,Mobile,India,Low,2026-04-04
102444,Returning,Mobile,India,Low,2026-04-21
102445,Returning,Mobile,India,Medium,2026-07-30
102446,Returning,Mobile,India,Low,2026-07-08
102447,New,Mobile,India,High,2026-05-28
102448,New,Desktop,United States,High,2026-03-20
102449,Returning,Desktop,India,Medium,2026-07-12
102450,Returning,Desktop,United Kingdom,Low,2026-07-02
102451,Returning,Mobile,India,Low,2026-07-25
102452,New,Mobile,India,Low,2026-05-06
102453,New,Mobile,India,Medium,2026-04-20
102454,New,Mobile,India,Low,2026-05-23
102455,Returning,Desktop,India,High,2026-07-31
102456,Returning,Mobile,Australia,Low,2026-04-09
102457,Returning,Mobile,United Kingdom,Medium,2026-08-23
102458,Returning,Mobile,India,Medium,2026-05-11
102459,Returning,Mobile,India,Medium,2026-04-06
102460,Returning,Mobile,India,High,2026-06-23
102461,New,Desktop,India,Medium,2026-07-15
102462,Returning,Desktop,India,Medium,2026-06-13
102463,New,Mobile,India,Medium,2026-08-18
102464,Returning,Desktop,India,Medium,2026-08-31
102465,New,Mobile,India,Low,2026-04-15
102466,Returning,Mobile,United Kingdom,Low,2026-03-14
102467,Returning,Mobile,United Kingdom,Low,2026-08-18
102468,Returning,Mobile,Australia,Low,2026-05-15
102469,Returning,Mobile,India,Medium,2026-04-12
102470,Returning,Mobile,India,High,2026-05-27
102471,Returning,Mobile,United States,Medium,2026-04-23
102472,New,Mobile,India,Medium,2026-08-17
102473,Returning,Mobile,Australia,High,2026-03-08
102474,New,Desktop,Australia,Low,2026-08-28
102475,Returning,Desktop,United States,Medium,2026-07-11
102476,Returning,Mobile,India,Medium,2026-08-08
102477,Returning,Desktop,India,Medium,2026-03-18
102478,Returning,Mobile,India,Low,2026-05-07
102479,Returning,Mobile,United Kingdom,Low,2026-07-20
102480,Returning,Mobile,India,Medium,2026-07-12
102481,Returning,Desktop,India,Medium,2026-07-10
102482,Returning,Mobile,India,High,2026-09-01
102483,Returning,Mobile,India,Medium,2026-05-26
102484,Returning,Mobile,India,Medium,2026-07-01
102485,Returning,Desktop,India,Medium,2026-05-07
102486,Returning,Desktop,India,Low,2026-08-29
102487,Returning,Desktop,United States,Medium,2026-04-19
102488,New,Mobile,India,High,2026-04-21
102489,Returning,Mobile,India,Medium,2026-06-26
102490,Returning,Mobile,Canada,Medium,2026-05-31
102491,Returning,Mobile,Canada,Low,2026-05-22
102492,Returning,Desktop,India,Medium,2026-04-17
102493,Returning,Desktop,India,High,2026-07-09
102494,New,Desktop,India,Low,2026-04-02
102495,Returning,Mobile,United States,High,2026-05-02
102496,Returning,Mobile,India,Low,2026-08-06
102497,Returning,Desktop,India,Medium,2026-05-31
102498,Returning,Mobile,India,Low,2026-06-25
102499,Returning,Mobile,India,High,2026-04-12
102500,Returning,Mobile,India,Low,2026-06-23
102501,New,Mobile,India,Medium,2026-04-17
102502,New,Mobile,India,High,2026-08-23
102503,New,Desktop,Canada,High,2026-06-11
102504,Returning,Mobile,India,Low,2026-06-05
102505,New,Mobile,India,Low,2026-07-17
102506,Returning,Desktop,India,Medium,2026-03-11
102507,New,Mobile,India,Low,2026-06-25
102508,New,Mobile,Canada,Low,2026-06-08
102509,Returning,Desktop,United States,High,2026-05-07
102510,Returning,Mobile,India,Low,2026-08-10
102511,Returning,Mobile,India,Medium,2026-08-16
102512,Returning,Mobile,Canada,Low,2026-08-19
102513,Returning,Mobile,India,Low,2026-08-20
102514,New,Desktop,India,Low,2026-08-30
102515,Returning,Desktop,India,Low,2026-04-14
102516,Returning,Mobile,India,Medium,2026-06-25
102517,Returning,Mobile,Canada,Low,2026-05-09
102518,Returning,Desktop,United Kingdom,Medium,2026-03-20
102519,Returning,Desktop,United Kingdom,Low,2026-03-06
102520,Returning,Mobile,India,Low,2026-05-26
102521,New,Desktop,India,High,2026-03-10
102522,Returning,Desktop,India,High,2026-05-20
102523,Returning,Mobile,Australia,Low,2026-04-05
102524,New,Mobile,India,Low,2026-06-01
102525,Returning,Desktop,India,Low,2026-03-16
102526,Returning,Desktop,United Kingdom,Medium,2026-03-05
102527,New,Mobile,India,Medium,2026-09-01
102528,New,Mobile,India,Low,2026-05-15
102529,Returning,Mobile,Canada,Medium,2026-08-07
102530,Returning,Mobile,India,Medium,2026-05-11
102531,New,Mobile,United States,High,2026-04-15
102532,New,Mobile,India,Medium,2026-04-01
102533,Returning,Mobile,United Kingdom,High,2026-04-06
102534,New,Mobile,India,Medium,2026-06-18
102535,New,Mobile,United Kingdom,Medium,2026-08-07
102536,Returning,Mobile,India,High,2026-05-23
102537,Returning,Desktop,India,Low,2026-06-16
102538,Returning,Mobile,India,Medium,2026-03-09
102539,Returning,Mobile,India,Medium,2026-04-04
102540,Returning,Mobile,Australia,Low,2026-05-18
102541,New,Desktop,India,Low,2026-06-22
102542,New,Mobile,India,Medium,2026-08-10
102543,Returning,Mobile,United States,High,2026-06-15
102544,New,Mobile,India,Low,2026-03-24
102545,New,Desktop,India,Medium,2026-05-14
102546,Returning,Desktop,Australia,Medium,2026-05-08
102547,New,Desktop,India,High,2026-07-18
102548,Returning,Desktop,India,Medium,2026-04-04
102549,Returning,Mobile,United Kingdom,Medium,2026-07-18
102550,New,Mobile,India,Low,2026-05-27
102551,New,Mobile,India,Low,2026-05-29
102552,Returning,Desktop,India,Low,2026-06-02
102553,New,Desktop,India,Medium,2026-08-08
102554,New,Mobile,India,Low,2026-06-20
102555,Returning,Mobile,India,High,2026-05-04
102556,Returning,Mobile,United States,Low,2026-06-25
102557,Returning,Desktop,India,Medium,2026-03-30
102558,New,Desktop,India,Low,2026-08-28
102559,Returning,Desktop,India,Medium,2026-06-09
102560,Returning,Mobile,United Kingdom,Low,2026-06-15
102561,Returning,Desktop,India,Low,2026-04-08
102562,New,Desktop,India,Medium,2026-06-05
102563,Returning,Desktop,India,Medium,2026-06-03
102564,New,Mobile,India,Low,2026-04-01
102565,New,Mobile,India,Low,2026-04-13
102566,New,Mobile,India,Medium,2026-04-20
102567,Returning,Mobile,United States,Low,2026-08-20
102568,Returning,Desktop,United Kingdom,High,2026-03-11
102569,Returning,Desktop,United States,Low,2026-08-16
102570,Returning,Desktop,India,Low,2026-08-08
102571,New,Mobile,United States,Low,2026-07-01
102572,Returning,Mobile,Australia,Low,2026-05-09
102573,Returning,Desktop,India,Medium,2026-08-31
102574,New,Mobile,India,High,2026-03-19
102575,Returning,Mobile,India,Low,2026-08-16
102576,Returning,Desktop,India,Low,2026-03-10
102577,Returning,Mobile,India,High,2026-07-13
102578,Returning,Mobile,India,Medium,2026-04-02
102579,Returning,Mobile,India,Low,2026-08-04
102580,Returning,Mobile,Australia,Low,2026-05-23
102581,New,Desktop,India,Medium,2026-04-05
102582,Returning,Desktop,India,High,2026-03-10
102583,New,Mobile,India,Low,2026-06-26
102584,Returning,Mobile,India,Low,2026-04-26
102585,Returning,Desktop,India,Low,2026-07-12
102586,Returning,Mobile,United Kingdom,Low,2026-03-27
102587,Returning,Mobile,United States,Low,2026-08-06
102588,Returning,Mobile,India,High,2026-05-19
102589,Returning,Mobile,India,Low,2026-07-14
102590,New,Desktop,United Kingdom,Medium,2026-07-18
102591,New,Desktop,United States,High,2026-05-03
102592,New,Mobile,India,Low,2026-05-16
102593,Returning,Mobile,United States,Medium,2026-08-04
102594,New,Mobile,Canada,Medium,2026-06-06
102595,Returning,Mobile,India,High,2026-07-28
102596,Returning,Desktop,India,Low,2026-07-01
102597,Returning,Desktop,India,Low,2026-05-28
102598,Returning,Mobile,United States,Low,2026-07-30
102599,Returning,Mobile,India,Low,2026-08-22
102600,Returning,Mobile,United Kingdom,High,2026-08-24
102601,Returning,Desktop,India,Medium,2026-03-24
102602,Returning,Mobile,India,Low,2026-04-08
102603,New,Mobile,India,Low,2026-05-10
102604,New,Mobile,Australia,High,2026-03-30
102605,Returning,Mobile,India,High,2026-07-28
102606,Returning,Mobile,Australia,High,2026-04-26
102607,New,Mobile,India,Medium,2026-04-24
102608,Returning,Desktop,India,Medium,2026-04-17
102609,Returning,Mobile,Australia,High,2026-07-12
102610,Returning,Desktop,India,High,2026-03-30
102611,Returning,Mobile,India,Low,2026-03-22
102612,Returning,Desktop,India,Low,2026-07-14
102613,New,Mobile,United Kingdom,Low,2026-03-22
102614,Returning,Mobile,India,Low,2026-03-24
102615,Returning,Desktop,Canada,Low,2026-05-08
102616,Returning,Mobile,India,Low,2026-04-16
102617,New,Mobile,India,Medium,2026-08-21
102618,New,Desktop,India,Low,2026-05-15
102619,New,Mobile,Canada,Medium,2026-05-26
102620,Returning,Mobile,India,High,2026-06-05
102621,Returning,Mobile,United Kingdom,Low,2026-03-22
102622,Returning,Desktop,Australia,Medium,2026-05-26
102623,Returning,Desktop,India,Low,2026-05-22
102624,New,Mobile,India,Low,2026-06-20
102625,Returning,Mobile,India,Low,2026-04-19
102626,Returning,Desktop,United States,Low,2026-04-16
102627,Returning,Mobile,India,Medium,2026-08-30
102628,Returning,Mobile,United Kingdom,Medium,2026-07-19
102629,Returning,Mobile,India,High,2026-05-02
102630,New,Desktop,India,High,2026-04-22
102631,Returning,Mobile,United Kingdom,High,2026-08-19
102632,Returning,Mobile,India,Medium,2026-08-02
102633,Returning,Desktop,India,Medium,2026-04-27
102634,New,Mobile,India,Low,2026-04-09
102635,Returning,Mobile,India,Medium,2026-03-23
102636,New,Mobile,Canada,Low,2026-08-04
102637,New,Desktop,United States,Low,2026-07-20
102638,Returning,Desktop,Australia,Low,2026-05-05
102639,New,Desktop,Canada,Low,2026-03-06
102640,Returning,Mobile,India,High,2026-03-07
102641,Returning,Desktop,India,Low,2026-03-31
102642,Returning,Mobile,India,Medium,2026-08-05
102643,Returning,Desktop,India,Low,2026-07-19
102644,New,Desktop,India,Medium,2026-04-12
102645,Returning,Mobile,India,High,2026-05-17
102646,New,Desktop,India,High,2026-04-24
102647,Returning,Mobile,India,Low,2026-05-21
102648,Returning,Mobile,United States,Low,2026-08-06
102649,Returning,Desktop,India,Medium,2026-06-10
102650,Returning,Desktop,India,Low,2026-07-29
102651,Returning,Mobile,India,High,2026-04-29
102652,Returning,Desktop,United Kingdom,Low,2026-05-24
102653,New,Mobile,Australia,Medium,2026-03-05
102654,Returning,Mobile,India,Low,2026-08-27
102655,Returning,Desktop,India,Medium,2026-08-28
102656,New,Desktop,India,High,2026-08-20
102657,Returning,Desktop,Australia,Low,2026-06-05
102658,Returning,Desktop,United Kingdom,Medium,2026-05-26
102659,Returning,Mobile,India,Low,2026-04-08
102660,Returning,Desktop,Canada,Low,2026-04-28
102661,Returning,Desktop,United States,Low,2026-03-15
102662,Returning,Mobile,India,Medium,2026-05-14
102663,New,Mobile,India,Medium,2026-06-10
102664,Returning,Desktop,United Kingdom,Medium,2026-06-23
102665,Returning,Desktop,India,Medium,2026-03-12
102666,Returning,Desktop,India,Medium,2026-03-15
102667,Returning,Mobile,India,Low,2026-03-30
102668,New,Mobile,United States,Medium,2026-06-19
102669,Returning,Mobile,India,Low,2026-06-16
102670,Returning,Mobile,United States,Medium,2026-04-21
102671,Returning,Desktop,India,High,2026-07-01
102672,Returning,Desktop,India,Medium,2026-03-16
102673,Returning,Mobile,Canada,High,2026-04-23
102674,Returning,Desktop,India,High,2026-04-03
102675,Returning,Desktop,India,Low,2026-03-05
102676,Returning,Mobile,India,Medium,2026-05-06
102677,New,Mobile,India,Medium,2026-06-29
102678,Returning,Desktop,India,Low,2026-08-26
102679,Returning,Mobile,Australia,Medium,2026-07-22
102680,Returning,Mobile,India,Low,2026-08-30
102681,New,Mobile,United Kingdom,Medium,2026-08-26
102682,Returning,Desktop,India,Medium,2026-03-28
102683,Returning,Mobile,India,Medium,2026-04-28
102684,Returning,Mobile,India,Medium,2026-06-26
102685,New,Desktop,Canada,Low,2026-03-07
102686,New,Desktop,India,Low,2026-05-14
102687,Returning,Mobile,United States,Medium,2026-06-04
102688,Returning,Desktop,India,Medium,2026-08-29
102689,Returning,Mobile,India,Low,2026-05-09
102690,New,Desktop,India,Low,2026-04-05
102691,Returning,Mobile,India,Medium,2026-05-17
102692,Returning,Mobile,India,Medium,2026-03-13
102693,New,Desktop,India,Medium,2026-05-24
102694,New,Mobile,India,Low,2026-03-16
102695,New,Mobile,India,High,2026-05-18
102696,Returning,Desktop,India,Low,2026-03-21
102697,New,Mobile,United States,Low,2026-07-11
102698,Returning,Mobile,Australia,High,2026-06-23
102699,New,Mobile,Canada,Low,2026-03-31
102700,Returning,Mobile,India,Low,2026-06-25
102701,New,Desktop,United Kingdom,Medium,2026-07-10
102702,Returning,Mobile,India,Low,2026-05-23
102703,New,Desktop,India,Medium,2026-06-24
102704,Returning,Mobile,India,Low,2026-04-17
102705,Returning,Mobile,India,High,2026-08-06
102706,Returning,Desktop,India,Low,2026-04-09
102707,Returning,Desktop,United Kingdom,Low,2026-05-25
102708,Returning,Mobile,Canada,Medium,2026-06-30
102709,Returning,Mobile,India,Medium,2026-07-04
102710,Returning,Desktop,India,Medium,2026-04-05
102711,New,Mobile,India,Medium,2026-07-22
102712,Returning,Mobile,India,Medium,2026-04-11
102713,Returning,Desktop,India,Medium,2026-05-26
102714,Returning,Mobile,India,Low,2026-04-06
102715,Returning,Desktop,Canada,High,2026-05-28
102716,Returning,Mobile,Canada,Low,2026-06-24
102717,New,Mobile,India,Medium,2026-08-17
102718,New,Mobile,India,Medium,2026-07-20
102719,New,Desktop,India,Medium,2026-08-19
102720,Returning,Desktop,India,Low,2026-05-02
102721,Returning,Mobile,India,Medium,2026-08-08
102722,Returning,Desktop,United Kingdom,High,2026-06-21
102723,New,Mobile,India,Medium,2026-07-15
102724,Returning,Mobile,India,Medium,2026-05-19
102725,Returning,Mobile,Canada,Low,2026-03-28
102726,Returning,Mobile,India,Low,2026-03-29
102727,Returning,Desktop,India,Low,2026-05-02
102728,Returning,Mobile,India,Medium,2026-07-31
102729,Returning,Desktop,India,Low,2026-03-31
102730,Returning,Mobile,India,Low,2026-03-16
102731,New,Mobile,India,High,2026-06-27
102732,Returning,Mobile,United Kingdom,High,2026-04-18
102733,Returning,Mobile,India,Low,2026-06-01
102734,New,Mobile,India,Low,2026-07-06
102735,Returning,Desktop,India,Medium,2026-03-19
102736,Returning,Mobile,India,Low,2026-08-29
102737,Returning,Mobile,India,Medium,2026-03-17
102738,Returning,Mobile,United States,Low,2026-03-26
102739,New,Mobile,India,High,2026-06-27
102740,Returning,Desktop,India,Low,2026-08-30
102741,Returning,Mobile,India,Low,2026-05-23
102742,Returning,Mobile,India,High,2026-05-05
102743,Returning,Desktop,India,Low,2026-06-16
102744,Returning,Mobile,India,Medium,2026-07-25
102745,Returning,Mobile,India,Medium,2026-05-11
102746,New,Desktop,Australia,High,2026-04-27
102747,New,Mobile,India,Medium,2026-05-15
102748,Returning,Mobile,India,Medium,2026-07-22
102749,New,Desktop,India,Low,2026-04-12
102750,Returning,Desktop,India,Medium,2026-05-29
102751,Returning,Mobile,India,Low,2026-04-14
102752,New,Mobile,Canada,High,2026-06-21
102753,Returning,Mobile,India,High,2026-08-08
102754,Returning,Mobile,India,Low,2026-07-30
102755,Returning,Desktop,India,Medium,2026-04-28
102756,New,Mobile,India,Low,2026-08-04
102757,Returning,Desktop,India,High,2026-04-06
102758,Returning,Desktop,Australia,Low,2026-06-09
102759,Returning,Mobile,Canada,Low,2026-05-15
102760,Returning,Desktop,India,Medium,2026-08-19
102761,Returning,Desktop,India,Medium,2026-08-14
102762,New,Mobile,Canada,Medium,2026-04-12
102763,Returning,Mobile,India,High,2026-08-01
102764,Returning,Desktop,United States,Medium,2026-04-13
102765,Returning,Mobile,India,High,2026-05-05
102766,New,Mobile,India,Medium,2026-05-13
102767,Returning,Mobile,India,Low,2026-04-07
102768,New,Mobile,United States,High,2026-03-11
102769,New,Mobile,Canada,Low,2026-08-11
102770,Returning,Mobile,India,High,2026-03-20
102771,Returning,Mobile,India,Low,2026-03-16
102772,Returning,Desktop,India,Low,2026-08-14
102773,Returning,Desktop,India,Medium,2026-08-25
102774,Returning,Desktop,India,Medium,2026-07-25
102775,New,Desktop,United Kingdom,Medium,2026-03-18
102776,New,Mobile,India,Medium,2026-04-22
102777,Returning,Mobile,United States,High,2026-05-09
102778,Returning,Desktop,India,High,2026-06-01
102779,Returning,Desktop,Australia,Medium,2026-04-04
102780,New,Mobile,India,Medium,2026-04-23
102781,Returning,Desktop,India,Medium,2026-06-22
102782,Returning,Mobile,Australia,Low,2026-04-02
102783,New,Desktop,India,Low,2026-03-08
102784,Returning,Mobile,United States,Low,2026-05-24
102785,Returning,Desktop,United States,Low,2026-05-17
102786,New,Desktop,India,Medium,2026-03-13
102787,Returning,Mobile,India,Medium,2026-04-16
102788,Returning,Mobile,United Kingdom,High,2026-05-04
102789,Returning,Mobile,India,High,2026-03-12
102790,Returning,Mobile,India,Low,2026-08-04
102791,New,Mobile,United Kingdom,Low,2026-04-09
102792,Returning,Mobile,United States,Low,2026-07-06
102793,New,Mobile,Australia,Low,2026-06-11
102794,New,Mobile,India,Medium,2026-06-04
102795,New,Mobile,India,Low,2026-08-30
102796,Returning,Mobile,India,Medium,2026-06-17
102797,Returning,Desktop,India,Medium,2026-06-21
102798,New,Mobile,United Kingdom,Medium,2026-04-18
102799,New,Desktop,India,Low,2026-08-26
102800,Returning,Mobile,United States,Low,2026-06-27
102801,Returning,Desktop,India,Medium,2026-03-19
102802,New,Mobile,Australia,High,2026-06-20
102803,New,Mobile,United States,Low,2026-04-29
102804,Returning,Mobile,India,Low,2026-03-25
102805,Returning,Mobile,India,High,2026-08-07
102806,New,Desktop,Canada,Medium,2026-08-13
102807,Returning,Mobile,India,Medium,2026-08-30
102808,Returning,Desktop,India,High,2026-08-10
102809,Returning,Mobile,India,Medium,2026-03-07
102810,New,Mobile,India,Low,2026-07-13
102811,New,Desktop,India,Low,2026-05-01
102812,Returning,Desktop,India,Low,2026-07-06
102813,Returning,Desktop,India,Medium,2026-08-24
102814,New,Mobile,India,Low,2026-08-20
102815,Returning,Mobile,India,High,2026-07-01
102816,Returning,Mobile,United Kingdom,Low,2026-08-16
102817,Returning,Desktop,Canada,Low,2026-07-25
102818,New,Desktop,United Kingdom,Medium,2026-07-20
102819,Returning,Mobile,United States,Low,2026-05-27
102820,Returning,Mobile,India,Medium,2026-03-13
102821,Returning,Mobile,United Kingdom,Low,2026-08-28
102822,Returning,Mobile,India,Medium,2026-04-01
102823,Returning,Desktop,India,High,2026-05-14
102824,Returning,Desktop,United States,High,2026-03-13
102825,Returning,Desktop,United States,Medium,2026-05-11
102826,New,Desktop,India,Medium,2026-07-25
102827,New,Mobile,India,Low,2026-06-29
102828,Returning,Mobile,India,Medium,2026-08-04
102829,Returning,Mobile,Australia,Medium,2026-04-10
102830,Returning,Desktop,India,Medium,2026-05-02
102831,Returning,Mobile,Australia,High,2026-04-01
102832,Returning,Desktop,India,Low,2026-07-12
102833,Returning,Desktop,India,Low,2026-06-16
102834,New,Mobile,India,Low,2026-07-04
102835,Returning,Mobile,Canada,Medium,2026-07-14
102836,Returning,Desktop,India,Low,2026-05-03
102837,New,Mobile,India,Low,2026-04-20
102838,Returning,Desktop,India,High,2026-05-01
102839,Returning,Desktop,India,Low,2026-05-14
102840,Returning,Desktop,United States,Medium,2026-04-29
102841,Returning,Desktop,India,Medium,2026-03-15
102842,Returning,Mobile,India,Medium,2026-06-20
102843,Returning,Mobile,Canada,Medium,2026-08-25
102844,Returning,Mobile,United Kingdom,High,2026-05-21
102845,Returning,Mobile,Australia,Low,2026-04-26
102846,Returning,Mobile,India,Low,2026-08-08
102847,New,Mobile,India,Low,2026-05-04
102848,Returning,Desktop,India,High,2026-06-12
102849,Returning,Desktop,United States,Medium,2026-08-09
102850,New,Mobile,India,Low,2026-08-09
102851,Returning,Desktop,India,High,2026-06-16
102852,New,Desktop,India,Low,2026-07-03
102853,New,Mobile,United States,Medium,2026-06-14
102854,New,Desktop,India,Medium,2026-08-27
102855,Returning,Desktop,United States,Medium,2026-04-04
102856,Returning,Desktop,United States,Low,2026-08-01
102857,Returning,Desktop,India,Low,2026-04-18
102858,New,Desktop,India,Medium,2026-05-12
102859,Returning,Mobile,India,Medium,2026-05-21
102860,Returning,Mobile,India,Low,2026-08-26
102861,Returning,Mobile,United States,Low,2026-07-18
102862,New,Mobile,India,Medium,2026-07-23
102863,Returning,Mobile,India,High,2026-07-29
102864,Returning,Desktop,Canada,High,2026-06-29
102865,New,Mobile,United Kingdom,Medium,2026-03-24
102866,New,Mobile,India,Medium,2026-06-27
102867,Returning,Mobile,India,Medium,2026-06-15
102868,Returning,Mobile,Canada,Medium,2026-08-05
102869,New,Desktop,India,Medium,2026-04-04
102870,New,Mobile,Australia,Medium,2026-04-08
102871,Returning,Mobile,India,Low,2026-06-01
102872,New,Mobile,India,Medium,2026-05-31
102873,New,Mobile,India,Medium,2026-08-01
102874,New,Mobile,India,High,2026-03-28
102875,Returning,Desktop,Australia,Medium,2026-04-28
102876,New,Mobile,India,Medium,2026-05-02
102877,Returning,Desktop,Australia,Medium,2026-03-22
102878,Returning,Mobile,India,High,2026-03-21
102879,New,Mobile,India,Medium,2026-05-28
102880,Returning,Mobile,India,High,2026-06-14
102881,Returning,Mobile,India,Low,2026-07-18
102882,New,Mobile,Canada,Low,2026-08-13
102883,New,Mobile,India,Low,2026-06-10
102884,Returning,Mobile,India,Medium,2026-05-09
102885,Returning,Mobile,India,Low,2026-03-14
102886,Returning,Mobile,India,Medium,2026-07-08
102887,New,Desktop,India,Low,2026-03-12
102888,New,Desktop,United States,Medium,2026-06-13
102889,Returning,Mobile,India,Low,2026-06-04
102890,Returning,Mobile,India,Low,2026-08-11
102891,Returning,Desktop,United States,High,2026-08-09
102892,New,Mobile,United Kingdom,High,2026-06-08
102893,New,Mobile,India,Medium,2026-08-18
102894,Returning,Mobile,India,Medium,2026-06-15
102895,New,Desktop,India,Low,2026-08-16
102896,Returning,Mobile,United Kingdom,Medium,2026-07-20
102897,Returning,Mobile,India,Low,2026-08-23
102898,New,Mobile,India,Medium,2026-06-15
102899,Returning,Desktop,India,High,2026-07-07
102900,Returning,Mobile,India,High,2026-04-11
102901,Returning,Mobile,India,Low,2026-08-21
102902,New,Mobile,India,Low,2026-04-24
102903,Returning,Desktop,United States,Medium,2026-04-22
102904,Returning,Desktop,United States,Low,2026-05-30
102905,Returning,Mobile,India,Medium,2026-04-17
102906,New,Mobile,India,Low,2026-03-13
102907,Returning,Desktop,India,Low,2026-04-28
102908,New,Desktop,India,Medium,2026-03-08
102909,New,Mobile,India,Low,2026-08-08
102910,New,Mobile,India,Medium,2026-03-26
102911,Returning,Mobile,India,High,2026-07-21
102912,Returning,Desktop,India,Low,2026-08-03
102913,New,Mobile,United States,Medium,2026-03-29
102914,New,Desktop,India,Medium,2026-05-14
102915,Returning,Desktop,India,Low,2026-08-13
102916,Returning,Mobile,India,Low,2026-06-27
102917,New,Mobile,India,Medium,2026-05-21
102918,Returning,Desktop,India,Low,2026-08-13
102919,New,Mobile,India,Low,2026-05-04
102920,Returning,Mobile,India,Medium,2026-08-03
102921,New,Mobile,India,Medium,2026-07-12
102922,Returning,Mobile,United States,Low,2026-08-10
102923,New,Desktop,India,Low,2026-05-05
102924,New,Mobile,India,Medium,2026-08-06
102925,Returning,Mobile,India,Low,2026-06-25
102926,Returning,Mobile,India,Medium,2026-06-25
102927,New,Desktop,Australia,High,2026-04-26
102928,New,Mobile,United States,High,2026-07-02
102929,Returning,Desktop,Australia,Low,2026-05-15
102930,New,Desktop,India,Low,2026-05-21
102931,Returning,Mobile,United States,Low,2026-06-29
102932,Returning,Mobile,United Kingdom,Low,2026-06-06
102933,Returning,Mobile,India,Low,2026-08-26
102934,Returning,Desktop,India,High,2026-06-30
102935,Returning,Desktop,United Kingdom,Medium,2026-06-05
102936,New,Mobile,India,Low,2026-06-02
102937,Returning,Mobile,India,Medium,2026-03-26
102938,Returning,Mobile,India,Medium,2026-08-22
102939,Returning,Desktop,India,Medium,2026-07-12
102940,Returning,Desktop,India,Medium,2026-08-12
102941,Returning,Mobile,United States,Medium,2026-05-13
102942,New,Desktop,India,Medium,2026-07-15
102943,Returning,Mobile,India,Medium,2026-06-23
102944,Returning,Desktop,India,Low,2026-06-09
102945,Returning,Mobile,Australia,High,2026-04-04
102946,Returning,Mobile,India,Medium,2026-05-06
102947,Returning,Mobile,India,Low,2026-08-08
102948,Returning,Desktop,Australia,Medium,2026-08-03
102949,Returning,Desktop,United Kingdom,Low,2026-03-27
102950,New,Desktop,Australia,Low,2026-03-13
102951,Returning,Mobile,India,Low,2026-07-23
102952,Returning,Mobile,Australia,Medium,2026-06-16
102953,Returning,Mobile,Australia,Low,2026-05-13
102954,New,Mobile,India,High,2026-04-10
102955,Returning,Mobile,India,Medium,2026-08-10
102956,New,Desktop,India,High,2026-04-18
102957,New,Desktop,India,High,2026-06-13
102958,Returning,Desktop,Australia,Low,2026-03-07
102959,Returning,Mobile,Australia,Medium,2026-05-29
102960,Returning,Desktop,India,Low,2026-04-24
102961,Returning,Mobile,India,Low,2026-03-18
102962,Returning,Mobile,India,High,2026-07-30
102963,Returning,Desktop,Canada,High,2026-06-21
102964,Returning,Desktop,India,Low,2026-03-28
102965,Returning,Mobile,India,High,2026-05-28
102966,Returning,Desktop,India,High,2026-08-24
102967,New,Mobile,Australia,Low,2026-03-05
102968,Returning,Mobile,Canada,Low,2026-04-27
102969,Returning,Mobile,India,Medium,2026-03-05
102970,Returning,Desktop,India,Low,2026-06-16
102971,Returning,Desktop,India,High,2026-03-17
102972,Returning,Mobile,United Kingdom,Low,2026-06-28
102973,Returning,Mobile,India,Low,2026-04-27
102974,Returning,Desktop,India,Medium,2026-06-08
102975,New,Desktop,United States,Medium,2026-04-09
102976,Returning,Desktop,Australia,Medium,2026-03-25
102977,New,Mobile,India,Medium,2026-07-23
102978,Returning,Mobile,United States,High,2026-07-27
102979,New,Desktop,India,Medium,2026-06-20
102980,Returning,Desktop,India,Medium,2026-04-23
102981,Returning,Mobile,United States,Medium,2026-03-08
102982,Returning,Desktop,United States,High,2026-03-31
102983,Returning,Desktop,United Kingdom,Medium,2026-05-15
102984,Returning,Desktop,India,High,2026-04-10
102985,Returning,Desktop,India,Medium,2026-05-27
102986,Returning,Mobile,Canada,High,2026-08-17
102987,New,Desktop,India,Low,2026-07-29
102988,Returning,Mobile,India,Medium,2026-04-26
102989,Returning,Mobile,United Kingdom,Medium,2026-08-23
102990,Returning,Desktop,India,Medium,2026-06-30
102991,Returning,Mobile,Australia,High,2026-03-12
102992,Returning,Mobile,Canada,High,2026-03-29
102993,Returning,Mobile,India,Medium,2026-06-28
102994,Returning,Mobile,India,High,2026-06-06
102995,Returning,Mobile,United States,Low,2026-03-13
102996,Returning,Mobile,India,Low,2026-05-19
102997,New,Mobile,India,Low,2026-06-18
102998,Returning,Mobile,India,Medium,2026-05-23
102999,New,Mobile,United States,Medium,2026-05-26
103000,Returning,Desktop,India,High,2026-04-17
103001,Returning,Mobile,United Kingdom,Low,2026-07-06
103002,New,Mobile,India,Low,2026-04-23
103003,Returning,Mobile,India,Medium,2026-03-09
103004,Returning,Mobile,India,Low,2026-07-23
103005,New,Mobile,India,High,2026-08-05
103006,Returning,Desktop,India,Low,2026-08-08
103007,Returning,Desktop,India,Low,2026-06-30
103008,Returning,Mobile,Australia,Medium,2026-08-23
103009,Returning,Desktop,United Kingdom,High,2026-05-30
103010,Returning,Mobile,India,Medium,2026-07-04
103011,Returning,Desktop,United States,High,2026-03-28
103012,Returning,Desktop,India,Low,2026-07-06
103013,Returning,Mobile,India,Medium,2026-06-21
103014,Returning,Mobile,India,Low,2026-06-06
103015,New,Mobile,United States,High,2026-08-20
103016,Returning,Mobile,India,High,2026-08-31
103017,Returning,Mobile,India,Low,2026-08-31
103018,Returning,Mobile,India,Medium,2026-08-17
103019,New,Desktop,India,Low,2026-04-23
103020,Returning,Desktop,India,Medium,2026-08-16
103021,New,Mobile,India,Medium,2026-05-09
103022,New,Mobile,Australia,Medium,2026-08-13
103023,Returning,Mobile,India,Medium,2026-06-23
103024,Returning,Desktop,India,Medium,2026-06-01
103025,New,Desktop,India,Low,2026-06-24
103026,Returning,Desktop,Australia,Medium,2026-07-30
103027,New,Mobile,India,Low,2026-06-10
103028,Returning,Mobile,India,High,2026-05-21
103029,Returning,Desktop,United Kingdom,Low,2026-03-24
103030,Returning,Desktop,India,Low,2026-03-08
103031,New,Desktop,India,Low,2026-03-07
103032,New,Mobile,India,Low,2026-08-02
103033,New,Mobile,India,High,2026-05-21
103034,New,Desktop,India,Medium,2026-03-09
103035,New,Mobile,Canada,High,2026-03-26
103036,Returning,Mobile,United States,Low,2026-08-28
103037,New,Mobile,India,High,2026-07-23
103038,Returning,Desktop,India,Low,2026-05-29
103039,New,Mobile,India,Low,2026-05-21
103040,Returning,Mobile,Australia,Medium,2026-06-21
103041,Returning,Desktop,India,Medium,2026-03-09
103042,Returning,Mobile,Australia,Medium,2026-08-04
103043,Returning,Mobile,India,High,2026-05-02
103044,Returning,Desktop,India,Low,2026-05-16
103045,Returning,Mobile,India,High,2026-05-13
103046,New,Mobile,India,Low,2026-03-22
103047,New,Desktop,India,Medium,2026-06-07
103048,Returning,Desktop,India,Low,2026-07-20
103049,Returning,Desktop,India,Medium,2026-06-04
103050,New,Desktop,India,High,2026-08-14
103051,Returning,Mobile,India,Low,2026-07-04
103052,Returning,Mobile,Australia,Low,2026-08-28
103053,Returning,Desktop,India,Medium,2026-08-04
103054,Returning,Mobile,India,High,2026-04-18
103055,Returning,Mobile,India,High,2026-04-12
103056,Returning,Mobile,United States,Medium,2026-03-24
103057,Returning,Mobile,India,Low,2026-05-01
103058,Returning,Mobile,India,High,2026-08-13
103059,Returning,Mobile,India,High,2026-07-10
103060,New,Desktop,India,High,2026-04-17
103061,Returning,Mobile,India,Medium,2026-06-08
103062,New,Mobile,India,Medium,2026-08-29
103063,Returning,Mobile,United States,Low,2026-06-08
103064,Returning,Mobile,India,Low,2026-03-23
103065,Returning,Mobile,India,High,2026-05-01
103066,Returning,Desktop,India,High,2026-06-15
103067,New,Desktop,India,Medium,2026-07-09
103068,Returning,Mobile,Australia,Medium,2026-07-02
103069,Returning,Desktop,India,Low,2026-08-31
103070,New,Mobile,Australia,Medium,2026-03-29
103071,New,Desktop,United States,High,2026-04-30
103072,Returning,Mobile,India,High,2026-05-23
103073,Returning,Desktop,India,Medium,2026-04-21
103074,New,Mobile,Australia,Medium,2026-04-14
103075,Returning,Mobile,India,Medium,2026-03-23
103076,Returning,Mobile,India,Low,2026-07-23
103077,New,Desktop,Canada,Low,2026-06-26
103078,Returning,Mobile,India,Medium,2026-06-27
103079,New,Mobile,United States,Medium,2026-06-28
103080,Returning,Mobile,India,Low,2026-05-14
103081,Returning,Mobile,India,High,2026-08-29
103082,Returning,Desktop,India,Medium,2026-05-27
103083,Returning,Mobile,India,Low,2026-05-30
103084,Returning,Desktop,India,Medium,2026-05-01
103085,New,Mobile,India,Low,2026-05-16
103086,New,Desktop,Australia,Low,2026-07-19
103087,Returning,Desktop,India,High,2026-08-02
103088,Returning,Desktop,India,Low,2026-03-08
103089,New,Mobile,India,Medium,2026-05-28
103090,Returning,Mobile,Canada,Medium,2026-08-25
103091,Returning,Mobile,India,Low,2026-07-20
103092,New,Mobile,United Kingdom,High,2026-07-11
103093,Returning,Mobile,United States,High,2026-03-20
103094,New,Mobile,India,High,2026-03-09
103095,Returning,Mobile,United States,Medium,2026-04-14
103096,New,Desktop,India,Medium,2026-06-13
103097,New,Desktop,United States,Low,2026-04-12
103098,Returning,Desktop,India,Medium,2026-04-04
103099,Returning,Mobile,India,Low,2026-08-09
103100,Returning,Desktop,India,Low,2026-08-21
103101,Returning,Desktop,United States,Low,2026-08-14
103102,Returning,Desktop,Canada,Low,2026-03-19
103103,Returning,Desktop,India,Medium,2026-06-05
103104,Returning,Desktop,Australia,Low,2026-06-20
103105,Returning,Mobile,India,Low,2026-03-25
103106,New,Desktop,Australia,High,2026-07-28
103107,Returning,Mobile,Australia,High,2026-05-24
103108,New,Mobile,India,Low,2026-07-01
103109,New,Mobile,India,Medium,2026-07-15
103110,New,Mobile,India,High,2026-06-28
103111,Returning,Mobile,United States,High,2026-03-28
103112,Returning,Mobile,India,Medium,2026-06-17
103113,Returning,Mobile,India,High,2026-05-15
103114,Returning,Mobile,Canada,Medium,2026-06-01
103115,Returning,Mobile,India,Low,2026-05-15
103116,New,Desktop,India,Medium,2026-05-16
103117,Returning,Mobile,United States,Medium,2026-03-13
103118,Returning,Desktop,United Kingdom,High,2026-07-10
103119,Returning,Mobile,India,Medium,2026-03-22
103120,Returning,Desktop,Australia,Medium,2026-04-24
103121,Returning,Mobile,India,Low,2026-09-01
103122,Returning,Mobile,India,Low,2026-07-16
103123,Returning,Desktop,India,High,2026-07-17
103124,Returning,Mobile,India,Low,2026-03-06
103125,Returning,Mobile,Canada,Low,2026-03-13
103126,New,Desktop,India,Low,2026-05-23
103127,Returning,Mobile,United States,High,2026-05-03
103128,Returning,Desktop,India,Low,2026-03-13
103129,New,Mobile,India,Low,2026-08-27
103130,New,Mobile,India,Medium,2026-04-26
103131,Returning,Mobile,India,Medium,2026-06-13
103132,New,Desktop,Australia,Low,2026-03-10
103133,Returning,Mobile,India,Low,2026-07-23
103134,Returning,Desktop,India,Low,2026-03-21
103135,Returning,Desktop,India,Medium,2026-04-17
103136,New,Mobile,India,Low,2026-03-26
103137,New,Desktop,India,High,2026-06-07
103138,Returning,Desktop,India,Low,2026-07-12
103139,Returning,Mobile,Australia,Medium,2026-07-31
103140,Returning,Mobile,United Kingdom,Low,2026-06-05
103141,New,Desktop,India,Medium,2026-08-15
103142,Returning,Mobile,India,High,2026-08-03
103143,Returning,Mobile,India,Low,2026-05-15
103144,Returning,Mobile,India,Low,2026-07-12
103145,Returning,Mobile,United Kingdom,Medium,2026-04-02
103146,New,Desktop,India,High,2026-05-23
103147,New,Mobile,United States,High,2026-08-31
103148,Returning,Mobile,India,Medium,2026-06-10
103149,Returning,Mobile,India,Medium,2026-06-18
103150,Returning,Desktop,India,Low,2026-03-19
103151,Returning,Mobile,United States,Medium,2026-07-16
103152,Returning,Desktop,India,Medium,2026-08-30
103153,New,Desktop,India,High,2026-04-07
103154,Returning,Mobile,India,Low,2026-06-11
103155,Returning,Mobile,United States,Low,2026-08-11
103156,Returning,Mobile,Australia,Medium,2026-05-03
103157,Returning,Mobile,India,Medium,2026-03-05
103158,Returning,Desktop,India,Medium,2026-05-07
103159,Returning,Desktop,India,High,2026-06-05
103160,Returning,Mobile,India,Low,2026-03-23
103161,New,Desktop,India,High,2026-05-06
103162,Returning,Mobile,India,Low,2026-05-23
103163,Returning,Desktop,India,Low,2026-08-12
103164,Returning,Mobile,India,Medium,2026-03-21
103165,Returning,Desktop,India,High,2026-03-09
103166,Returning,Mobile,India,Low,2026-08-18
103167,Returning,Mobile,United States,Medium,2026-03-13
103168,New,Desktop,India,Medium,2026-08-11
103169,Returning,Desktop,India,Medium,2026-04-08
103170,Returning,Mobile,Canada,Low,2026-08-25
103171,Returning,Desktop,India,Low,2026-08-21
103172,Returning,Desktop,India,Low,2026-05-19
103173,Returning,Mobile,India,High,2026-03-14
103174,Returning,Desktop,United Kingdom,Low,2026-04-25
103175,Returning,Mobile,India,Medium,2026-04-19
103176,Returning,Mobile,India,Medium,2026-06-18
103177,Returning,Mobile,India,Low,2026-06-24
103178,Returning,Desktop,Australia,High,2026-03-09
103179,Returning,Mobile,India,Medium,2026-05-04
103180,Returning,Mobile,United States,Medium,2026-06-19
103181,Returning,Mobile,India,Low,2026-08-12
103182,Returning,Mobile,India,High,2026-07-18
103183,New,Mobile,India,High,2026-06-10
103184,New,Mobile,United Kingdom,High,2026-07-01
103185,New,Mobile,India,Low,2026-08-25
103186,Returning,Mobile,India,Low,2026-06-30
103187,New,Mobile,Canada,Low,2026-06-24
103188,Returning,Mobile,India,Medium,2026-08-10
103189,Returning,Desktop,India,Medium,2026-06-09
103190,New,Desktop,India,Low,2026-06-25
103191,Returning,Desktop,India,Low,2026-06-03
103192,Returning,Mobile,India,Medium,2026-05-02
103193,New,Mobile,India,Low,2026-04-20
103194,Returning,Mobile,India,Medium,2026-04-23
103195,Returning,Mobile,India,Low,2026-08-08
103196,Returning,Mobile,India,Medium,2026-03-22
103197,Returning,Mobile,India,Low,2026-08-04
103198,Returning,Desktop,India,Medium,2026-06-18
103199,New,Desktop,India,Low,2026-06-23
103200,New,Mobile,United States,Low,2026-06-19
103201,Returning,Mobile,United Kingdom,Low,2026-03-25
103202,Returning,Mobile,India,Medium,2026-06-22
103203,New,Mobile,India,Low,2026-07-06
103204,New,Desktop,United Kingdom,Medium,2026-07-19
103205,Returning,Desktop,India,Low,2026-05-26
103206,Returning,Mobile,India,Low,2026-08-31
103207,New,Mobile,Australia,Low,2026-04-22
103208,Returning,Mobile,India,Medium,2026-06-27
103209,Returning,Mobile,India,Medium,2026-03-22
103210,Returning,Mobile,United Kingdom,High,2026-03-20
103211,New,Mobile,India,Low,2026-04-23
103212,New,Mobile,United Kingdom,High,2026-08-07
103213,Returning,Mobile,India,Medium,2026-08-25
103214,Returning,Mobile,India,Low,2026-04-05
103215,Returning,Desktop,India,Low,2026-07-07
103216,Returning,Mobile,India,High,2026-03-11
103217,New,Desktop,India,Medium,2026-04-03
103218,Returning,Mobile,India,Low,2026-06-10
103219,Returning,Mobile,India,Low,2026-09-01
103220,Returning,Mobile,United States,Low,2026-04-20
103221,Returning,Mobile,Australia,Low,2026-05-03
103222,New,Desktop,India,Medium,2026-03-17
103223,Returning,Desktop,India,Medium,2026-05-13
103224,Returning,Desktop,India,Medium,2026-06-17
103225,Returning,Mobile,India,High,2026-09-01
103226,Returning,Mobile,United Kingdom,Low,2026-04-11
103227,Returning,Desktop,India,Medium,2026-04-15
103228,Returning,Desktop,United States,Low,2026-06-13
103229,Returning,Mobile,India,Medium,2026-08-22
103230,Returning,Mobile,India,Medium,2026-03-11
103231,Returning,Desktop,India,Low,2026-06-05
103232,Returning,Mobile,Canada,Medium,2026-07-21
103233,Returning,Mobile,United States,Medium,2026-07-10
103234,Returning,Desktop,India,Low,2026-07-15
103235,Returning,Mobile,India,Low,2026-04-09
103236,Returning,Desktop,United States,High,2026-04-14
103237,Returning,Desktop,India,Medium,2026-08-23
103238,New,Mobile,Canada,High,2026-06-20
103239,Returning,Desktop,India,Low,2026-07-08
103240,New,Mobile,India,Medium,2026-08-29
103241,Returning,Desktop,United States,Medium,2026-04-19
103242,Returning,Mobile,India,Low,2026-07-01
103243,Returning,Mobile,United Kingdom,Medium,2026-04-13
103244,Returning,Desktop,Australia,High,2026-08-18
103245,Returning,Mobile,India,High,2026-04-26
103246,Returning,Desktop,India,High,2026-06-21
103247,Returning,Mobile,India,Low,2026-05-07
103248,Returning,Mobile,India,High,2026-07-01
103249,New,Mobile,India,High,2026-07-07
103250,New,Mobile,United States,High,2026-03-23
103251,Returning,Desktop,United States,Medium,2026-06-29
103252,Returning,Mobile,United Kingdom,Medium,2026-06-10
103253,New,Mobile,United States,Medium,2026-03-11
103254,Returning,Desktop,India,High,2026-08-11
103255,New,Mobile,Australia,Medium,2026-04-27
103256,New,Desktop,United Kingdom,High,2026-08-23
103257,New,Mobile,United Kingdom,Medium,2026-08-29
103258,Returning,Mobile,United Kingdom,Low,2026-07-28
103259,Returning,Mobile,United States,Medium,2026-08-07
103260,New,Desktop,United States,Medium,2026-07-10
103261,Returning,Mobile,India,High,2026-04-19
103262,New,Desktop,India,Low,2026-04-12
103263,Returning,Mobile,India,Low,2026-06-19
103264,Returning,Mobile,India,High,2026-08-31
103265,Returning,Desktop,United Kingdom,Low,2026-06-06
103266,Returning,Desktop,India,High,2026-08-17
103267,Returning,Desktop,India,Medium,2026-08-14
103268,Returning,Mobile,India,Medium,2026-08-29
103269,Returning,Desktop,India,Medium,2026-08-31
103270,Returning,Mobile,India,High,2026-06-20
103271,Returning,Desktop,Australia,Low,2026-05-12
103272,Returning,Desktop,Canada,Medium,2026-07-20
103273,New,Mobile,India,Low,2026-03-18
103274,Returning,Desktop,India,Low,2026-06-12
103275,Returning,Desktop,United Kingdom,Low,2026-05-09
103276,Returning,Mobile,United States,Medium,2026-03-07
103277,New,Desktop,United States,Medium,2026-06-22
103278,New,Desktop,India,Medium,2026-04-30
103279,Returning,Mobile,India,High,2026-05-24
103280,Returning,Mobile,India,Low,2026-04-13
103281,Returning,Mobile,United Kingdom,High,2026-08-20
103282,New,Desktop,India,High,2026-06-26
103283,Returning,Desktop,India,Medium,2026-04-18
103284,Returning,Mobile,India,Medium,2026-08-24
103285,Returning,Desktop,India,Low,2026-07-02
103286,Returning,Mobile,India,Medium,2026-08-14
103287,Returning,Mobile,Canada,High,2026-07-23
103288,Returning,Mobile,India,Low,2026-05-12
103289,New,Desktop,India,High,2026-03-26
103290,New,Mobile,India,High,2026-05-01
103291,New,Desktop,India,Medium,2026-05-31
103292,Returning,Mobile,United Kingdom,High,2026-04-27
103293,Returning,Desktop,Australia,Low,2026-04-22
103294,Returning,Mobile,United Kingdom,Low,2026-07-31
103295,Returning,Mobile,India,Low,2026-04-10
103296,Returning,Mobile,India,High,2026-03-12
103297,Returning,Desktop,Canada,Medium,2026-08-15
103298,New,Desktop,India,High,2026-05-03
103299,Returning,Desktop,India,Low,2026-04-16
103300,Returning,Desktop,India,Medium,2026-07-09
103301,Returning,Mobile,Canada,Medium,2026-07-24
103302,Returning,Desktop,India,Low,2026-04-30
103303,New,Mobile,India,Medium,2026-05-21
103304,New,Desktop,Australia,Low,2026-08-23
103305,New,Mobile,India,High,2026-05-03
103306,New,Mobile,United States,Low,2026-07-01
103307,Returning,Mobile,United States,High,2026-06-23
103308,Returning,Desktop,India,Medium,2026-05-06
103309,Returning,Mobile,India,Medium,2026-06-16
103310,Returning,Mobile,India,Medium,2026-08-13
103311,New,Desktop,India,Medium,2026-05-01
103312,Returning,Mobile,Canada,Low,2026-04-17
103313,Returning,Desktop,India,High,2026-07-06
103314,Returning,Mobile,India,Low,2026-08-23
103315,Returning,Desktop,India,Low,2026-07-11
103316,Returning,Mobile,India,Medium,2026-07-18
103317,New,Mobile,United Kingdom,Low,2026-08-05
103318,Returning,Mobile,Australia,Low,2026-04-03
103319,Returning,Desktop,India,High,2026-05-08
103320,New,Mobile,Australia,Medium,2026-08-28
103321,New,Mobile,United Kingdom,High,2026-05-21
103322,Returning,Desktop,India,Low,2026-06-10
103323,Returning,Desktop,India,Medium,2026-03-12
103324,New,Mobile,India,Medium,2026-08-04
103325,Returning,Mobile,India,Low,2026-03-18
103326,New,Desktop,India,Low,2026-07-03
103327,New,Mobile,Australia,Low,2026-04-17
103328,Returning,Mobile,United States,High,2026-08-12
103329,Returning,Mobile,India,High,2026-04-24
103330,Returning,Mobile,India,Medium,2026-03-17
103331,Returning,Desktop,India,Medium,2026-05-10
103332,Returning,Mobile,India,Low,2026-05-30
103333,Returning,Desktop,India,Low,2026-07-26
103334,New,Mobile,India,High,2026-04-17
103335,Returning,Mobile,India,High,2026-04-01
103336,Returning,Mobile,India,High,2026-06-04
103337,Returning,Mobile,India,Medium,2026-04-15
103338,Returning,Mobile,India,High,2026-08-09
103339,Returning,Desktop,India,Medium,2026-08-23
103340,New,Desktop,India,High,2026-04-02
103341,Returning,Mobile,India,Medium,2026-06-14
103342,Returning,Mobile,India,High,2026-05-19
103343,Returning,Desktop,India,Medium,2026-04-02
103344,Returning,Mobile,India,High,2026-06-26
103345,Returning,Mobile,India,Medium,2026-03-31
103346,Returning,Desktop,India,Low,2026-08-18
103347,Returning,Mobile,India,Medium,2026-04-07
103348,Returning,Mobile,Canada,Low,2026-05-30
103349,Returning,Mobile,United States,Low,2026-07-11
103350,New,Mobile,United Kingdom,Low,2026-08-01
103351,New,Desktop,United Kingdom,High,2026-07-02
103352,New,Mobile,India,High,2026-06-27
103353,Returning,Desktop,India,Low,2026-06-29
103354,Returning,Desktop,India,Low,2026-05-29
103355,Returning,Mobile,India,Medium,2026-05-17
103356,Returning,Desktop,India,Low,2026-08-20
103357,New,Mobile,Canada,Medium,2026-05-20
103358,New,Desktop,India,Medium,2026-06-20
103359,Returning,Mobile,United Kingdom,Medium,2026-06-06
103360,Returning,Mobile,India,Low,2026-03-24
103361,Returning,Mobile,India,High,2026-05-10
103362,Returning,Desktop,India,Low,2026-06-10
103363,Returning,Desktop,India,Medium,2026-05-07
103364,New,Mobile,India,Low,2026-03-21
103365,Returning,Mobile,India,Medium,2026-07-09
103366,Returning,Desktop,United Kingdom,High,2026-04-30
103367,Returning,Mobile,India,High,2026-08-18
103368,Returning,Desktop,India,Medium,2026-03-29
103369,Returning,Mobile,United States,High,2026-06-12
103370,Returning,Mobile,India,Low,2026-04-16
103371,Returning,Mobile,India,High,2026-06-09
103372,New,Mobile,United Kingdom,High,2026-05-26
103373,Returning,Desktop,India,Medium,2026-07-12
103374,Returning,Desktop,India,Medium,2026-06-17
103375,Returning,Mobile,United Kingdom,Low,2026-05-24
103376,Returning,Mobile,United States,Low,2026-06-22
103377,Returning,Mobile,India,High,2026-05-23
103378,Returning,Desktop,India,Medium,2026-04-20
103379,Returning,Mobile,India,Low,2026-05-24
103380,Returning,Desktop,India,Medium,2026-08-09
103381,New,Mobile,India,Medium,2026-06-17
103382,Returning,Mobile,India,Low,2026-04-21
103383,New,Desktop,United Kingdom,Medium,2026-04-17
103384,Returning,Desktop,United Kingdom,High,2026-07-24
103385,Returning,Desktop,India,Medium,2026-05-15
103386,Returning,Desktop,India,Low,2026-07-28
103387,Returning,Mobile,India,Medium,2026-04-12
103388,Returning,Mobile,India,Medium,2026-08-13
103389,Returning,Mobile,United Kingdom,Low,2026-07-02
103390,Returning,Mobile,United Kingdom,Low,2026-09-01
103391,New,Desktop,India,Medium,2026-04-26
103392,New,Mobile,India,Low,2026-07-19
103393,Returning,Mobile,India,Medium,2026-03-28
103394,Returning,Mobile,Canada,Low,2026-03-20
103395,New,Mobile,India,High,2026-04-13
103396,Returning,Mobile,India,High,2026-04-04
103397,Returning,Mobile,India,Medium,2026-05-31
103398,New,Mobile,Canada,Low,2026-03-14
103399,New,Mobile,India,Low,2026-05-12
103400,Returning,Mobile,India,Low,2026-05-08
103401,Returning,Mobile,United States,Low,2026-04-24
103402,Returning,Mobile,India,Low,2026-06-13
103403,New,Mobile,India,Low,2026-07-14
103404,Returning,Desktop,India,Medium,2026-03-17
103405,Returning,Mobile,India,Medium,2026-07-23
103406,Returning,Desktop,India,Medium,2026-06-22
103407,Returning,Desktop,India,Low,2026-07-20
103408,New,Desktop,Canada,High,2026-05-26
103409,Returning,Mobile,United States,Low,2026-03-23
103410,Returning,Desktop,India,Medium,2026-05-09
103411,New,Mobile,United Kingdom,Low,2026-08-31
103412,Returning,Mobile,United States,Low,2026-05-03
103413,New,Desktop,India,Low,2026-06-15
103414,Returning,Mobile,India,High,2026-06-11
103415,Returning,Desktop,United States,Low,2026-07-03
103416,Returning,Mobile,India,Low,2026-08-29
103417,Returning,Mobile,Australia,Medium,2026-03-24
103418,New,Desktop,India,Medium,2026-08-07
103419,Returning,Mobile,United Kingdom,High,2026-04-20
103420,Returning,Mobile,India,Low,2026-07-05
103421,Returning,Desktop,United Kingdom,Medium,2026-08-28
103422,New,Mobile,India,Medium,2026-03-23
103423,Returning,Desktop,Australia,Medium,2026-09-01
103424,New,Mobile,India,Low,2026-07-28
103425,Returning,Mobile,India,Medium,2026-05-21
103426,New,Mobile,India,Medium,2026-08-20
103427,Returning,Mobile,India,Low,2026-06-13
103428,Returning,Mobile,Canada,Low,2026-08-30
103429,Returning,Desktop,India,Low,2026-04-01
103430,Returning,Mobile,India,Low,2026-07-21
103431,New,Desktop,India,Low,2026-06-13
103432,New,Mobile,India,Low,2026-05-19
103433,Returning,Mobile,India,Low,2026-03-11
103434,Returning,Mobile,United States,Low,2026-08-09
103435,Returning,Mobile,India,Low,2026-08-24
103436,Returning,Mobile,United Kingdom,Medium,2026-06-11
103437,Returning,Mobile,India,Medium,2026-04-14
103438,New,Mobile,India,Medium,2026-06-12
103439,New,Desktop,India,Low,2026-04-21
103440,Returning,Mobile,India,Medium,2026-08-11
103441,Returning,Mobile,India,High,2026-06-06
103442,Returning,Mobile,India,Low,2026-08-29
103443,Returning,Mobile,India,Medium,2026-04-23
103444,Returning,Mobile,United Kingdom,Low,2026-07-14
103445,New,Mobile,Canada,Low,2026-05-21
103446,Returning,Desktop,Canada,Low,2026-06-18
103447,Returning,Desktop,India,Low,2026-05-30
103448,Returning,Desktop,Canada,Medium,2026-03-06
103449,Returning,Desktop,India,Low,2026-06-20
103450,Returning,Mobile,United States,Medium,2026-08-13
103451,Returning,Desktop,India,High,2026-07-30
103452,Returning,Mobile,India,Low,2026-08-21
103453,Returning,Desktop,India,High,2026-03-14
103454,Returning,Mobile,India,High,2026-06-05
103455,New,Mobile,India,Medium,2026-08-25
103456,New,Mobile,India,Low,2026-07-06
103457,New,Mobile,India,High,2026-05-03
103458,New,Mobile,India,Low,2026-04-20
103459,New,Mobile,India,Medium,2026-05-04
103460,New,Desktop,India,Low,2026-03-17
103461,Returning,Desktop,Australia,High,2026-08-10
103462,Returning,Desktop,India,High,2026-04-09
103463,New,Mobile,United States,High,2026-08-20
103464,Returning,Mobile,India,Low,2026-04-17
103465,Returning,Mobile,Canada,Medium,2026-04-26
103466,Returning,Mobile,India,Low,2026-05-17
103467,Returning,Desktop,India,Low,2026-07-25
103468,Returning,Mobile,United Kingdom,Low,2026-07-15
103469,Returning,Mobile,United Kingdom,Low,2026-04-17
103470,Returning,Desktop,India,Medium,2026-08-11
103471,Returning,Mobile,India,Medium,2026-08-24
103472,Returning,Desktop,India,Low,2026-07-12
103473,New,Desktop,India,Low,2026-06-28
103474,Returning,Desktop,India,Medium,2026-09-01
103475,Returning,Desktop,India,Medium,2026-07-31
103476,Returning,Desktop,India,Low,2026-04-02
103477,New,Mobile,India,Low,2026-06-13
103478,New,Desktop,India,High,2026-07-05
103479,Returning,Mobile,Australia,Low,2026-03-25
103480,Returning,Mobile,India,Medium,2026-06-25
103481,Returning,Mobile,India,Low,2026-06-08
103482,Returning,Desktop,Canada,High,2026-07-15
103483,Returning,Mobile,India,Low,2026-04-12
103484,Returning,Mobile,India,Medium,2026-08-27
103485,Returning,Desktop,India,High,2026-03-16
103486,New,Mobile,India,Medium,2026-08-02
103487,New,Mobile,India,Medium,2026-05-24
103488,New,Mobile,India,Medium,2026-03-26
103489,Returning,Desktop,India,Low,2026-06-14
103490,New,Mobile,India,Low,2026-08-04
103491,Returning,Mobile,India,High,2026-07-17
103492,Returning,Mobile,United States,Low,2026-05-05
103493,New,Mobile,India,Medium,2026-03-09
103494,New,Mobile,India,Low,2026-08-01
103495,Returning,Desktop,United Kingdom,Low,2026-08-12
103496,Returning,Mobile,India,Low,2026-03-22
103497,New,Desktop,India,Medium,2026-08-15
103498,Returning,Mobile,India,High,2026-07-17
103499,Returning,Mobile,India,Medium,2026-07-18
103500,Returning,Desktop,India,Medium,2026-03-12
103501,New,Desktop,India,Low,2026-03-31
103502,Returning,Mobile,India,Low,2026-05-21
103503,Returning,Mobile,Australia,Low,2026-04-03
103504,Returning,Desktop,India,Low,2026-05-10
103505,Returning,Mobile,India,Low,2026-04-14
103506,Returning,Mobile,India,High,2026-05-03
103507,Returning,Mobile,India,High,2026-06-30
103508,New,Mobile,India,Low,2026-05-22
103509,New,Desktop,India,Low,2026-08-08
103510,New,Mobile,India,Medium,2026-08-03
103511,Returning,Mobile,India,High,2026-08-16
103512,Returning,Mobile,India,High,2026-03-13
103513,New,Mobile,India,Medium,2026-07-06
103514,Returning,Mobile,India,Low,2026-05-29
103515,New,Mobile,India,Low,2026-05-05
103516,New,Mobile,India,Low,2026-06-28
103517,New,Desktop,India,Medium,2026-06-26
103518,New,Mobile,Australia,Medium,2026-06-21
103519,New,Desktop,India,Medium,2026-04-21
103520,Returning,Desktop,India,Medium,2026-05-02
103521,Returning,Desktop,India,High,2026-08-04
103522,Returning,Mobile,Canada,Low,2026-03-20
103523,Returning,Desktop,India,High,2026-03-18
103524,Returning,Mobile,India,High,2026-05-18
103525,Returning,Mobile,India,High,2026-04-09
103526,New,Mobile,India,Medium,2026-04-19
103527,Returning,Desktop,India,High,2026-06-17
103528,Returning,Desktop,India,Low,2026-04-04
103529,New,Mobile,India,Medium,2026-03-06
103530,Returning,Desktop,India,High,2026-08-27
103531,Returning,Desktop,India,Medium,2026-03-13
103532,Returning,Mobile,United States,Low,2026-05-07
103533,New,Mobile,United States,Medium,2026-08-07
103534,Returning,Mobile,India,Low,2026-06-17
103535,Returning,Mobile,United States,High,2026-05-24
103536,Returning,Mobile,India,Low,2026-07-21
103537,Returning,Mobile,India,Medium,2026-05-07
103538,Returning,Mobile,United Kingdom,High,2026-03-28
103539,Returning,Desktop,Australia,Medium,2026-04-23
103540,New,Mobile,India,Low,2026-08-10
103541,Returning,Desktop,United States,Low,2026-06-14
103542,New,Desktop,India,Medium,2026-05-05
103543,Returning,Mobile,India,Medium,2026-04-28
103544,Returning,Desktop,Australia,Medium,2026-05-04
103545,Returning,Mobile,United Kingdom,Medium,2026-08-23
103546,Returning,Mobile,United Kingdom,Low,2026-04-05
103547,Returning,Desktop,India,Low,2026-08-21
103548,Returning,Mobile,India,Low,2026-05-25
103549,Returning,Mobile,India,High,2026-07-18
103550,Returning,Mobile,India,Medium,2026-05-13
103551,Returning,Mobile,India,Medium,2026-07-16
103552,Returning,Mobile,India,Medium,2026-03-12
103553,Returning,Desktop,India,Medium,2026-03-14
103554,New,Desktop,United Kingdom,Low,2026-05-04
103555,Returning,Mobile,India,Low,2026-06-27
103556,New,Desktop,United States,Low,2026-03-12
103557,Returning,Desktop,United States,High,2026-05-02
103558,Returning,Desktop,India,Low,2026-07-17
103559,New,Desktop,India,Low,2026-05-16
103560,New,Mobile,India,Low,2026-08-28
103561,Returning,Desktop,India,Medium,2026-08-29
103562,New,Desktop,India,Low,2026-08-13
103563,Returning,Desktop,India,Medium,2026-08-11
103564,Returning,Mobile,India,High,2026-04-03
103565,Returning,Desktop,India,Medium,2026-06-13
103566,Returning,Mobile,United Kingdom,Low,2026-08-06
103567,Returning,Mobile,India,Medium,2026-08-21
103568,New,Mobile,India,Low,2026-08-14
103569,New,Desktop,United States,Medium,2026-08-17
103570,New,Mobile,India,Low,2026-06-19
103571,New,Mobile,India,Low,2026-03-29
103572,Returning,Desktop,India,Low,2026-06-22
103573,Returning,Mobile,Australia,Medium,2026-06-09
103574,Returning,Mobile,India,Low,2026-05-27
103575,Returning,Mobile,India,Medium,2026-06-04
103576,New,Desktop,United States,Low,2026-04-05
103577,New,Mobile,India,Low,2026-06-23
103578,New,Mobile,India,High,2026-06-27
103579,Returning,Desktop,India,Low,2026-05-15
103580,Returning,Desktop,India,Low,2026-04-09
103581,Returning,Desktop,India,Low,2026-08-31
103582,Returning,Mobile,India,Low,2026-07-18
103583,Returning,Mobile,India,Medium,2026-08-30
103584,Returning,Mobile,United States,Low,2026-06-01
103585,New,Mobile,United Kingdom,Medium,2026-06-30
103586,New,Mobile,India,Medium,2026-08-29
103587,Returning,Mobile,India,Low,2026-06-12
103588,Returning,Desktop,India,High,2026-04-20
103589,Returning,Desktop,India,High,2026-04-05
103590,New,Mobile,India,Low,2026-03-05
103591,Returning,Mobile,India,Medium,2026-08-16
103592,Returning,Desktop,United States,Low,2026-03-10
103593,Returning,Desktop,India,Medium,2026-03-12
103594,Returning,Desktop,India,High,2026-03-15
103595,Returning,Mobile,United States,Low,2026-06-26
103596,New,Mobile,United Kingdom,Medium,2026-06-03
103597,Returning,Mobile,India,High,2026-06-11
103598,Returning,Desktop,United States,Low,2026-08-27
103599,Returning,Mobile,India,Medium,2026-07-19
103600,Returning,Mobile,United Kingdom,Low,2026-04-22
103601,New,Mobile,India,Low,2026-07-01
103602,New,Mobile,India,High,2026-03-11
103603,New,Mobile,India,Low,2026-04-08
103604,New,Mobile,India,High,2026-08-17
103605,Returning,Desktop,United Kingdom,Low,2026-06-20
103606,Returning,Mobile,India,Medium,2026-03-11
103607,Returning,Mobile,India,Medium,2026-08-07
103608,Returning,Desktop,India,Low,2026-04-26
103609,Returning,Mobile,Canada,High,2026-08-06
103610,Returning,Mobile,India,High,2026-08-24
103611,New,Desktop,India,High,2026-08-05
103612,Returning,Desktop,India,Low,2026-03-10
103613,Returning,Mobile,India,Low,2026-03-17
103614,Returning,Desktop,India,High,2026-06-02
103615,Returning,Mobile,India,Medium,2026-04-07
103616,Returning,Mobile,India,High,2026-05-19
103617,Returning,Mobile,India,High,2026-04-04
103618,New,Desktop,India,Medium,2026-05-01
103619,New,Mobile,India,Low,2026-08-08
103620,New,Mobile,India,Medium,2026-03-25
103621,Returning,Mobile,India,High,2026-08-23
103622,Returning,Mobile,India,Low,2026-06-02
103623,New,Mobile,Canada,Low,2026-06-29
103624,New,Mobile,Australia,Low,2026-04-18
103625,Returning,Desktop,India,Low,2026-08-19
103626,Returning,Mobile,India,High,2026-06-20
103627,Returning,Mobile,India,Medium,2026-07-13
103628,New,Mobile,United States,Low,2026-07-14
103629,Returning,Desktop,India,Low,2026-08-04
103630,Returning,Mobile,India,Medium,2026-05-06
103631,Returning,Mobile,India,High,2026-06-05
103632,Returning,Desktop,India,Low,2026-07-25
103633,Returning,Mobile,India,Low,2026-06-04
103634,Returning,Mobile,India,Low,2026-07-31
103635,Returning,Mobile,Canada,High,2026-03-05
103636,New,Mobile,India,Medium,2026-05-31
103637,Returning,Desktop,India,Medium,2026-05-11
103638,Returning,Desktop,India,Low,2026-07-17
103639,Returning,Desktop,India,Medium,2026-08-31
103640,Returning,Mobile,India,Medium,2026-07-21
103641,Returning,Mobile,India,Low,2026-04-23
103642,New,Mobile,Australia,Low,2026-04-27
103643,Returning,Mobile,India,High,2026-06-11
103644,New,Mobile,India,Low,2026-07-12
103645,Returning,Mobile,Canada,High,2026-05-11
103646,Returning,Mobile,United Kingdom,Low,2026-08-10
103647,New,Mobile,Canada,Low,2026-05-27
103648,Returning,Mobile,India,Medium,2026-04-20
103649,Returning,Desktop,Canada,Medium,2026-06-04
103650,Returning,Mobile,India,Medium,2026-05-17
103651,New,Desktop,India,High,2026-08-14
103652,Returning,Mobile,India,High,2026-03-23
103653,Returning,Mobile,India,High,2026-05-14
103654,Returning,Mobile,India,High,2026-04-20
103655,Returning,Desktop,Australia,Low,2026-07-08
103656,Returning,Mobile,India,Medium,2026-06-14
103657,Returning,Desktop,India,Medium,2026-08-24
103658,Returning,Mobile,India,Medium,2026-07-23
103659,Returning,Mobile,India,Medium,2026-07-05
103660,Returning,Desktop,India,Low,2026-05-26
103661,Returning,Desktop,India,Medium,2026-05-04
103662,Returning,Mobile,India,Medium,2026-03-16
103663,New,Desktop,India,High,2026-07-08
103664,Returning,Mobile,India,High,2026-06-26
103665,Returning,Mobile,Canada,Low,2026-07-29
103666,Returning,Mobile,United Kingdom,High,2026-05-20
103667,New,Mobile,United States,Low,2026-08-11
103668,New,Desktop,India,Medium,2026-03-23
103669,Returning,Mobile,India,Low,2026-08-31
103670,Returning,Mobile,India,Medium,2026-08-30
103671,New,Mobile,Australia,Medium,2026-07-11
103672,Returning,Mobile,Australia,High,2026-03-24
103673,Returning,Mobile,India,Medium,2026-04-12
103674,New,Desktop,India,Medium,2026-06-12
103675,Returning,Desktop,India,High,2026-05-14
103676,Returning,Desktop,United Kingdom,Low,2026-07-15
103677,Returning,Desktop,India,Low,2026-04-29
103678,New,Mobile,United Kingdom,High,2026-06-12
103679,New,Desktop,India,Low,2026-06-19
103680,New,Desktop,United States,Medium,2026-07-10
103681,Returning,Desktop,Australia,Medium,2026-04-17
103682,Returning,Desktop,India,High,2026-08-21
103683,Returning,Mobile,United Kingdom,High,2026-08-21
103684,New,Mobile,United Kingdom,Low,2026-08-23
103685,Returning,Mobile,India,Low,2026-05-17
103686,Returning,Mobile,India,Medium,2026-08-05
103687,Returning,Desktop,India,Medium,2026-08-08
103688,Returning,Desktop,India,Low,2026-06-08
103689,Returning,Desktop,India,Medium,2026-05-13
103690,New,Mobile,India,High,2026-08-12
103691,Returning,Desktop,India,High,2026-06-20
103692,Returning,Desktop,India,Medium,2026-08-10
103693,New,Mobile,India,Low,2026-08-10
103694,Returning,Mobile,India,Medium,2026-07-11
103695,Returning,Mobile,India,High,2026-06-08
103696,Returning,Mobile,United Kingdom,Medium,2026-07-31
103697,Returning,Mobile,India,Low,2026-07-28
103698,Returning,Desktop,India,Low,2026-05-09
103699,Returning,Mobile,Canada,High,2026-06-11
103700,Returning,Desktop,India,Medium,2026-08-03
103701,Returning,Mobile,India,Medium,2026-08-07
103702,Returning,Mobile,India,Medium,2026-07-15
103703,Returning,Desktop,India,High,2026-05-03
103704,Returning,Desktop,India,Low,2026-07-21
103705,New,Mobile,India,Medium,2026-08-07
103706,Returning,Mobile,India,Medium,2026-03-05
103707,Returning,Mobile,Canada,High,2026-06-17
103708,Returning,Mobile,India,High,2026-08-09
103709,Returning,Desktop,United States,Medium,2026-08-27
103710,New,Desktop,India,Medium,2026-04-19
103711,Returning,Mobile,United States,Low,2026-07-01
103712,Returning,Mobile,United States,Medium,2026-04-05
103713,Returning,Desktop,India,Medium,2026-08-30
103714,Returning,Mobile,India,Medium,2026-08-22
103715,New,Mobile,India,Medium,2026-08-13
103716,Returning,Desktop,United States,Low,2026-07-14
103717,New,Desktop,India,Low,2026-08-16
103718,Returning,Mobile,India,Low,2026-08-27
103719,New,Mobile,United States,Low,2026-07-16
103720,Returning,Mobile,India,High,2026-04-11
103721,Returning,Mobile,India,High,2026-05-13
103722,New,Mobile,Canada,Low,2026-07-30
103723,Returning,Desktop,Canada,Medium,2026-05-10
103724,Returning,Desktop,United Kingdom,Low,2026-05-29
103725,Returning,Mobile,India,High,2026-08-25
103726,Returning,Mobile,United States,Medium,2026-04-06
103727,Returning,Mobile,India,Medium,2026-03-19
103728,Returning,Desktop,India,Low,2026-03-29
103729,New,Desktop,Australia,Low,2026-07-19
103730,Returning,Mobile,India,Low,2026-06-18
103731,Returning,Desktop,India,Low,2026-04-23
103732,Returning,Desktop,United States,Low,2026-03-10
103733,New,Mobile,Australia,Low,2026-07-11
103734,Returning,Mobile,India,Low,2026-06-29
103735,New,Mobile,Canada,Low,2026-03-13
103736,Returning,Desktop,India,Low,2026-06-09
103737,New,Mobile,Canada,Low,2026-03-11
103738,New,Mobile,United Kingdom,Medium,2026-07-01
103739,Returning,Desktop,United Kingdom,Medium,2026-06-06
103740,New,Mobile,India,Medium,2026-03-27
103741,New,Desktop,Australia,Low,2026-04-05
103742,Returning,Mobile,United States,High,2026-07-21
103743,Returning,Mobile,India,Medium,2026-04-07
103744,Returning,Desktop,United States,Medium,2026-08-10
103745,Returning,Mobile,United States,Medium,2026-06-09
103746,Returning,Desktop,India,Low,2026-05-05
103747,Returning,Mobile,United States,Medium,2026-07-25
103748,Returning,Desktop,India,Low,2026-03-28
103749,Returning,Mobile,India,Medium,2026-04-24
103750,New,Mobile,India,Low,2026-03-08
103751,Returning,Mobile,India,Medium,2026-06-12
103752,Returning,Mobile,India,Low,2026-08-02
103753,Returning,Mobile,United States,High,2026-05-07
103754,Returning,Mobile,United States,Medium,2026-07-13
103755,Returning,Mobile,India,Low,2026-06-26
103756,Returning,Mobile,United Kingdom,High,2026-08-05
103757,Returning,Desktop,Canada,Medium,2026-07-04
103758,New,Desktop,India,Low,2026-06-24
103759,Returning,Mobile,India,Low,2026-05-14
103760,Returning,Desktop,India,Medium,2026-05-26
103761,Returning,Mobile,India,Low,2026-04-10
103762,New,Mobile,India,High,2026-05-07
103763,New,Mobile,India,Low,2026-05-02
103764,Returning,Mobile,India,Medium,2026-07-03
103765,Returning,Mobile,India,Low,2026-08-18
103766,New,Mobile,Canada,High,2026-03-29
103767,New,Mobile,Australia,Low,2026-07-09
103768,New,Mobile,India,Medium,2026-07-12
103769,Returning,Mobile,India,High,2026-04-02
103770,Returning,Mobile,India,Medium,2026-05-19
103771,New,Mobile,India,Medium,2026-08-03
103772,New,Mobile,India,Medium,2026-05-20
103773,Returning,Desktop,India,Medium,2026-07-19
103774,Returning,Desktop,India,Low,2026-04-23
103775,Returning,Mobile,India,Low,2026-08-29
103776,Returning,Desktop,India,Medium,2026-04-11
103777,New,Mobile,Australia,Low,2026-06-15
103778,Returning,Mobile,India,Medium,2026-04-07
103779,Returning,Mobile,India,Low,2026-04-27
103780,New,Desktop,India,Medium,2026-06-03
103781,New,Mobile,India,Medium,2026-03-15
103782,New,Mobile,India,Low,2026-04-09
103783,Returning,Desktop,India,High,2026-06-14
103784,Returning,Desktop,India,Medium,2026-07-28
103785,Returning,Mobile,India,Medium,2026-07-15
103786,Returning,Desktop,India,Low,2026-04-22
103787,Returning,Mobile,United Kingdom,High,2026-07-04
103788,Returning,Mobile,India,High,2026-06-22
103789,New,Mobile,India,Medium,2026-06-17
103790,Returning,Desktop,United States,High,2026-07-07
103791,Returning,Mobile,India,Medium,2026-07-08
103792,New,Mobile,India,Low,2026-08-28
103793,New,Mobile,India,Low,2026-06-23
103794,Returning,Desktop,India,Low,2026-05-03
103795,New,Mobile,India,Medium,2026-06-16
103796,Returning,Desktop,United Kingdom,Medium,2026-08-30
103797,Returning,Mobile,India,Medium,2026-04-21
103798,Returning,Mobile,India,Medium,2026-04-05
103799,Returning,Desktop,United States,Medium,2026-07-06
103800,Returning,Mobile,United States,Medium,2026-05-10
103801,Returning,Mobile,Australia,Medium,2026-07-09
103802,Returning,Mobile,United States,Medium,2026-04-03
103803,New,Desktop,India,High,2026-03-11
103804,New,Mobile,India,Medium,2026-08-30
103805,Returning,Desktop,Australia,Medium,2026-03-31
103806,Returning,Desktop,Canada,Medium,2026-08-16
103807,Returning,Mobile,India,Low,2026-04-19
103808,New,Mobile,India,Medium,2026-05-26
103809,Returning,Mobile,India,Low,2026-04-19
103810,Returning,Desktop,India,Medium,2026-07-22
103811,Returning,Desktop,India,Low,2026-07-10
103812,Returning,Desktop,United States,Medium,2026-08-07
103813,Returning,Mobile,India,Low,2026-04-13
103814,Returning,Mobile,India,Medium,2026-05-04
103815,Returning,Mobile,India,Medium,2026-07-16
103816,New,Mobile,India,Medium,2026-05-25
103817,New,Mobile,United Kingdom,Medium,2026-07-06
103818,Returning,Mobile,India,Medium,2026-07-18
103819,Returning,Mobile,India,Low,2026-06-29
103820,Returning,Mobile,United States,Low,2026-07-01
103821,New,Desktop,India,Low,2026-07-17
103822,Returning,Mobile,United States,Medium,2026-06-08
103823,Returning,Mobile,Australia,Medium,2026-08-27
103824,New,Mobile,United Kingdom,High,2026-04-15
103825,Returning,Mobile,India,Low,2026-08-12
103826,New,Mobile,India,Medium,2026-05-18
103827,New,Desktop,India,Low,2026-07-06
103828,Returning,Desktop,India,Medium,2026-03-10
103829,Returning,Mobile,United Kingdom,Low,2026-07-08
103830,Returning,Mobile,India,Medium,2026-06-09
103831,Returning,Desktop,India,High,2026-05-15
103832,New,Mobile,India,Low,2026-07-21
103833,Returning,Desktop,India,Medium,2026-03-13
103834,New,Mobile,India,Low,2026-06-16
103835,New,Mobile,India,Medium,2026-04-03
103836,Returning,Mobile,India,High,2026-08-30
103837,Returning,Desktop,India,Medium,2026-08-14
103838,Returning,Mobile,India,High,2026-08-28
103839,Returning,Mobile,United States,Medium,2026-04-29
103840,New,Mobile,United Kingdom,High,2026-08-21
103841,Returning,Mobile,India,Medium,2026-05-06
103842,New,Desktop,India,Medium,2026-04-28
103843,New,Mobile,Australia,Low,2026-03-15
103844,New,Desktop,United States,High,2026-03-12
103845,New,Mobile,United Kingdom,Low,2026-04-19
103846,Returning,Desktop,India,High,2026-08-13
103847,Returning,Mobile,India,Low,2026-06-30
103848,Returning,Mobile,Australia,Low,2026-05-06
103849,Returning,Desktop,India,Medium,2026-04-11
103850,Returning,Mobile,India,Medium,2026-08-22
103851,New,Mobile,India,Medium,2026-04-29
103852,New,Desktop,India,Low,2026-07-14
103853,Returning,Mobile,India,Medium,2026-05-18
103854,Returning,Mobile,United Kingdom,High,2026-05-21
103855,New,Mobile,India,Low,2026-04-26
103856,Returning,Mobile,India,High,2026-08-22
103857,Returning,Desktop,India,High,2026-04-16
103858,New,Desktop,United States,Low,2026-06-18
103859,Returning,Mobile,India,Low,2026-03-05
103860,Returning,Desktop,United States,Low,2026-04-30
103861,New,Mobile,India,Low,2026-05-03
103862,Returning,Mobile,India,Low,2026-06-03
103863,Returning,Mobile,United States,Medium,2026-04-28
103864,Returning,Desktop,United States,Medium,2026-03-30
103865,New,Desktop,India,Medium,2026-06-08
103866,Returning,Mobile,Australia,Low,2026-05-18
103867,Returning,Desktop,India,Low,2026-08-05
103868,Returning,Desktop,Canada,Medium,2026-06-12
103869,Returning,Desktop,India,Low,2026-06-21
103870,Returning,Mobile,India,Low,2026-04-04
103871,Returning,Mobile,India,Low,2026-08-23
103872,Returning,Desktop,India,High,2026-03-22
103873,Returning,Mobile,India,Low,2026-08-02
103874,Returning,Desktop,India,Low,2026-04-23
103875,Returning,Desktop,India,High,2026-05-07
103876,Returning,Desktop,India,High,2026-08-06
103877,New,Desktop,India,Low,2026-05-21
103878,Returning,Mobile,India,Low,2026-05-06
103879,New,Mobile,India,Medium,2026-07-28
103880,New,Mobile,India,Medium,2026-07-29
103881,Returning,Mobile,India,Medium,2026-08-11
103882,Returning,Desktop,India,Medium,2026-07-06
103883,Returning,Mobile,India,High,2026-05-31
103884,Returning,Mobile,Australia,Medium,2026-07-09
103885,Returning,Desktop,Canada,High,2026-07-25
103886,Returning,Mobile,Australia,Medium,2026-08-11
103887,Returning,Mobile,India,High,2026-04-11
103888,Returning,Mobile,India,Medium,2026-06-15
103889,Returning,Desktop,United States,High,2026-03-28
103890,Returning,Mobile,Australia,Medium,2026-08-09
103891,New,Desktop,India,Medium,2026-04-08
103892,Returning,Mobile,India,Medium,2026-07-16
103893,New,Mobile,India,Medium,2026-08-22
103894,Returning,Mobile,India,Low,2026-07-17
103895,Returning,Mobile,India,Medium,2026-05-05
103896,Returning,Mobile,India,High,2026-08-08
103897,Returning,Mobile,India,Low,2026-03-07
103898,New,Mobile,United States,Low,2026-06-23
103899,Returning,Mobile,United Kingdom,Medium,2026-05-31
103900,New,Mobile,India,High,2026-08-16
103901,Returning,Desktop,India,High,2026-07-19
103902,New,Mobile,India,High,2026-07-26
103903,Returning,Mobile,India,Low,2026-05-05
103904,Returning,Mobile,United States,Low,2026-06-30
103905,Returning,Mobile,India,Low,2026-04-26
103906,Returning,Mobile,India,Medium,2026-04-01
103907,Returning,Desktop,India,Low,2026-07-05
103908,Returning,Mobile,India,Low,2026-03-15
103909,Returning,Desktop,United States,Medium,2026-05-17
103910,New,Mobile,India,High,2026-08-07
103911,New,Mobile,United Kingdom,Low,2026-03-07
103912,Returning,Desktop,United Kingdom,Low,2026-03-17
103913,Returning,Mobile,India,Medium,2026-05-17
103914,Returning,Mobile,India,Medium,2026-08-26
103915,Returning,Mobile,United Kingdom,Low,2026-05-16
103916,Returning,Mobile,India,Low,2026-07-19
103917,Returning,Mobile,India,Medium,2026-03-30
103918,Returning,Mobile,United Kingdom,Medium,2026-05-08
103919,Returning,Desktop,Canada,Low,2026-03-12
103920,New,Desktop,India,Medium,2026-03-09
103921,New,Mobile,United Kingdom,Medium,2026-04-03
103922,Returning,Desktop,India,Low,2026-08-07
103923,Returning,Mobile,India,Medium,2026-05-11
103924,Returning,Desktop,India,Medium,2026-08-06
103925,Returning,Mobile,India,Low,2026-03-24
103926,Returning,Mobile,United States,Medium,2026-05-02
103927,Returning,Mobile,India,Low,2026-07-15
103928,Returning,Desktop,India,Medium,2026-04-11
103929,Returning,Mobile,Canada,Low,2026-07-30
103930,Returning,Mobile,Australia,Low,2026-05-17
103931,New,Mobile,India,Low,2026-06-13
103932,Returning,Desktop,India,Medium,2026-07-11
103933,Returning,Desktop,India,Low,2026-08-16
103934,Returning,Desktop,India,Low,2026-04-07
103935,Returning,Desktop,India,Low,2026-03-05
103936,Returning,Desktop,United States,Medium,2026-08-11
103937,Returning,Desktop,India,Low,2026-08-17
103938,Returning,Mobile,India,Low,2026-04-04
103939,New,Desktop,India,Low,2026-05-22
103940,New,Mobile,India,Low,2026-05-12
103941,Returning,Mobile,India,Medium,2026-07-16
103942,Returning,Desktop,India,Medium,2026-07-13
103943,New,Mobile,United Kingdom,Low,2026-03-06
103944,Returning,Mobile,India,Medium,2026-08-10
103945,Returning,Mobile,Canada,Low,2026-03-22
103946,Returning,Mobile,Canada,High,2026-07-30
103947,Returning,Desktop,India,Low,2026-05-11
103948,Returning,Mobile,Canada,High,2026-05-20
103949,New,Mobile,India,High,2026-08-29
103950,New,Mobile,India,Low,2026-05-29
103951,Returning,Mobile,India,High,2026-07-25
103952,New,Mobile,India,High,2026-08-08
103953,Returning,Mobile,India,High,2026-04-19
103954,New,Mobile,Australia,Medium,2026-05-04
103955,New,Mobile,India,Low,2026-06-21
103956,New,Mobile,India,Medium,2026-08-07
103957,Returning,Mobile,India,Medium,2026-06-15
103958,Returning,Mobile,Australia,High,2026-07-17
103959,Returning,Desktop,India,Medium,2026-08-08
103960,Returning,Mobile,India,Medium,2026-06-12
103961,Returning,Mobile,India,Medium,2026-05-28
103962,New,Desktop,India,Medium,2026-06-28
103963,Returning,Mobile,India,Medium,2026-08-11
103964,Returning,Desktop,Canada,Medium,2026-07-23
103965,Returning,Mobile,India,Low,2026-08-22
103966,Returning,Mobile,India,High,2026-08-23
103967,New,Mobile,India,Medium,2026-07-25
103968,New,Mobile,India,Low,2026-03-15
103969,Returning,Mobile,United Kingdom,Low,2026-07-08
103970,Returning,Mobile,Australia,Low,2026-06-14
103971,New,Mobile,India,Medium,2026-04-24
103972,Returning,Desktop,Canada,High,2026-08-05
103973,Returning,Mobile,India,Low,2026-08-09
103974,Returning,Mobile,India,Medium,2026-07-21
103975,Returning,Mobile,India,Medium,2026-06-13
103976,New,Mobile,India,Medium,2026-08-30
103977,New,Desktop,India,Medium,2026-08-06
103978,New,Mobile,India,Low,2026-04-23
103979,Returning,Mobile,India,Low,2026-05-17
103980,Returning,Mobile,India,Medium,2026-07-01
103981,New,Mobile,India,Low,2026-08-07
103982,Returning,Mobile,India,Low,2026-05-13
103983,Returning,Desktop,Australia,High,2026-07-24
103984,Returning,Mobile,India,High,2026-08-09
103985,Returning,Desktop,United Kingdom,High,2026-06-29
103986,New,Desktop,India,High,2026-07-22
103987,Returning,Mobile,Australia,Low,2026-03-24
103988,Returning,Mobile,India,Medium,2026-06-09
103989,Returning,Mobile,Australia,Medium,2026-08-27
103990,Returning,Mobile,India,Low,2026-06-16
103991,Returning,Mobile,Canada,Low,2026-08-19
103992,New,Mobile,India,High,2026-04-17
103993,Returning,Mobile,Canada,Low,2026-06-13
103994,Returning,Desktop,India,Low,2026-08-25
103995,Returning,Mobile,India,Medium,2026-08-09
103996,Returning,Desktop,India,Medium,2026-08-17
103997,Returning,Mobile,India,Low,2026-07-29
103998,New,Mobile,India,High,2026-04-22
103999,Returning,Mobile,India,Medium,2026-07-28
104000,Returning,Mobile,India,Low,2026-05-27
104001,Returning,Mobile,India,Medium,2026-03-27
104002,New,Mobile,India,Medium,2026-08-12
104003,Returning,Mobile,United Kingdom,Medium,2026-06-10
104004,Returning,Desktop,United States,Low,2026-08-23
104005,Returning,Desktop,India,Medium,2026-05-22
104006,Returning,Desktop,Australia,Low,2026-03-16
104007,New,Mobile,India,High,2026-05-17
104008,Returning,Mobile,United States,Low,2026-03-22
104009,Returning,Desktop,India,High,2026-04-17
104010,Returning,Mobile,India,Low,2026-06-21
104011,New,Mobile,India,Low,2026-08-21
104012,New,Mobile,India,Low,2026-08-16
104013,Returning,Desktop,United States,Medium,2026-05-03
104014,Returning,Desktop,India,Medium,2026-05-28
104015,Returning,Desktop,India,Medium,2026-04-24
104016,New,Mobile,India,High,2026-05-05
104017,Returning,Mobile,India,High,2026-05-12
104018,Returning,Mobile,India,Medium,2026-04-03
104019,New,Desktop,India,Low,2026-03-26
104020,New,Desktop,United States,Low,2026-08-17
104021,Returning,Desktop,Australia,Medium,2026-08-24
104022,New,Mobile,Canada,Medium,2026-06-04
104023,Returning,Mobile,United Kingdom,High,2026-04-19
104024,New,Desktop,India,Low,2026-06-21
104025,Returning,Mobile,India,High,2026-08-08
104026,Returning,Mobile,Canada,Medium,2026-07-02
104027,New,Mobile,India,Low,2026-06-07
104028,Returning,Desktop,India,Medium,2026-04-08
104029,Returning,Mobile,India,Medium,2026-06-10
104030,New,Mobile,India,Low,2026-05-03
104031,Returning,Desktop,United Kingdom,Medium,2026-03-10
104032,Returning,Desktop,India,Medium,2026-08-10
104033,New,Desktop,India,High,2026-06-22
104034,Returning,Mobile,India,Low,2026-04-28
104035,Returning,Desktop,India,Medium,2026-08-11
104036,Returning,Desktop,United States,Medium,2026-03-22
104037,Returning,Mobile,India,Low,2026-04-06
104038,Returning,Mobile,United States,Low,2026-07-04
104039,New,Mobile,India,Medium,2026-07-07
104040,Returning,Mobile,India,Medium,2026-08-17
104041,New,Desktop,India,High,2026-03-29
104042,Returning,Mobile,United States,High,2026-04-04
104043,New,Mobile,India,Low,2026-04-06
104044,Returning,Mobile,Australia,Low,2026-08-23
104045,Returning,Mobile,India,High,2026-06-20
104046,Returning,Desktop,India,Medium,2026-03-15
104047,Returning,Desktop,India,Medium,2026-08-10
104048,Returning,Desktop,India,Medium,2026-08-11
104049,Returning,Mobile,United Kingdom,Medium,2026-03-09
104050,Returning,Mobile,India,High,2026-04-19
104051,Returning,Desktop,India,High,2026-05-20
104052,Returning,Desktop,India,Low,2026-03-23
104053,New,Mobile,United Kingdom,Medium,2026-08-03
104054,Returning,Desktop,India,Medium,2026-05-14
104055,New,Mobile,India,High,2026-08-11
104056,New,Mobile,India,Medium,2026-05-16
104057,New,Mobile,United Kingdom,Low,2026-04-21
104058,Returning,Mobile,India,Low,2026-04-16
104059,Returning,Desktop,Australia,Medium,2026-04-16
104060,Returning,Mobile,India,Low,2026-08-10
104061,New,Desktop,India,High,2026-04-27
104062,New,Mobile,India,Low,2026-05-23
104063,New,Desktop,India,Low,2026-05-23
104064,Returning,Mobile,India,Low,2026-07-14
104065,Returning,Desktop,India,High,2026-05-14
104066,New,Desktop,India,Medium,2026-04-02
104067,Returning,Desktop,India,Low,2026-05-14
104068,Returning,Mobile,United States,Medium,2026-04-01
104069,New,Mobile,India,Medium,2026-06-29
104070,Returning,Mobile,India,Medium,2026-08-13
104071,New,Mobile,United Kingdom,Medium,2026-07-16
104072,Returning,Mobile,United Kingdom,Medium,2026-03-29
104073,Returning,Desktop,India,Low,2026-03-10
104074,New,Desktop,Australia,Low,2026-06-09
104075,Returning,Mobile,Canada,Low,2026-03-31
104076,Returning,Desktop,Australia,Medium,2026-06-03
104077,New,Desktop,India,Low,2026-05-01
104078,Returning,Mobile,India,High,2026-03-19
104079,Returning,Mobile,India,Low,2026-06-16
104080,Returning,Mobile,India,Medium,2026-06-07
104081,New,Mobile,India,Medium,2026-03-25
104082,Returning,Mobile,India,Low,2026-07-18
104083,Returning,Mobile,Australia,Low,2026-03-15
104084,Returning,Desktop,India,Medium,2026-03-19
104085,Returning,Desktop,India,High,2026-05-09
104086,Returning,Desktop,India,Medium,2026-07-22
104087,Returning,Desktop,India,High,2026-05-27
104088,New,Desktop,India,Medium,2026-04-02
104089,New,Mobile,India,Medium,2026-03-27
104090,New,Desktop,India,Low,2026-04-03
104091,New,Mobile,United Kingdom,Low,2026-07-12
104092,Returning,Mobile,India,High,2026-06-29
104093,New,Mobile,India,Low,2026-05-28
104094,Returning,Mobile,India,Low,2026-03-25
104095,Returning,Mobile,Australia,Medium,2026-06-13
104096,Returning,Mobile,United Kingdom,Medium,2026-06-20
104097,New,Desktop,India,Low,2026-05-22
104098,Returning,Mobile,India,Low,2026-05-17
104099,Returning,Desktop,India,High,2026-03-10
104100,Returning,Desktop,India,Medium,2026-07-03
104101,Returning,Mobile,India,High,2026-05-13
104102,New,Mobile,India,Medium,2026-07-26
104103,New,Mobile,India,High,2026-07-23
104104,Returning,Desktop,United Kingdom,Low,2026-03-25
104105,Returning,Mobile,India,Low,2026-07-18
104106,New,Mobile,India,Medium,2026-03-15
104107,Returning,Mobile,India,Medium,2026-06-15
104108,Returning,Mobile,United Kingdom,Medium,2026-08-26
104109,New,Mobile,India,Low,2026-05-20
104110,New,Mobile,India,Low,2026-03-25
104111,Returning,Mobile,India,High,2026-06-23
104112,New,Mobile,India,Low,2026-05-30
104113,Returning,Mobile,India,Low,2026-08-11
104114,Returning,Desktop,India,Low,2026-06-09
104115,Returning,Mobile,Canada,Medium,2026-04-30
104116,Returning,Mobile,India,Low,2026-05-31
104117,Returning,Mobile,India,Medium,2026-04-10
104118,Returning,Mobile,Australia,Low,2026-03-29
104119,New,Mobile,India,Medium,2026-06-15
104120,Returning,Mobile,India,High,2026-07-09
104121,Returning,Mobile,India,Medium,2026-07-06
104122,Returning,Mobile,India,Low,2026-03-19
104123,New,Desktop,United Kingdom,Low,2026-07-20
104124,New,Desktop,India,Medium,2026-08-31
104125,New,Mobile,India,Medium,2026-03-14
104126,New,Mobile,India,Medium,2026-04-15
104127,Returning,Mobile,India,Medium,2026-06-22
104128,Returning,Mobile,India,Medium,2026-03-08
104129,Returning,Desktop,India,High,2026-04-08
104130,Returning,Desktop,India,Medium,2026-03-16
104131,New,Mobile,United Kingdom,High,2026-03-31
104132,Returning,Mobile,India,Medium,2026-04-10
104133,Returning,Mobile,India,High,2026-04-29
104134,Returning,Mobile,India,Medium,2026-08-21
104135,Returning,Mobile,India,High,2026-04-17
104136,Returning,Mobile,India,Medium,2026-05-27
104137,Returning,Mobile,India,Medium,2026-07-10
104138,New,Desktop,India,Medium,2026-05-29
104139,Returning,Mobile,India,Medium,2026-07-05
104140,New,Mobile,India,Medium,2026-03-31
104141,New,Desktop,United Kingdom,High,2026-08-30
104142,New,Mobile,India,Medium,2026-05-20
104143,New,Mobile,India,Low,2026-04-27
104144,New,Desktop,India,Medium,2026-04-04
104145,Returning,Mobile,India,Low,2026-03-11
104146,New,Desktop,United Kingdom,Low,2026-03-09
104147,Returning,Mobile,Australia,Low,2026-03-31
104148,Returning,Mobile,Australia,High,2026-08-03
104149,Returning,Desktop,India,High,2026-08-05
104150,Returning,Mobile,India,Medium,2026-03-11
104151,New,Mobile,India,Low,2026-04-08
104152,Returning,Mobile,India,Low,2026-08-01
104153,Returning,Mobile,United States,Medium,2026-08-04
104154,Returning,Mobile,India,Low,2026-04-02
104155,Returning,Mobile,India,Low,2026-04-07
104156,New,Desktop,India,Low,2026-08-16
104157,Returning,Mobile,India,High,2026-04-30
104158,Returning,Mobile,United Kingdom,High,2026-05-01
104159,Returning,Desktop,India,Medium,2026-03-13
104160,Returning,Mobile,India,Low,2026-05-10
104161,Returning,Desktop,India,Low,2026-06-02
104162,Returning,Mobile,India,Medium,2026-06-02
104163,Returning,Mobile,India,High,2026-04-26
104164,Returning,Mobile,India,High,2026-08-22
104165,Returning,Desktop,India,High,2026-04-30
104166,Returning,Desktop,India,Low,2026-04-22
104167,Returning,Mobile,India,Medium,2026-04-04
104168,Returning,Mobile,India,Low,2026-05-17
104169,Returning,Mobile,India,Low,2026-04-20
104170,Returning,Mobile,India,Low,2026-04-10
104171,Returning,Mobile,Australia,High,2026-05-12
104172,New,Desktop,United States,Low,2026-06-24
104173,New,Desktop,India,Low,2026-05-11
104174,Returning,Mobile,India,Low,2026-06-25
104175,Returning,Mobile,United Kingdom,Medium,2026-03-27
104176,Returning,Mobile,India,Low,2026-03-08
104177,New,Mobile,India,Low,2026-04-09
104178,Returning,Desktop,India,Medium,2026-05-18
104179,Returning,Mobile,India,Low,2026-07-03
104180,Returning,Mobile,India,Medium,2026-08-09
104181,Returning,Desktop,United States,Low,2026-07-29
104182,New,Desktop,Canada,Medium,2026-08-12
104183,Returning,Mobile,United Kingdom,Medium,2026-05-09
104184,Returning,Mobile,India,High,2026-06-18
104185,Returning,Desktop,India,Medium,2026-08-24
104186,New,Mobile,India,High,2026-04-21
104187,Returning,Mobile,United States,High,2026-03-26
104188,Returning,Desktop,India,Low,2026-05-16
104189,Returning,Mobile,India,Medium,2026-03-14
104190,Returning,Mobile,India,High,2026-03-24
104191,Returning,Desktop,India,Medium,2026-07-17
104192,Returning,Mobile,India,High,2026-03-12
104193,New,Mobile,India,Medium,2026-06-21
104194,Returning,Desktop,India,Medium,2026-04-23
104195,New,Mobile,United States,Medium,2026-05-28
104196,Returning,Desktop,India,Medium,2026-04-10
104197,Returning,Mobile,India,High,2026-03-29
104198,Returning,Mobile,India,Low,2026-07-13
104199,New,Desktop,India,Medium,2026-08-07
104200,Returning,Mobile,India,Medium,2026-05-13
104201,Returning,Desktop,United States,Medium,2026-06-18
104202,Returning,Desktop,United States,High,2026-07-28
104203,Returning,Mobile,Australia,Low,2026-06-25
104204,Returning,Desktop,United States,Medium,2026-09-01
104205,Returning,Desktop,United States,Medium,2026-05-22
104206,Returning,Desktop,India,Low,2026-04-22
104207,New,Mobile,India,High,2026-08-02
104208,New,Desktop,United States,Low,2026-06-19
104209,Returning,Mobile,India,Medium,2026-08-20
104210,Returning,Mobile,India,High,2026-07-02
104211,Returning,Desktop,India,High,2026-08-15
104212,Returning,Mobile,India,Low,2026-03-10
104213,Returning,Desktop,India,Medium,2026-03-24
104214,Returning,Mobile,India,Medium,2026-07-20
104215,New,Desktop,India,High,2026-04-05
104216,New,Desktop,India,Medium,2026-03-25
104217,Returning,Desktop,United Kingdom,Low,2026-06-15
104218,Returning,Desktop,United Kingdom,Low,2026-03-28
104219,New,Desktop,United States,High,2026-05-07
104220,Returning,Mobile,India,Medium,2026-06-30
104221,Returning,Mobile,India,Low,2026-03-31
104222,Returning,Desktop,India,Low,2026-05-30
104223,Returning,Mobile,Australia,Medium,2026-08-11
104224,Returning,Mobile,United States,High,2026-03-24
104225,Returning,Mobile,Canada,Medium,2026-03-19
104226,Returning,Desktop,India,Medium,2026-04-29
104227,New,Desktop,United States,Low,2026-07-19
104228,New,Desktop,India,Medium,2026-07-21
104229,Returning,Mobile,United States,Low,2026-06-20
104230,Returning,Mobile,India,Medium,2026-07-06
104231,New,Desktop,India,Medium,2026-04-27
104232,Returning,Mobile,United Kingdom,Low,2026-06-19
104233,Returning,Mobile,India,High,2026-05-15
104234,Returning,Mobile,India,High,2026-07-26
104235,New,Mobile,India,Low,2026-03-12
104236,Returning,Mobile,India,Medium,2026-06-02
104237,New,Mobile,India,Medium,2026-04-21
104238,New,Mobile,United Kingdom,Medium,2026-04-04
104239,New,Mobile,India,Medium,2026-05-22
104240,Returning,Mobile,United Kingdom,Medium,2026-06-07
104241,Returning,Mobile,India,Low,2026-03-25
104242,Returning,Desktop,India,Low,2026-08-01
104243,Returning,Mobile,Australia,Medium,2026-07-01
104244,Returning,Mobile,India,High,2026-03-05
104245,Returning,Desktop,Australia,Medium,2026-06-07
104246,Returning,Mobile,India,Low,2026-08-15
104247,Returning,Mobile,India,Medium,2026-08-03
104248,New,Mobile,India,Low,2026-03-12
104249,Returning,Mobile,India,Low,2026-04-19
104250,New,Mobile,Australia,Low,2026-04-25
104251,Returning,Mobile,Canada,Medium,2026-08-05
104252,Returning,Mobile,Australia,Medium,2026-08-02
104253,New,Mobile,India,Medium,2026-06-06
104254,Returning,Mobile,India,High,2026-08-12
104255,Returning,Desktop,India,Low,2026-04-16
104256,Returning,Mobile,India,Low,2026-06-19
104257,Returning,Mobile,India,High,2026-07-16
104258,New,Mobile,United States,Medium,2026-03-20
104259,New,Mobile,India,Low,2026-04-22
104260,Returning,Desktop,India,Low,2026-03-29
104261,Returning,Mobile,India,Medium,2026-04-06
104262,Returning,Mobile,India,Medium,2026-05-23
104263,Returning,Mobile,United Kingdom,Medium,2026-07-01
104264,Returning,Desktop,Canada,High,2026-05-05
104265,Returning,Desktop,Canada,Low,2026-08-14
104266,New,Mobile,India,Low,2026-05-01
104267,New,Desktop,India,High,2026-03-18
104268,New,Mobile,India,Low,2026-04-15
104269,Returning,Mobile,Australia,Medium,2026-04-18
104270,Returning,Mobile,Australia,Medium,2026-08-24
104271,New,Mobile,United States,Medium,2026-04-04
104272,Returning,Desktop,India,Medium,2026-08-19
104273,New,Mobile,India,High,2026-07-18
104274,Returning,Mobile,India,Medium,2026-03-11
104275,Returning,Desktop,India,Medium,2026-05-15
104276,New,Mobile,India,Medium,2026-07-07
104277,Returning,Desktop,India,High,2026-07-24
104278,New,Desktop,India,Low,2026-06-21
104279,Returning,Mobile,India,Low,2026-06-26
104280,Returning,Mobile,India,Low,2026-06-01
104281,Returning,Mobile,India,Low,2026-06-25
104282,New,Mobile,India,Medium,2026-06-06
104283,Returning,Mobile,Australia,Low,2026-06-30
104284,Returning,Mobile,India,Low,2026-06-12
104285,Returning,Mobile,India,High,2026-03-16
104286,Returning,Desktop,Australia,Low,2026-07-03
104287,New,Mobile,United Kingdom,Medium,2026-07-21
104288,Returning,Mobile,Australia,Low,2026-06-29
104289,Returning,Mobile,India,Low,2026-07-04
104290,New,Desktop,United Kingdom,Low,2026-05-24
104291,Returning,Mobile,India,Medium,2026-04-23
104292,New,Mobile,United States,Medium,2026-06-24
104293,Returning,Desktop,India,High,2026-08-09
104294,Returning,Desktop,United Kingdom,Medium,2026-07-01
104295,Returning,Mobile,India,Medium,2026-07-28
104296,Returning,Desktop,India,High,2026-08-13
104297,Returning,Mobile,United Kingdom,High,2026-08-25
104298,New,Mobile,India,Low,2026-09-01
104299,New,Mobile,United Kingdom,Low,2026-04-29
104300,Returning,Mobile,Australia,Low,2026-03-27
104301,Returning,Desktop,India,Low,2026-06-16
104302,New,Mobile,India,Low,2026-05-11
104303,Returning,Mobile,India,Low,2026-07-16
104304,Returning,Desktop,India,Low,2026-05-10
104305,Returning,Desktop,United Kingdom,High,2026-09-01
104306,New,Desktop,India,Medium,2026-05-11
104307,New,Mobile,India,Medium,2026-06-25
104308,Returning,Mobile,India,Medium,2026-04-24
104309,Returning,Mobile,India,Medium,2026-04-17
104310,Returning,Mobile,India,Low,2026-03-29
104311,Returning,Mobile,United Kingdom,Medium,2026-04-04
104312,Returning,Desktop,Canada,Low,2026-05-03
104313,New,Mobile,Australia,Low,2026-08-28
104314,Returning,Mobile,India,Low,2026-03-06
104315,Returning,Mobile,United States,Medium,2026-06-10
104316,New,Mobile,India,Low,2026-03-09
104317,Returning,Mobile,India,Low,2026-04-16
104318,Returning,Desktop,India,High,2026-08-24
104319,New,Desktop,India,Medium,2026-07-02
104320,Returning,Desktop,Australia,Medium,2026-05-15
104321,Returning,Mobile,United Kingdom,Medium,2026-07-05
104322,Returning,Desktop,India,Medium,2026-07-14
104323,Returning,Desktop,India,High,2026-06-25
104324,Returning,Desktop,India,High,2026-06-15
104325,Returning,Mobile,United States,Low,2026-05-14
104326,Returning,Mobile,India,Low,2026-03-11
104327,Returning,Desktop,India,Low,2026-07-22
104328,New,Desktop,India,Medium,2026-06-06
104329,Returning,Mobile,Australia,Low,2026-04-11
104330,New,Desktop,India,Low,2026-04-30
104331,Returning,Desktop,India,Medium,2026-03-12
104332,Returning,Desktop,United Kingdom,High,2026-05-02
104333,Returning,Desktop,India,Low,2026-07-27
104334,Returning,Mobile,India,Medium,2026-08-24
104335,New,Desktop,India,Low,2026-08-19
104336,Returning,Mobile,India,Low,2026-04-09
104337,New,Mobile,Canada,Medium,2026-03-28
104338,Returning,Desktop,Australia,High,2026-08-12
104339,Returning,Desktop,India,Low,2026-05-13
104340,New,Mobile,India,Medium,2026-08-23
104341,Returning,Desktop,India,High,2026-04-19
104342,New,Mobile,India,High,2026-06-07
104343,Returning,Desktop,India,Low,2026-03-06
104344,Returning,Desktop,India,Medium,2026-07-01
104345,Returning,Mobile,India,High,2026-04-02
104346,Returning,Mobile,United Kingdom,Low,2026-03-05
104347,Returning,Mobile,India,Low,2026-04-29
104348,Returning,Mobile,India,Low,2026-06-16
104349,Returning,Desktop,India,Medium,2026-04-23
104350,Returning,Mobile,Australia,Low,2026-08-14
104351,Returning,Mobile,India,Low,2026-07-11
104352,Returning,Desktop,United States,Medium,2026-08-02
104353,Returning,Desktop,Canada,High,2026-07-28
104354,Returning,Desktop,United States,Medium,2026-08-29
104355,Returning,Mobile,India,High,2026-06-12
104356,Returning,Mobile,India,Medium,2026-04-09
104357,Returning,Mobile,India,High,2026-08-07
104358,New,Desktop,India,Medium,2026-07-29
104359,Returning,Desktop,United Kingdom,Medium,2026-05-07
104360,Returning,Mobile,India,Medium,2026-08-27
104361,New,Mobile,India,Medium,2026-08-18
104362,Returning,Mobile,India,Low,2026-07-05
104363,New,Desktop,India,Low,2026-08-14
104364,Returning,Mobile,Australia,Medium,2026-08-13
104365,Returning,Mobile,India,Low,2026-06-12
104366,Returning,Desktop,India,Medium,2026-03-25
104367,Returning,Desktop,India,High,2026-07-17
104368,Returning,Mobile,Canada,High,2026-08-09
104369,Returning,Desktop,India,Medium,2026-04-28
104370,Returning,Mobile,India,High,2026-03-15
104371,Returning,Mobile,India,High,2026-04-02
104372,Returning,Mobile,India,Low,2026-03-19
104373,Returning,Desktop,United Kingdom,Low,2026-04-23
104374,Returning,Desktop,India,Low,2026-05-18
104375,Returning,Desktop,India,Medium,2026-08-06
104376,Returning,Mobile,India,Medium,2026-06-13
104377,Returning,Mobile,India,Medium,2026-08-11
104378,Returning,Mobile,India,Low,2026-07-31
104379,Returning,Mobile,Canada,Medium,2026-05-19
104380,Returning,Mobile,United Kingdom,Low,2026-07-27
104381,Returning,Mobile,India,Medium,2026-05-06
104382,Returning,Mobile,India,Low,2026-07-08
104383,New,Desktop,India,Medium,2026-08-02
104384,Returning,Mobile,United Kingdom,Medium,2026-03-20
104385,Returning,Mobile,India,Medium,2026-03-10
104386,Returning,Desktop,United States,Low,2026-03-10
104387,Returning,Mobile,India,Medium,2026-08-31
104388,New,Desktop,Canada,High,2026-03-19
104389,Returning,Mobile,India,Medium,2026-06-14
104390,Returning,Desktop,India,Medium,2026-08-29
104391,New,Mobile,India,Medium,2026-06-12
104392,New,Desktop,India,Medium,2026-03-05
104393,Returning,Desktop,India,High,2026-03-19
104394,Returning,Desktop,India,High,2026-07-26
104395,Returning,Mobile,India,High,2026-08-10
104396,New,Desktop,United Kingdom,High,2026-05-10
104397,New,Desktop,India,Low,2026-03-29
104398,New,Desktop,United Kingdom,Medium,2026-05-06
104399,New,Desktop,India,Low,2026-06-13
104400,Returning,Mobile,India,Medium,2026-07-29
104401,Returning,Desktop,India,Low,2026-07-23
104402,New,Desktop,India,Low,2026-04-26
104403,Returning,Desktop,United States,Medium,2026-04-10
104404,Returning,Mobile,India,High,2026-06-04
104405,Returning,Mobile,Australia,Medium,2026-06-02
104406,Returning,Mobile,United Kingdom,Low,2026-08-14
104407,Returning,Desktop,India,Medium,2026-06-25
104408,Returning,Mobile,India,Low,2026-03-26
104409,New,Desktop,United States,Low,2026-05-28
104410,Returning,Desktop,India,Low,2026-07-02
104411,Returning,Desktop,India,Low,2026-08-25
104412,New,Mobile,Australia,Low,2026-06-25
104413,New,Desktop,India,Low,2026-06-06
104414,Returning,Desktop,India,High,2026-06-03
104415,Returning,Mobile,India,Medium,2026-07-14
104416,New,Mobile,India,Medium,2026-07-14
104417,Returning,Desktop,India,Medium,2026-05-11
104418,Returning,Desktop,India,Medium,2026-06-30
104419,Returning,Desktop,India,Medium,2026-05-14
104420,Returning,Mobile,India,High,2026-04-19
104421,New,Mobile,United States,Low,2026-04-17
104422,New,Desktop,United States,High,2026-08-14
104423,Returning,Mobile,United Kingdom,High,2026-06-19
104424,New,Mobile,India,Low,2026-06-15
104425,Returning,Mobile,India,High,2026-03-10
104426,New,Mobile,India,Medium,2026-08-12
104427,Returning,Desktop,India,High,2026-06-09
104428,New,Desktop,United States,Medium,2026-04-05
104429,Returning,Mobile,United States,Low,2026-03-09
104430,Returning,Mobile,India,High,2026-06-11
104431,Returning,Mobile,India,Low,2026-08-06
104432,Returning,Desktop,India,Low,2026-07-24
104433,Returning,Mobile,India,Medium,2026-07-22
104434,Returning,Mobile,United Kingdom,Low,2026-05-11
104435,Returning,Mobile,India,High,2026-07-01
104436,Returning,Desktop,India,Low,2026-05-24
104437,Returning,Mobile,Canada,Medium,2026-08-14
104438,New,Mobile,Australia,Low,2026-03-14
104439,Returning,Mobile,India,Medium,2026-08-12
104440,New,Mobile,India,Medium,2026-03-13
104441,Returning,Desktop,India,Medium,2026-04-27
104442,Returning,Mobile,India,Low,2026-06-06
104443,New,Desktop,India,Medium,2026-07-01
104444,New,Mobile,India,Low,2026-04-20
104445,Returning,Mobile,India,Medium,2026-03-22
104446,New,Mobile,Canada,Low,2026-07-25
104447,Returning,Mobile,India,High,2026-08-17
104448,New,Mobile,India,Medium,2026-03-18
104449,New,Mobile,United Kingdom,Medium,2026-03-14
104450,New,Desktop,India,Low,2026-04-26
104451,Returning,Mobile,India,Medium,2026-03-16
104452,New,Mobile,India,Low,2026-08-09
104453,Returning,Mobile,India,Low,2026-03-08
104454,Returning,Desktop,India,Medium,2026-05-11
104455,Returning,Mobile,United States,Medium,2026-07-21
104456,New,Mobile,India,Medium,2026-04-17
104457,Returning,Mobile,India,Medium,2026-04-15
104458,Returning,Mobile,India,High,2026-04-12
104459,Returning,Mobile,India,Medium,2026-08-21
104460,Returning,Desktop,India,Medium,2026-08-24
104461,Returning,Desktop,India,Medium,2026-04-18
104462,Returning,Mobile,United Kingdom,Medium,2026-06-05
104463,New,Mobile,India,High,2026-06-05
104464,Returning,Mobile,India,Low,2026-07-13
104465,Returning,Desktop,India,Medium,2026-08-18
104466,New,Desktop,India,High,2026-06-04
104467,New,Desktop,United Kingdom,Low,2026-04-18
104468,Returning,Mobile,India,Medium,2026-04-30
104469,Returning,Mobile,India,Low,2026-04-11
104470,Returning,Desktop,United Kingdom,Low,2026-07-04
104471,Returning,Mobile,India,Low,2026-04-15
104472,Returning,Mobile,India,High,2026-06-19
104473,Returning,Mobile,United States,Medium,2026-06-28
104474,New,Desktop,India,Low,2026-07-07
104475,Returning,Mobile,India,Low,2026-03-29
104476,Returning,Mobile,India,Medium,2026-06-06
104477,Returning,Mobile,India,Low,2026-05-23
104478,New,Desktop,India,High,2026-04-13
104479,Returning,Mobile,Australia,High,2026-08-23
104480,Returning,Mobile,India,Medium,2026-07-11
104481,Returning,Desktop,India,Low,2026-06-22
104482,New,Mobile,India,Low,2026-08-28
104483,Returning,Mobile,India,High,2026-04-19
104484,New,Mobile,India,Medium,2026-08-11
104485,Returning,Mobile,United States,Low,2026-07-17
104486,New,Desktop,United States,High,2026-06-22
104487,Returning,Mobile,Australia,Medium,2026-07-15
104488,Returning,Mobile,United Kingdom,Medium,2026-04-15
104489,Returning,Mobile,India,Low,2026-04-17
104490,Returning,Mobile,United States,Low,2026-08-11
104491,New,Mobile,United States,High,2026-08-04
104492,New,Mobile,India,Medium,2026-07-18
104493,Returning,Mobile,India,Medium,2026-07-19
104494,Returning,Mobile,Canada,Low,2026-04-02
104495,New,Mobile,United Kingdom,Low,2026-08-17
104496,New,Mobile,India,Medium,2026-06-25
104497,Returning,Desktop,India,Low,2026-05-30
104498,Returning,Mobile,India,Medium,2026-07-06
104499,Returning,Mobile,United Kingdom,Medium,2026-03-27
104500,Returning,Mobile,United States,Low,2026-05-27
104501,Returning,Mobile,India,Medium,2026-06-26
104502,Returning,Mobile,United Kingdom,Low,2026-04-19
104503,Returning,Mobile,Australia,High,2026-07-10
104504,Returning,Mobile,India,Low,2026-07-20
104505,New,Desktop,India,Low,2026-05-15
104506,Returning,Mobile,India,Low,2026-04-19
104507,Returning,Desktop,India,Medium,2026-06-06
104508,Returning,Mobile,India,Low,2026-04-04
104509,Returning,Desktop,India,Medium,2026-04-19
104510,New,Mobile,India,Medium,2026-05-18
104511,Returning,Desktop,India,Low,2026-05-21
104512,Returning,Mobile,India,Low,2026-04-04
104513,Returning,Desktop,India,Low,2026-08-10
104514,Returning,Desktop,India,Medium,2026-05-04
104515,New,Desktop,India,Low,2026-06-22
104516,New,Mobile,India,Low,2026-05-25
104517,Returning,Mobile,India,Low,2026-07-08
104518,New,Mobile,India,Low,2026-07-02
104519,New,Desktop,India,Low,2026-04-25
104520,New,Mobile,Australia,Medium,2026-03-17
104521,Returning,Desktop,India,Low,2026-05-16
104522,Returning,Desktop,Canada,Low,2026-08-10
104523,Returning,Mobile,India,High,2026-05-19
104524,Returning,Mobile,United Kingdom,Medium,2026-08-09
104525,Returning,Mobile,India,Medium,2026-06-25
104526,Returning,Mobile,India,Low,2026-05-20
104527,Returning,Mobile,India,High,2026-07-27
104528,Returning,Mobile,India,Low,2026-07-06
104529,New,Mobile,United Kingdom,Low,2026-08-13
104530,Returning,Desktop,India,Low,2026-03-22
104531,Returning,Mobile,United States,Low,2026-04-13
104532,New,Desktop,India,Medium,2026-07-06
104533,New,Mobile,United Kingdom,Medium,2026-04-16
104534,Returning,Desktop,India,Medium,2026-08-26
104535,Returning,Desktop,India,Medium,2026-07-07
104536,Returning,Mobile,India,High,2026-06-24
104537,Returning,Desktop,India,Medium,2026-08-04
104538,Returning,Desktop,India,High,2026-05-12
104539,Returning,Mobile,Australia,Medium,2026-03-28
104540,Returning,Mobile,India,High,2026-04-05
104541,Returning,Mobile,United States,Medium,2026-07-17
104542,New,Mobile,India,Medium,2026-05-24
104543,Returning,Mobile,United Kingdom,Low,2026-06-25
104544,Returning,Mobile,India,High,2026-06-11
104545,Returning,Mobile,India,Low,2026-06-25
104546,New,Mobile,India,Medium,2026-03-09
104547,New,Desktop,India,Low,2026-06-02
104548,Returning,Mobile,India,Low,2026-06-04
104549,Returning,Desktop,India,Low,2026-04-02
104550,New,Desktop,India,Low,2026-03-11
104551,New,Desktop,United States,High,2026-04-03
104552,New,Mobile,United States,Low,2026-06-16
104553,Returning,Mobile,India,Medium,2026-04-25
104554,New,Desktop,India,Medium,2026-05-19
104555,Returning,Mobile,United Kingdom,Low,2026-05-22
104556,Returning,Mobile,India,Medium,2026-05-30
104557,Returning,Desktop,India,Low,2026-05-11
104558,Returning,Mobile,India,Low,2026-08-25
104559,Returning,Desktop,India,Low,2026-04-14
104560,Returning,Mobile,India,Medium,2026-07-21
104561,Returning,Desktop,Australia,Low,2026-08-20
104562,New,Mobile,India,High,2026-03-07
104563,Returning,Desktop,India,High,2026-03-09
104564,Returning,Mobile,India,Medium,2026-07-22
104565,Returning,Desktop,India,Medium,2026-07-02
104566,Returning,Mobile,United Kingdom,Low,2026-04-29
104567,New,Mobile,India,Low,2026-08-05
104568,New,Desktop,India,Low,2026-05-17
104569,Returning,Mobile,United Kingdom,High,2026-03-23
104570,Returning,Mobile,United States,Low,2026-04-07
104571,Returning,Mobile,Canada,Low,2026-04-18
104572,Returning,Mobile,India,Low,2026-04-19
104573,Returning,Mobile,United Kingdom,Low,2026-05-31
104574,Returning,Desktop,India,Low,2026-04-05
104575,Returning,Mobile,Canada,Medium,2026-08-28
104576,Returning,Mobile,India,Low,2026-08-17
104577,Returning,Mobile,India,Low,2026-04-24
104578,New,Mobile,United Kingdom,Low,2026-08-29
104579,New,Mobile,India,Medium,2026-03-14
104580,Returning,Mobile,India,Medium,2026-07-28
104581,Returning,Desktop,United Kingdom,Low,2026-07-14
104582,Returning,Desktop,United States,Medium,2026-08-11
104583,Returning,Desktop,India,Low,2026-05-10
104584,Returning,Mobile,India,Low,2026-06-28
104585,Returning,Desktop,India,Medium,2026-06-01
104586,New,Mobile,India,Medium,2026-06-11
104587,Returning,Mobile,Australia,Low,2026-05-16
104588,Returning,Mobile,United States,Low,2026-07-26
104589,New,Mobile,United Kingdom,Low,2026-04-06
104590,Returning,Mobile,Australia,Medium,2026-07-26
104591,Returning,Mobile,India,Medium,2026-06-02
104592,Returning,Mobile,India,Low,2026-03-29
104593,New,Desktop,India,Low,2026-05-29
104594,Returning,Mobile,India,Medium,2026-03-20
104595,Returning,Mobile,India,Medium,2026-08-02
104596,Returning,Mobile,Canada,Medium,2026-08-14
104597,New,Desktop,United States,Low,2026-08-26
104598,New,Mobile,India,Medium,2026-05-02
104599,Returning,Mobile,Canada,Low,2026-08-29
104600,Returning,Mobile,India,High,2026-06-14
104601,Returning,Mobile,India,Low,2026-07-02
104602,Returning,Desktop,India,Medium,2026-06-06
104603,Returning,Desktop,India,Low,2026-08-12
104604,Returning,Mobile,India,Low,2026-03-14
104605,New,Mobile,India,Medium,2026-08-05
104606,Returning,Mobile,India,Medium,2026-06-02
104607,Returning,Mobile,India,High,2026-03-28
104608,Returning,Mobile,India,Medium,2026-08-23
104609,Returning,Mobile,United States,Low,2026-05-09
104610,New,Desktop,India,Medium,2026-08-26
104611,New,Desktop,India,Medium,2026-07-14
104612,Returning,Mobile,India,Low,2026-08-02
104613,Returning,Mobile,United States,Medium,2026-05-09
104614,New,Mobile,India,Low,2026-05-09
104615,Returning,Desktop,India,Medium,2026-05-02
104616,Returning,Mobile,India,Medium,2026-07-22
104617,Returning,Mobile,India,Medium,2026-04-28
104618,Returning,Mobile,India,Low,2026-04-02
104619,New,Mobile,India,Low,2026-04-05
104620,New,Mobile,India,Medium,2026-07-29
104621,Returning,Desktop,Canada,Low,2026-05-29
104622,Returning,Mobile,India,Low,2026-03-13
104623,Returning,Mobile,India,High,2026-04-11
104624,Returning,Desktop,India,Medium,2026-05-15
104625,New,Mobile,United States,Low,2026-06-30
104626,Returning,Mobile,Canada,High,2026-07-24
104627,Returning,Mobile,United States,High,2026-03-09
104628,Returning,Desktop,India,Medium,2026-03-28
104629,Returning,Mobile,India,Medium,2026-07-17
104630,New,Desktop,India,High,2026-04-14
104631,Returning,Desktop,India,Low,2026-06-30
104632,Returning,Desktop,India,Low,2026-08-04
104633,Returning,Mobile,India,Medium,2026-07-29
104634,Returning,Desktop,India,Low,2026-03-25
104635,Returning,Mobile,India,Medium,2026-05-06
104636,Returning,Mobile,United States,Low,2026-06-20
104637,Returning,Mobile,India,Low,2026-07-01
104638,New,Desktop,India,Low,2026-03-16
104639,New,Mobile,India,High,2026-06-07
104640,Returning,Mobile,Canada,High,2026-07-02
104641,Returning,Mobile,United States,Low,2026-04-29
104642,New,Mobile,India,Low,2026-08-14
104643,Returning,Mobile,India,Medium,2026-07-19
104644,Returning,Mobile,United States,Medium,2026-04-24
104645,Returning,Mobile,India,Medium,2026-08-09
104646,Returning,Mobile,India,Low,2026-08-31
104647,Returning,Desktop,United Kingdom,Low,2026-04-07
104648,Returning,Mobile,India,Medium,2026-03-17
104649,Returning,Desktop,India,Medium,2026-06-07
104650,Returning,Mobile,Canada,Medium,2026-08-03
104651,New,Desktop,Canada,Low,2026-03-24
104652,New,Mobile,India,Low,2026-05-03
104653,Returning,Desktop,India,Medium,2026-06-29
104654,Returning,Mobile,India,High,2026-07-18
104655,New,Desktop,India,Low,2026-08-24
104656,New,Mobile,India,High,2026-06-17
104657,New,Mobile,United States,Medium,2026-04-17
104658,Returning,Desktop,India,Medium,2026-06-26
104659,Returning,Mobile,India,Medium,2026-06-09
104660,Returning,Mobile,India,Medium,2026-03-27
104661,New,Mobile,India,Low,2026-07-28
104662,New,Desktop,United States,Low,2026-06-03
104663,Returning,Desktop,India,High,2026-07-26
104664,Returning,Desktop,India,Medium,2026-04-09
104665,New,Desktop,India,Low,2026-05-31
104666,Returning,Mobile,United States,Medium,2026-05-01
104667,Returning,Mobile,India,Low,2026-07-14
104668,New,Mobile,Australia,Medium,2026-04-13
104669,Returning,Desktop,United States,Medium,2026-08-01
104670,Returning,Mobile,India,Low,2026-08-26
104671,Returning,Mobile,India,High,2026-05-24
104672,Returning,Mobile,India,High,2026-08-30
104673,New,Mobile,India,High,2026-08-16
104674,Returning,Mobile,United Kingdom,High,2026-05-05
104675,New,Mobile,United States,Medium,2026-07-18
104676,Returning,Desktop,United States,Medium,2026-04-08
104677,Returning,Mobile,India,Medium,2026-05-16
104678,Returning,Desktop,India,Medium,2026-08-12
104679,Returning,Desktop,India,Medium,2026-05-23
104680,Returning,Mobile,United States,Low,2026-05-19
104681,Returning,Mobile,India,Medium,2026-04-12
104682,New,Mobile,United States,Low,2026-04-12
104683,New,Mobile,India,Medium,2026-08-09
104684,New,Desktop,United States,Medium,2026-04-13
104685,New,Mobile,India,Low,2026-07-31
104686,New,Mobile,United States,High,2026-05-14
104687,Returning,Mobile,India,Medium,2026-07-18
104688,New,Desktop,India,Medium,2026-03-23
104689,Returning,Mobile,India,High,2026-09-01
104690,Returning,Mobile,India,Medium,2026-08-26
104691,New,Desktop,India,Medium,2026-05-03
104692,Returning,Desktop,India,High,2026-06-18
104693,New,Mobile,India,Medium,2026-08-23
104694,New,Desktop,India,High,2026-06-11
104695,Returning,Desktop,India,Medium,2026-06-15
104696,New,Desktop,India,Medium,2026-08-26
104697,Returning,Desktop,India,Low,2026-08-16
104698,Returning,Desktop,India,Low,2026-05-26
104699,New,Desktop,India,High,2026-07-29
104700,Returning,Desktop,India,Low,2026-05-28
104701,New,Desktop,India,Low,2026-08-31
104702,Returning,Mobile,United Kingdom,Low,2026-04-23
104703,Returning,Desktop,India,Low,2026-08-04
104704,Returning,Desktop,India,Low,2026-06-13
104705,Returning,Mobile,India,Medium,2026-06-01
104706,Returning,Mobile,India,Medium,2026-07-21
104707,Returning,Mobile,United States,Medium,2026-04-17
104708,Returning,Desktop,United States,Low,2026-08-12
104709,New,Mobile,India,Low,2026-05-03
104710,Returning,Desktop,Canada,Low,2026-04-14
104711,New,Mobile,United Kingdom,Medium,2026-07-05
104712,Returning,Mobile,India,Low,2026-04-26
104713,Returning,Desktop,India,Medium,2026-04-24
104714,Returning,Desktop,United States,Low,2026-04-20
104715,New,Mobile,United Kingdom,Low,2026-05-04
104716,New,Desktop,India,Medium,2026-07-19
104717,Returning,Mobile,India,Medium,2026-06-10
104718,New,Mobile,India,Low,2026-03-29
104719,New,Mobile,India,Medium,2026-07-01
104720,Returning,Mobile,India,Medium,2026-05-04
104721,Returning,Desktop,Canada,Medium,2026-08-12
104722,Returning,Mobile,United Kingdom,Medium,2026-08-03
104723,Returning,Mobile,Canada,Low,2026-03-12
104724,Returning,Mobile,India,Low,2026-08-13
104725,Returning,Mobile,India,Medium,2026-08-11
104726,New,Mobile,India,High,2026-03-05
104727,Returning,Mobile,India,Medium,2026-08-21
104728,Returning,Mobile,India,Medium,2026-08-26
104729,Returning,Desktop,India,Low,2026-06-22
104730,Returning,Desktop,India,High,2026-07-04
104731,Returning,Desktop,India,Low,2026-06-26
104732,Returning,Desktop,Canada,Medium,2026-04-28
104733,Returning,Mobile,India,Low,2026-04-11
104734,Returning,Mobile,United Kingdom,Medium,2026-06-09
104735,New,Desktop,India,High,2026-03-05
104736,Returning,Mobile,United States,Medium,2026-03-12
104737,Returning,Mobile,India,Medium,2026-06-25
104738,Returning,Mobile,United Kingdom,Low,2026-05-11
104739,Returning,Mobile,Canada,Low,2026-06-26
104740,New,Mobile,United Kingdom,High,2026-06-15
104741,Returning,Mobile,Australia,Medium,2026-05-05
104742,Returning,Mobile,India,High,2026-07-11
104743,Returning,Desktop,Australia,Medium,2026-07-16
104744,Returning,Mobile,India,Low,2026-07-26
104745,Returning,Mobile,India,Low,2026-07-03
104746,Returning,Mobile,India,Medium,2026-07-14
104747,Returning,Desktop,India,High,2026-03-10
104748,New,Mobile,United States,High,2026-05-19
104749,New,Mobile,India,Low,2026-06-06
104750,Returning,Desktop,India,Medium,2026-04-19
104751,Returning,Desktop,India,High,2026-03-17
104752,Returning,Mobile,United Kingdom,Medium,2026-04-14
104753,Returning,Mobile,India,Medium,2026-05-01
104754,New,Mobile,India,Low,2026-06-08
104755,Returning,Desktop,Australia,Medium,2026-03-05
104756,Returning,Desktop,Australia,Medium,2026-08-02
104757,Returning,Desktop,India,High,2026-06-22
104758,Returning,Mobile,India,Medium,2026-03-06
104759,Returning,Desktop,India,Low,2026-06-14
104760,Returning,Desktop,India,Medium,2026-07-19
104761,Returning,Mobile,United Kingdom,High,2026-03-24
104762,New,Mobile,Australia,Low,2026-04-27
104763,Returning,Mobile,India,Low,2026-06-25
104764,Returning,Mobile,India,Medium,2026-06-26
104765,Returning,Desktop,India,Medium,2026-07-31
104766,Returning,Mobile,India,Medium,2026-08-01
104767,Returning,Mobile,Australia,Medium,2026-04-07
104768,New,Desktop,United Kingdom,Low,2026-07-31
104769,Returning,Desktop,India,Medium,2026-04-17
104770,New,Desktop,United States,High,2026-04-19
104771,Returning,Mobile,United States,High,2026-05-07
104772,New,Mobile,Canada,High,2026-07-20
104773,Returning,Mobile,India,Medium,2026-08-28
104774,Returning,Desktop,United States,Medium,2026-06-29
104775,Returning,Mobile,India,Low,2026-08-03
104776,New,Desktop,India,Low,2026-08-08
104777,Returning,Mobile,India,Low,2026-03-14
104778,Returning,Mobile,United States,Low,2026-06-15
104779,Returning,Desktop,India,High,2026-05-14
104780,Returning,Mobile,India,Medium,2026-04-14
104781,Returning,Mobile,India,Low,2026-04-19
104782,Returning,Mobile,United Kingdom,High,2026-08-06
104783,Returning,Desktop,Canada,Medium,2026-05-29
104784,Returning,Mobile,India,Medium,2026-06-08
104785,Returning,Mobile,India,Medium,2026-04-06
104786,New,Desktop,United States,Low,2026-03-23
104787,Returning,Mobile,India,Medium,2026-08-28
104788,Returning,Mobile,India,Medium,2026-04-23
104789,Returning,Mobile,United States,Low,2026-08-03
104790,New,Mobile,India,Medium,2026-07-01
104791,Returning,Mobile,India,Low,2026-07-03
104792,New,Mobile,India,Low,2026-04-11
104793,New,Mobile,United States,High,2026-06-15
104794,Returning,Mobile,India,Medium,2026-08-28
104795,New,Mobile,Australia,Medium,2026-04-25
104796,Returning,Desktop,Canada,Medium,2026-04-04
104797,New,Desktop,India,Medium,2026-05-14
104798,Returning,Mobile,India,Low,2026-08-26
104799,Returning,Mobile,India,High,2026-04-24
104800,New,Mobile,India,Low,2026-08-01
104801,Returning,Desktop,India,Low,2026-03-10
104802,Returning,Desktop,India,Low,2026-03-26
104803,Returning,Mobile,India,Low,2026-08-27
104804,New,Desktop,India,Low,2026-08-29
104805,Returning,Mobile,India,Low,2026-05-11
104806,New,Mobile,India,High,2026-07-15
104807,Returning,Mobile,India,Medium,2026-07-20
104808,New,Mobile,India,Low,2026-04-18
104809,Returning,Mobile,India,High,2026-08-05
104810,New,Desktop,India,Low,2026-05-12
104811,Returning,Mobile,India,Medium,2026-09-01
104812,New,Mobile,India,Medium,2026-04-02
104813,Returning,Mobile,India,High,2026-08-16
104814,New,Desktop,India,Medium,2026-07-02
104815,New,Desktop,United States,Low,2026-05-08
104816,Returning,Desktop,India,Low,2026-07-27
104817,Returning,Mobile,India,Low,2026-03-16
104818,New,Mobile,India,High,2026-08-05
104819,Returning,Desktop,India,High,2026-03-16
104820,New,Desktop,United States,High,2026-05-29
104821,Returning,Desktop,United States,High,2026-03-29
104822,New,Desktop,Australia,High,2026-05-24
104823,New,Mobile,India,Low,2026-06-03
104824,New,Desktop,India,Medium,2026-03-24
104825,Returning,Mobile,Canada,Medium,2026-05-07
104826,New,Mobile,India,High,2026-06-07
104827,Returning,Desktop,India,Low,2026-04-22
104828,Returning,Mobile,Australia,Medium,2026-06-05
104829,Returning,Mobile,Canada,Low,2026-05-09
104830,Returning,Desktop,India,Low,2026-06-28
104831,Returning,Mobile,India,High,2026-06-03
104832,Returning,Desktop,India,Medium,2026-04-07
104833,Returning,Desktop,United States,Low,2026-03-07
104834,Returning,Mobile,India,High,2026-05-02
104835,Returning,Desktop,India,Medium,2026-04-06
104836,New,Mobile,United States,Low,2026-06-30
104837,Returning,Mobile,India,Low,2026-06-23
104838,New,Mobile,Canada,Low,2026-05-07
104839,Returning,Mobile,India,High,2026-08-30
104840,Returning,Mobile,United States,Medium,2026-03-06
104841,New,Desktop,Canada,Medium,2026-03-16
104842,Returning,Mobile,United States,Low,2026-08-04
104843,Returning,Mobile,India,Low,2026-08-26
104844,Returning,Mobile,United States,High,2026-06-04
104845,Returning,Desktop,United Kingdom,Low,2026-07-12
104846,Returning,Mobile,India,Medium,2026-07-11
104847,Returning,Mobile,India,Medium,2026-04-04
104848,New,Desktop,India,High,2026-04-16
104849,Returning,Desktop,India,Medium,2026-04-15
104850,New,Desktop,India,Low,2026-09-01
104851,Returning,Desktop,United States,High,2026-03-08
104852,New,Mobile,India,Medium,2026-06-26
104853,New,Mobile,India,Low,2026-06-24
104854,Returning,Mobile,India,Low,2026-07-15
104855,Returning,Mobile,India,Low,2026-05-08
104856,Returning,Desktop,India,Low,2026-04-16
104857,Returning,Desktop,United Kingdom,Low,2026-08-20
104858,Returning,Desktop,India,Low,2026-05-16
104859,New,Mobile,Canada,Medium,2026-04-01
104860,New,Mobile,India,Medium,2026-04-23
104861,Returning,Mobile,India,Medium,2026-08-17
104862,Returning,Desktop,India,Medium,2026-07-16
104863,New,Mobile,India,Medium,2026-07-15
104864,Returning,Desktop,India,High,2026-06-01
104865,Returning,Mobile,India,Medium,2026-03-28
104866,Returning,Desktop,Canada,Medium,2026-07-04
104867,Returning,Desktop,India,Low,2026-05-14
104868,Returning,Desktop,India,Medium,2026-04-15
104869,Returning,Mobile,India,Low,2026-07-12
104870,Returning,Desktop,India,Medium,2026-07-22
104871,Returning,Desktop,India,Low,2026-05-22
104872,New,Desktop,India,Low,2026-07-10
104873,Returning,Desktop,India,High,2026-08-07
104874,New,Mobile,India,High,2026-08-08
104875,New,Mobile,Canada,Low,2026-05-22
104876,Returning,Mobile,Canada,Low,2026-03-26
104877,Returning,Mobile,United States,Low,2026-07-10
104878,Returning,Desktop,India,High,2026-05-27
104879,Returning,Desktop,India,High,2026-03-31
104880,Returning,Mobile,United Kingdom,Medium,2026-05-29
104881,Returning,Mobile,Canada,Medium,2026-07-24
104882,Returning,Desktop,India,High,2026-08-24
104883,Returning,Mobile,United Kingdom,Medium,2026-06-26
104884,New,Mobile,India,Medium,2026-07-23
104885,Returning,Mobile,India,Medium,2026-03-06
104886,Returning,Mobile,India,Low,2026-05-04
104887,Returning,Desktop,India,Medium,2026-03-12
104888,Returning,Mobile,Australia,High,2026-04-22
104889,Returning,Mobile,India,Medium,2026-07-06
104890,Returning,Desktop,India,Low,2026-05-21
104891,Returning,Mobile,United States,Low,2026-07-01
104892,Returning,Mobile,Canada,High,2026-04-13
104893,New,Mobile,United Kingdom,Low,2026-03-17
104894,New,Desktop,India,Medium,2026-06-16
104895,New,Mobile,India,High,2026-06-14
104896,Returning,Mobile,Australia,Low,2026-07-05
104897,Returning,Mobile,India,High,2026-06-08
104898,Returning,Mobile,United States,Medium,2026-04-17
104899,Returning,Desktop,India,Low,2026-03-23
104900,Returning,Mobile,United Kingdom,Low,2026-08-11
104901,Returning,Mobile,India,High,2026-04-21
104902,Returning,Mobile,India,Low,2026-06-07
104903,Returning,Desktop,United Kingdom,Medium,2026-04-29
104904,Returning,Mobile,India,High,2026-06-09
104905,Returning,Mobile,Canada,High,2026-07-28
104906,New,Mobile,India,Low,2026-05-05
104907,Returning,Desktop,India,High,2026-08-11
104908,Returning,Mobile,India,Medium,2026-06-21
104909,Returning,Mobile,India,High,2026-07-25
104910,New,Mobile,United States,Low,2026-07-30
104911,Returning,Desktop,India,Low,2026-04-11
104912,New,Desktop,India,Medium,2026-03-11
104913,New,Mobile,India,High,2026-07-11
104914,Returning,Mobile,India,Medium,2026-05-30
104915,Returning,Mobile,India,Low,2026-08-22
104916,Returning,Mobile,India,Low,2026-06-28
104917,New,Mobile,India,Low,2026-04-07
104918,Returning,Mobile,India,Medium,2026-03-20
104919,Returning,Desktop,India,High,2026-05-09
104920,Returning,Mobile,India,Medium,2026-06-22
104921,Returning,Mobile,India,Medium,2026-06-17
104922,Returning,Mobile,India,High,2026-03-27
104923,New,Desktop,United Kingdom,High,2026-07-10
104924,New,Desktop,United States,High,2026-07-26
104925,Returning,Desktop,India,Medium,2026-08-06
104926,Returning,Mobile,India,Medium,2026-03-14
104927,Returning,Desktop,Canada,High,2026-04-04
104928,Returning,Mobile,India,Medium,2026-04-19
104929,Returning,Mobile,India,Low,2026-03-06
104930,New,Desktop,India,Low,2026-04-11
104931,Returning,Mobile,India,Low,2026-03-19
104932,Returning,Mobile,India,High,2026-03-14
104933,Returning,Mobile,United Kingdom,Low,2026-07-09
104934,New,Mobile,Canada,Medium,2026-04-19
104935,New,Desktop,United States,Medium,2026-07-09
104936,New,Mobile,India,High,2026-08-03
104937,New,Desktop,India,Low,2026-05-21
104938,Returning,Desktop,United States,Medium,2026-05-21
104939,New,Mobile,Australia,Low,2026-06-11
104940,Returning,Mobile,India,Low,2026-07-25
104941,New,Mobile,India,Low,2026-08-11
104942,Returning,Mobile,India,High,2026-08-15
104943,Returning,Desktop,India,Low,2026-07-08
104944,New,Mobile,India,Low,2026-08-14
104945,New,Mobile,India,Medium,2026-06-20
104946,Returning,Mobile,India,Low,2026-04-17
104947,Returning,Desktop,Canada,High,2026-08-20
104948,Returning,Mobile,United Kingdom,Low,2026-04-11
104949,Returning,Desktop,India,Medium,2026-04-13
104950,Returning,Mobile,India,Low,2026-05-01
104951,Returning,Mobile,United States,Low,2026-04-27
104952,New,Desktop,Australia,Medium,2026-05-14
104953,New,Desktop,India,Medium,2026-03-29
104954,New,Mobile,India,High,2026-08-26
104955,New,Desktop,Canada,High,2026-05-18
104956,Returning,Mobile,India,Low,2026-04-04
104957,Returning,Mobile,India,Low,2026-08-30
104958,Returning,Mobile,India,High,2026-06-17
104959,Returning,Desktop,India,Low,2026-08-23
104960,Returning,Desktop,India,Medium,2026-04-02
104961,Returning,Desktop,India,High,2026-08-08
104962,Returning,Mobile,India,Medium,2026-07-25
104963,New,Mobile,India,High,2026-07-22
104964,Returning,Mobile,India,Low,2026-05-12
104965,Returning,Mobile,India,High,2026-04-19
104966,Returning,Desktop,United States,Low,2026-04-20
104967,Returning,Desktop,India,High,2026-03-06
104968,New,Mobile,United States,Medium,2026-08-17
104969,Returning,Mobile,India,Low,2026-05-09
104970,Returning,Mobile,United Kingdom,Medium,2026-05-31
104971,Returning,Desktop,India,Medium,2026-04-22
104972,Returning,Desktop,India,Low,2026-04-13
104973,Returning,Mobile,India,Medium,2026-05-16
104974,Returning,Mobile,United Kingdom,Low,2026-06-22
104975,Returning,Mobile,India,Low,2026-08-11
104976,New,Mobile,India,Low,2026-04-25
104977,Returning,Mobile,India,Low,2026-06-02
104978,Returning,Mobile,India,Medium,2026-06-08
104979,Returning,Desktop,Australia,Low,2026-07-20
104980,Returning,Mobile,India,Low,2026-05-02
104981,New,Desktop,India,Low,2026-04-10
104982,New,Mobile,India,Low,2026-07-03
104983,New,Mobile,United Kingdom,Low,2026-03-26
104984,Returning,Mobile,India,Medium,2026-06-29
104985,Returning,Desktop,India,High,2026-03-24
104986,Returning,Mobile,India,Medium,2026-08-05
104987,New,Mobile,United Kingdom,Low,2026-05-25
104988,Returning,Mobile,Australia,High,2026-07-01
104989,Returning,Mobile,United States,Low,2026-03-16
104990,New,Mobile,India,Low,2026-07-04
104991,Returning,Mobile,United Kingdom,Medium,2026-05-13
104992,Returning,Mobile,India,Medium,2026-05-11
104993,Returning,Desktop,India,Low,2026-07-26
104994,Returning,Mobile,United Kingdom,Medium,2026-06-05
104995,New,Mobile,India,Low,2026-08-09
104996,Returning,Mobile,India,Low,2026-06-27
104997,Returning,Desktop,India,Low,2026-06-26
104998,New,Desktop,United Kingdom,Low,2026-06-21
104999,Returning,Mobile,United Kingdom,Medium,2026-06-23
105000,Returning,Mobile,India,Medium,2026-07-05
105001,Returning,Desktop,Australia,Low,2026-06-25
105002,Returning,Mobile,India,Low,2026-03-06
105003,New,Mobile,India,Medium,2026-05-05
105004,Returning,Mobile,India,Low,2026-03-25
105005,New,Desktop,India,Medium,2026-07-16
105006,Returning,Mobile,India,Low,2026-05-17
105007,Returning,Mobile,India,Low,2026-04-19
105008,Returning,Mobile,India,Low,2026-05-01
105009,Returning,Mobile,India,Low,2026-09-01
105010,Returning,Desktop,India,Low,2026-04-05
105011,Returning,Mobile,India,Medium,2026-04-20
105012,Returning,Mobile,India,Low,2026-06-04
105013,Returning,Desktop,United States,Medium,2026-07-30
105014,Returning,Desktop,India,Medium,2026-05-03
105015,Returning,Mobile,India,Low,2026-03-27
105016,Returning,Mobile,India,Low,2026-05-20
105017,New,Mobile,India,Medium,2026-07-05
105018,Returning,Mobile,India,Low,2026-06-25
105019,Returning,Desktop,Australia,Low,2026-07-16
105020,Returning,Mobile,India,Low,2026-04-13
105021,Returning,Desktop,United Kingdom,High,2026-03-08
105022,Returning,Mobile,India,Low,2026-08-31
105023,Returning,Mobile,India,Low,2026-04-02
105024,Returning,Desktop,India,High,2026-06-05
105025,Returning,Desktop,India,Medium,2026-07-19
105026,Returning,Mobile,Canada,Low,2026-07-18
105027,New,Mobile,India,Medium,2026-06-24
105028,Returning,Mobile,India,Low,2026-07-15
105029,Returning,Mobile,India,High,2026-08-22
105030,Returning,Mobile,India,High,2026-08-05
105031,New,Desktop,India,Medium,2026-08-28
105032,Returning,Mobile,India,Medium,2026-03-06
105033,Returning,Desktop,United Kingdom,Medium,2026-06-02
105034,New,Mobile,India,Medium,2026-07-13
105035,Returning,Desktop,India,Low,2026-08-26
105036,New,Mobile,India,Low,2026-07-22
105037,Returning,Mobile,India,Low,2026-03-08
105038,Returning,Mobile,India,Low,2026-05-13
105039,Returning,Mobile,United Kingdom,High,2026-03-12
105040,Returning,Desktop,India,Medium,2026-08-02
105041,New,Desktop,United States,Low,2026-04-21
105042,New,Mobile,India,Medium,2026-07-02
105043,New,Mobile,Canada,High,2026-06-20
105044,Returning,Desktop,India,High,2026-06-13
105045,Returning,Mobile,United States,Medium,2026-08-08
105046,Returning,Desktop,India,Low,2026-05-20
105047,Returning,Desktop,India,Medium,2026-07-27
105048,Returning,Desktop,Canada,Medium,2026-03-21
105049,Returning,Mobile,United Kingdom,Medium,2026-05-22
105050,Returning,Desktop,India,Medium,2026-08-26
105051,Returning,Desktop,India,Low,2026-07-01
105052,Returning,Desktop,United Kingdom,Low,2026-05-15
105053,New,Desktop,India,Low,2026-07-31
105054,Returning,Desktop,India,Medium,2026-03-20
105055,New,Mobile,United Kingdom,Low,2026-03-15
105056,Returning,Mobile,United Kingdom,Medium,2026-07-20
105057,New,Mobile,India,Medium,2026-03-19
105058,Returning,Mobile,Australia,High,2026-04-07
105059,Returning,Mobile,India,Medium,2026-08-05
105060,Returning,Desktop,United Kingdom,Medium,2026-08-02
105061,Returning,Mobile,India,Medium,2026-05-05
105062,New,Mobile,India,Low,2026-06-09
105063,Returning,Desktop,India,Low,2026-06-06
105064,New,Mobile,India,Low,2026-08-14
105065,New,Mobile,India,Low,2026-08-06
105066,Returning,Desktop,India,Low,2026-06-24
105067,Returning,Desktop,India,Medium,2026-06-01
105068,Returning,Mobile,India,High,2026-05-22
105069,New,Desktop,India,High,2026-07-13
105070,New,Mobile,India,Low,2026-04-14
105071,Returning,Desktop,India,Low,2026-04-12
105072,Returning,Mobile,India,Medium,2026-04-24
105073,Returning,Desktop,India,Medium,2026-06-21
105074,Returning,Mobile,United Kingdom,High,2026-06-13
105075,Returning,Desktop,India,Low,2026-07-04
105076,Returning,Mobile,India,Medium,2026-03-11
105077,Returning,Mobile,India,Medium,2026-04-11
105078,New,Mobile,India,Low,2026-07-16
105079,New,Mobile,United States,Medium,2026-03-08
105080,Returning,Mobile,India,Low,2026-06-20
105081,Returning,Mobile,United Kingdom,High,2026-03-30
105082,Returning,Desktop,India,Low,2026-06-18
105083,Returning,Mobile,India,Medium,2026-05-07
105084,Returning,Mobile,India,Medium,2026-07-23
105085,New,Mobile,India,Medium,2026-03-05
105086,Returning,Mobile,India,Medium,2026-08-17
105087,Returning,Desktop,Canada,Low,2026-04-13
105088,New,Mobile,United States,High,2026-04-30
105089,Returning,Mobile,United Kingdom,Low,2026-03-08
105090,Returning,Mobile,India,High,2026-04-30
105091,New,Mobile,India,Medium,2026-03-28
105092,Returning,Desktop,India,High,2026-03-11
105093,Returning,Mobile,India,Low,2026-03-21
105094,New,Mobile,India,Medium,2026-06-23
105095,Returning,Desktop,India,Low,2026-07-23
105096,Returning,Mobile,India,High,2026-05-13
105097,Returning,Desktop,India,Low,2026-04-07
105098,Returning,Desktop,Australia,High,2026-07-23
105099,Returning,Desktop,Australia,Low,2026-08-12
105100,New,Desktop,Canada,Medium,2026-06-26
105101,New,Mobile,Australia,Medium,2026-06-30
105102,Returning,Desktop,India,High,2026-04-11
105103,New,Mobile,India,Medium,2026-05-11
105104,New,Mobile,United States,Medium,2026-07-04
105105,Returning,Mobile,India,Medium,2026-05-05
105106,Returning,Desktop,United Kingdom,Low,2026-04-27
105107,New,Mobile,India,Medium,2026-05-07
105108,Returning,Mobile,India,Low,2026-07-21
105109,New,Desktop,Australia,Medium,2026-06-04
105110,New,Mobile,India,Medium,2026-03-29
105111,Returning,Mobile,India,Low,2026-03-12
105112,Returning,Desktop,India,Low,2026-08-10
105113,Returning,Desktop,India,Medium,2026-08-05
105114,Returning,Desktop,India,High,2026-08-17
105115,Returning,Mobile,Canada,Medium,2026-06-24
105116,New,Desktop,United Kingdom,Low,2026-08-26
105117,Returning,Mobile,Australia,Medium,2026-06-25
105118,Returning,Desktop,India,Low,2026-06-02
105119,New,Desktop,United States,Medium,2026-06-15
105120,New,Mobile,India,Low,2026-07-09
105121,New,Desktop,India,High,2026-07-06
105122,Returning,Mobile,United Kingdom,Low,2026-07-24
105123,Returning,Desktop,United States,Medium,2026-08-10
105124,Returning,Desktop,India,Medium,2026-07-17
105125,Returning,Mobile,India,Medium,2026-04-14
105126,Returning,Desktop,United Kingdom,Low,2026-08-20
105127,New,Mobile,India,Low,2026-06-08
105128,New,Mobile,India,Medium,2026-03-31
105129,Returning,Mobile,India,Medium,2026-07-26
105130,New,Mobile,India,Medium,2026-06-12
105131,Returning,Mobile,India,Medium,2026-06-21
105132,New,Desktop,India,Low,2026-04-19
105133,Returning,Mobile,India,Low,2026-08-02
105134,Returning,Desktop,United States,Low,2026-07-28
105135,Returning,Mobile,United Kingdom,Medium,2026-07-02
105136,Returning,Mobile,Canada,Low,2026-06-06
105137,New,Mobile,India,High,2026-04-25
105138,Returning,Mobile,United Kingdom,Low,2026-03-13
105139,Returning,Desktop,United Kingdom,Medium,2026-08-18
105140,New,Mobile,India,High,2026-03-24
105141,New,Desktop,India,Low,2026-06-04
105142,Returning,Mobile,India,Low,2026-04-30
105143,New,Desktop,India,Medium,2026-04-02
105144,Returning,Mobile,India,Medium,2026-04-21
105145,Returning,Mobile,India,Low,2026-06-12
105146,Returning,Desktop,India,Medium,2026-03-15
105147,Returning,Mobile,India,Low,2026-07-22
105148,Returning,Mobile,India,Medium,2026-04-06
105149,New,Mobile,India,Low,2026-07-13
105150,New,Desktop,India,Low,2026-07-24
105151,Returning,Mobile,India,High,2026-03-15
105152,Returning,Mobile,India,Low,2026-03-16
105153,New,Mobile,United Kingdom,Low,2026-04-05
105154,Returning,Mobile,India,High,2026-05-26
105155,Returning,Mobile,India,Medium,2026-04-26
105156,New,Mobile,India,High,2026-05-01
105157,Returning,Desktop,India,Low,2026-05-03
105158,Returning,Mobile,India,High,2026-07-28
105159,Returning,Desktop,United States,Medium,2026-03-10
105160,New,Mobile,United States,Low,2026-05-15
105161,Returning,Mobile,India,Low,2026-08-03
105162,Returning,Mobile,India,High,2026-04-24
105163,Returning,Desktop,India,Medium,2026-06-25
105164,Returning,Mobile,India,Low,2026-05-28
105165,Returning,Mobile,India,Medium,2026-03-23
105166,Returning,Desktop,India,Low,2026-05-07
105167,New,Desktop,India,Low,2026-06-30
105168,Returning,Desktop,India,Low,2026-03-29
105169,Returning,Mobile,India,Low,2026-03-15
105170,Returning,Mobile,India,Low,2026-03-21
105171,Returning,Mobile,Australia,Medium,2026-04-08
105172,New,Desktop,India,Low,2026-05-13
105173,Returning,Desktop,India,Low,2026-03-27
105174,Returning,Mobile,India,Low,2026-08-10
105175,New,Mobile,India,Medium,2026-08-31
105176,New,Mobile,India,High,2026-07-01
105177,Returning,Mobile,United States,Medium,2026-07-22
105178,New,Mobile,India,High,2026-06-19
105179,Returning,Desktop,India,High,2026-05-01
105180,Returning,Mobile,Canada,High,2026-08-27
105181,Returning,Mobile,India,Low,2026-07-04
105182,Returning,Mobile,Australia,High,2026-03-10
105183,Returning,Mobile,India,High,2026-03-06
105184,Returning,Desktop,India,Low,2026-06-14
105185,New,Mobile,Canada,Low,2026-03-30
105186,Returning,Desktop,India,Low,2026-08-05
105187,Returning,Mobile,India,Low,2026-07-09
105188,Returning,Desktop,United States,Low,2026-06-14
105189,Returning,Desktop,India,High,2026-05-08
105190,New,Mobile,India,Low,2026-07-25
105191,Returning,Mobile,Australia,Medium,2026-08-26
105192,Returning,Mobile,India,Medium,2026-06-28
105193,New,Mobile,Australia,High,2026-03-06
105194,Returning,Desktop,United Kingdom,Medium,2026-08-03
105195,Returning,Mobile,India,Low,2026-03-13
105196,Returning,Desktop,Australia,Low,2026-08-30
105197,Returning,Desktop,India,Medium,2026-03-05
105198,Returning,Mobile,India,High,2026-05-03
105199,New,Mobile,India,High,2026-07-08
105200,Returning,Mobile,India,High,2026-05-07
105201,New,Desktop,United Kingdom,Medium,2026-08-11
105202,Returning,Desktop,India,Medium,2026-06-05
105203,Returning,Mobile,Australia,Low,2026-05-07
105204,New,Mobile,India,Medium,2026-08-22
105205,Returning,Desktop,India,Low,2026-04-15
105206,Returning,Mobile,United Kingdom,High,2026-03-23
105207,Returning,Mobile,India,Low,2026-06-15
105208,New,Desktop,Australia,Medium,2026-07-13
105209,Returning,Desktop,India,Medium,2026-06-10
105210,Returning,Mobile,India,Low,2026-04-26
105211,Returning,Desktop,India,Low,2026-06-07
105212,Returning,Mobile,United Kingdom,Medium,2026-03-14
105213,Returning,Mobile,India,High,2026-06-07
105214,Returning,Mobile,India,High,2026-04-04
105215,Returning,Mobile,Canada,Low,2026-05-01
105216,New,Mobile,India,Medium,2026-04-01
105217,Returning,Desktop,Australia,Medium,2026-05-26
105218,Returning,Mobile,India,Low,2026-03-12
105219,Returning,Mobile,India,Low,2026-07-06
105220,Returning,Desktop,India,Low,2026-03-09
105221,Returning,Desktop,United States,Medium,2026-07-05
105222,Returning,Mobile,India,Low,2026-06-10
105223,New,Mobile,India,Medium,2026-03-25
105224,Returning,Desktop,India,Medium,2026-03-06
105225,New,Desktop,India,Medium,2026-03-07
105226,New,Mobile,India,Low,2026-05-06
105227,Returning,Mobile,India,Medium,2026-04-02
105228,New,Mobile,India,High,2026-08-31
105229,Returning,Desktop,India,Medium,2026-03-22
105230,Returning,Mobile,India,Low,2026-07-31
105231,Returning,Mobile,United States,Low,2026-08-10
105232,New,Mobile,India,Low,2026-03-22
105233,Returning,Desktop,India,Low,2026-04-11
105234,New,Mobile,United Kingdom,High,2026-06-03
105235,Returning,Mobile,India,Low,2026-05-18
105236,New,Desktop,India,Medium,2026-04-13
105237,Returning,Mobile,India,Low,2026-03-09
105238,New,Desktop,United States,Medium,2026-07-29
105239,New,Desktop,India,Low,2026-05-16
105240,New,Mobile,India,High,2026-07-26
105241,New,Mobile,India,Medium,2026-07-03
105242,Returning,Mobile,India,High,2026-05-02
105243,Returning,Mobile,India,High,2026-03-18
105244,Returning,Desktop,India,Medium,2026-06-11
105245,Returning,Desktop,India,Medium,2026-03-16
105246,New,Mobile,India,High,2026-08-23
105247,New,Mobile,India,Medium,2026-07-29
105248,New,Mobile,India,Medium,2026-03-26
105249,Returning,Mobile,Australia,Low,2026-08-03
105250,Returning,Mobile,India,Low,2026-04-14
105251,Returning,Desktop,India,Low,2026-06-20
105252,New,Desktop,India,Low,2026-07-17
105253,New,Mobile,India,Low,2026-04-13
105254,New,Mobile,Canada,Low,2026-03-17
105255,New,Desktop,India,Low,2026-07-04
105256,Returning,Mobile,India,High,2026-08-18
105257,Returning,Mobile,United Kingdom,Low,2026-07-06
105258,Returning,Mobile,United States,Medium,2026-08-02
105259,Returning,Mobile,India,Low,2026-06-07
105260,Returning,Desktop,India,Low,2026-03-31
105261,Returning,Mobile,India,Low,2026-05-06
105262,New,Desktop,India,Medium,2026-05-25
105263,New,Mobile,United Kingdom,Medium,2026-03-26
105264,Returning,Mobile,India,Low,2026-07-08
105265,Returning,Mobile,United Kingdom,Low,2026-08-23
105266,New,Mobile,India,Low,2026-05-14
105267,Returning,Mobile,United States,Medium,2026-05-05
105268,New,Mobile,India,Medium,2026-06-05
105269,Returning,Mobile,India,Low,2026-03-20
105270,New,Mobile,United States,Low,2026-03-21
105271,Returning,Mobile,India,Low,2026-07-11
105272,Returning,Desktop,India,Low,2026-03-29
105273,Returning,Mobile,India,Low,2026-06-14
105274,Returning,Desktop,India,Medium,2026-04-28
105275,Returning,Mobile,India,Medium,2026-08-27
105276,Returning,Mobile,Canada,Low,2026-07-13
105277,Returning,Mobile,India,Medium,2026-03-27
105278,Returning,Mobile,India,Medium,2026-07-02
105279,Returning,Mobile,India,Low,2026-05-06
105280,Returning,Desktop,India,Medium,2026-05-10
105281,New,Mobile,Australia,Medium,2026-03-20
105282,Returning,Mobile,India,Medium,2026-04-07
105283,Returning,Mobile,India,High,2026-08-27
105284,Returning,Desktop,India,Low,2026-08-21
105285,Returning,Mobile,United States,Medium,2026-03-09
105286,Returning,Mobile,India,Medium,2026-09-01
105287,New,Mobile,India,Medium,2026-05-23
105288,New,Mobile,India,Low,2026-08-07
105289,Returning,Mobile,India,Low,2026-03-08
105290,New,Mobile,Canada,Low,2026-03-15
105291,Returning,Desktop,Australia,Medium,2026-05-02
105292,Returning,Mobile,United Kingdom,Low,2026-05-25
105293,New,Mobile,India,Low,2026-05-15
105294,New,Mobile,India,Low,2026-08-05
105295,Returning,Desktop,India,Medium,2026-08-22
105296,Returning,Mobile,India,High,2026-04-19
105297,New,Desktop,India,Medium,2026-08-10
105298,Returning,Desktop,India,Medium,2026-05-11
105299,Returning,Mobile,India,Low,2026-08-16
105300,Returning,Mobile,Canada,High,2026-05-05
105301,Returning,Mobile,India,Low,2026-08-07
105302,New,Desktop,India,Low,2026-08-06
105303,Returning,Desktop,India,Low,2026-08-15
105304,Returning,Mobile,Canada,High,2026-07-19
105305,New,Desktop,India,Low,2026-07-16
105306,Returning,Desktop,India,Medium,2026-07-12
105307,Returning,Mobile,India,Low,2026-07-21
105308,New,Desktop,India,Medium,2026-07-24
105309,Returning,Mobile,India,Low,2026-04-15
105310,Returning,Mobile,India,Low,2026-04-13
105311,Returning,Desktop,India,Low,2026-07-18
105312,New,Desktop,United States,Low,2026-05-10
105313,New,Desktop,India,High,2026-03-26
105314,Returning,Desktop,India,Low,2026-05-03
105315,Returning,Desktop,India,High,2026-04-25
105316,New,Mobile,India,Medium,2026-08-06
105317,Returning,Mobile,India,Medium,2026-05-11
105318,Returning,Mobile,Australia,Medium,2026-04-02
105319,Returning,Desktop,United States,Medium,2026-08-15
105320,Returning,Mobile,India,Medium,2026-05-18
105321,Returning,Mobile,Canada,Low,2026-04-03
105322,Returning,Mobile,India,High,2026-08-01
105323,New,Mobile,Canada,Medium,2026-04-18
105324,Returning,Mobile,India,Medium,2026-07-27
105325,New,Desktop,India,Medium,2026-08-29
105326,New,Mobile,India,Medium,2026-08-11
105327,Returning,Mobile,India,Medium,2026-07-09
105328,Returning,Mobile,India,Low,2026-08-16
105329,Returning,Mobile,India,Medium,2026-03-31
105330,New,Desktop,India,Low,2026-07-13
105331,Returning,Mobile,United States,Medium,2026-04-28
105332,Returning,Desktop,Canada,High,2026-07-22
105333,Returning,Mobile,United Kingdom,Medium,2026-06-11
105334,Returning,Mobile,India,Low,2026-08-05
105335,Returning,Mobile,India,Medium,2026-05-30
105336,Returning,Mobile,India,Low,2026-05-16
105337,New,Mobile,United States,Medium,2026-08-30
105338,Returning,Desktop,India,High,2026-07-28
105339,Returning,Mobile,India,Low,2026-06-24
105340,Returning,Mobile,India,Low,2026-05-22
105341,New,Desktop,India,Low,2026-07-17
105342,Returning,Mobile,India,Medium,2026-08-02
105343,New,Mobile,India,Medium,2026-07-25
105344,New,Mobile,Canada,Low,2026-08-18
105345,Returning,Desktop,India,High,2026-03-19
105346,Returning,Mobile,United Kingdom,Low,2026-09-01
105347,New,Desktop,India,Low,2026-06-21
105348,Returning,Desktop,India,High,2026-07-03
105349,New,Mobile,India,High,2026-05-29
105350,Returning,Mobile,United Kingdom,Medium,2026-08-14
105351,Returning,Desktop,United Kingdom,Medium,2026-08-31
105352,Returning,Desktop,Canada,Medium,2026-09-01
105353,Returning,Mobile,United Kingdom,Medium,2026-07-14
105354,New,Desktop,India,Low,2026-03-15
105355,New,Desktop,India,Low,2026-04-15
105356,Returning,Mobile,Australia,Low,2026-04-28
105357,New,Mobile,India,High,2026-05-27
105358,New,Mobile,United States,Low,2026-03-17
105359,Returning,Mobile,United Kingdom,Low,2026-03-30
105360,Returning,Mobile,United Kingdom,Low,2026-07-17
105361,New,Desktop,United States,High,2026-08-06
105362,Returning,Mobile,India,High,2026-03-23
105363,Returning,Mobile,India,Medium,2026-05-26
105364,Returning,Mobile,India,Medium,2026-08-19
105365,Returning,Mobile,Canada,Low,2026-06-27
105366,Returning,Mobile,India,High,2026-06-21
105367,Returning,Mobile,India,High,2026-06-19
105368,Returning,Mobile,Canada,Low,2026-07-14
105369,New,Mobile,India,High,2026-06-28
105370,Returning,Mobile,United Kingdom,High,2026-07-24
105371,Returning,Mobile,United States,Medium,2026-05-09
105372,Returning,Mobile,India,Low,2026-07-04
105373,Returning,Mobile,India,Medium,2026-03-29
105374,New,Desktop,India,High,2026-04-05
105375,Returning,Desktop,India,Medium,2026-05-10
105376,Returning,Desktop,Canada,Medium,2026-07-10
105377,Returning,Desktop,India,Medium,2026-05-18
105378,Returning,Mobile,United States,High,2026-07-21
105379,Returning,Mobile,Canada,High,2026-08-18
105380,New,Mobile,India,High,2026-03-18
105381,New,Desktop,India,Medium,2026-05-28
105382,Returning,Mobile,India,High,2026-05-24
105383,New,Desktop,United Kingdom,Low,2026-03-26
105384,Returning,Mobile,Canada,Low,2026-07-10
105385,Returning,Mobile,India,Low,2026-06-09
105386,Returning,Mobile,India,Medium,2026-03-09
105387,New,Desktop,India,Medium,2026-05-05
105388,Returning,Desktop,India,Medium,2026-04-14
105389,New,Desktop,Australia,Medium,2026-05-31
105390,Returning,Mobile,India,Low,2026-08-18
105391,Returning,Mobile,India,High,2026-07-27
105392,Returning,Mobile,India,Medium,2026-06-14
105393,Returning,Desktop,India,Low,2026-03-16
105394,New,Mobile,India,Low,2026-05-10
105395,Returning,Mobile,India,Medium,2026-07-13
105396,Returning,Mobile,India,High,2026-03-11
105397,Returning,Mobile,India,Medium,2026-08-31
105398,Returning,Mobile,India,Low,2026-08-13
105399,Returning,Desktop,United States,Low,2026-05-29
105400,New,Mobile,India,Medium,2026-08-27
105401,Returning,Desktop,India,Medium,2026-03-14
105402,Returning,Mobile,Canada,Medium,2026-06-15
105403,Returning,Mobile,India,Medium,2026-03-16
105404,Returning,Mobile,United States,Low,2026-05-07
105405,New,Mobile,India,Low,2026-03-10
105406,Returning,Mobile,India,High,2026-05-24
105407,Returning,Desktop,India,Low,2026-03-21
105408,Returning,Desktop,India,High,2026-04-27
105409,Returning,Mobile,India,Low,2026-04-28
105410,Returning,Desktop,India,Low,2026-04-29
105411,Returning,Mobile,India,Low,2026-05-23
105412,New,Mobile,India,Medium,2026-04-28
105413,New,Desktop,United Kingdom,Low,2026-05-14
105414,New,Desktop,India,Medium,2026-08-23
105415,Returning,Mobile,United Kingdom,Low,2026-08-24
105416,Returning,Desktop,India,Medium,2026-04-19
105417,New,Mobile,Canada,Low,2026-04-26
105418,Returning,Mobile,India,Medium,2026-07-20
105419,New,Mobile,India,High,2026-03-26
105420,Returning,Mobile,India,Low,2026-05-05
105421,Returning,Mobile,India,High,2026-08-08
105422,New,Desktop,India,Medium,2026-05-05
105423,Returning,Mobile,India,Medium,2026-05-01
105424,Returning,Desktop,India,High,2026-04-10
105425,New,Mobile,India,High,2026-05-23
105426,Returning,Desktop,India,Low,2026-07-08
105427,Returning,Mobile,India,Low,2026-06-14
105428,Returning,Desktop,United Kingdom,Low,2026-07-18
105429,New,Mobile,India,Medium,2026-05-25
105430,New,Desktop,India,Medium,2026-05-08
105431,New,Mobile,India,Low,2026-08-08
105432,New,Desktop,India,High,2026-05-13
105433,Returning,Desktop,India,Low,2026-07-06
105434,New,Mobile,India,High,2026-04-18
105435,Returning,Mobile,India,High,2026-05-14
105436,Returning,Mobile,India,High,2026-08-17
105437,New,Desktop,India,Medium,2026-06-12
105438,Returning,Desktop,United States,Low,2026-03-17
105439,Returning,Desktop,India,Medium,2026-03-24
105440,Returning,Mobile,India,Low,2026-03-21
105441,New,Desktop,India,Low,2026-05-20
105442,Returning,Desktop,India,Low,2026-08-15
105443,Returning,Desktop,India,Medium,2026-08-07
105444,Returning,Desktop,United States,Medium,2026-08-02
105445,Returning,Desktop,India,Low,2026-07-11
105446,Returning,Mobile,India,Low,2026-03-07
105447,Returning,Desktop,Australia,Medium,2026-08-18
105448,Returning,Mobile,India,Low,2026-03-31
105449,Returning,Mobile,India,Medium,2026-03-16
105450,New,Mobile,India,High,2026-03-27
105451,Returning,Mobile,Australia,Medium,2026-05-22
105452,New,Desktop,United States,Medium,2026-07-23
105453,Returning,Mobile,India,High,2026-06-11
105454,New,Mobile,India,High,2026-04-08
105455,Returning,Desktop,India,Low,2026-08-10
105456,Returning,Mobile,India,Medium,2026-08-16
105457,Returning,Desktop,United States,Low,2026-03-09
105458,Returning,Desktop,India,Medium,2026-05-21
105459,Returning,Mobile,United States,Medium,2026-05-24
105460,Returning,Desktop,United States,Low,2026-05-31
105461,Returning,Mobile,Australia,Medium,2026-06-12
105462,Returning,Desktop,India,Medium,2026-08-04
105463,Returning,Mobile,United States,Medium,2026-03-30
105464,New,Mobile,United States,Low,2026-05-06
105465,Returning,Mobile,India,High,2026-08-15
105466,Returning,Desktop,India,Low,2026-05-18
105467,Returning,Desktop,India,Low,2026-04-07
105468,Returning,Mobile,India,Medium,2026-06-12
105469,Returning,Mobile,Canada,Medium,2026-03-09
105470,Returning,Mobile,India,Medium,2026-04-16
105471,Returning,Mobile,India,Low,2026-06-11
105472,Returning,Desktop,Canada,Medium,2026-04-25
105473,Returning,Mobile,Canada,Medium,2026-05-06
105474,Returning,Desktop,India,High,2026-08-30
105475,Returning,Desktop,India,Low,2026-05-28
105476,Returning,Mobile,India,High,2026-03-12
105477,Returning,Mobile,India,Low,2026-07-21
105478,Returning,Mobile,India,Low,2026-05-20
105479,Returning,Mobile,Australia,Medium,2026-06-20
105480,Returning,Desktop,India,Medium,2026-03-16
105481,New,Desktop,India,High,2026-07-24
105482,Returning,Mobile,India,Low,2026-04-30
105483,New,Mobile,India,Medium,2026-06-27
105484,Returning,Desktop,India,Medium,2026-03-19
105485,New,Mobile,United Kingdom,Medium,2026-04-17
105486,New,Desktop,India,Low,2026-05-08
105487,New,Mobile,India,Low,2026-08-07
105488,Returning,Mobile,India,Low,2026-07-23
105489,New,Mobile,India,Low,2026-08-30
105490,Returning,Desktop,United Kingdom,Medium,2026-03-07
105491,Returning,Mobile,India,High,2026-03-24
105492,New,Mobile,India,Low,2026-04-07
105493,Returning,Mobile,India,Medium,2026-07-23
105494,Returning,Mobile,India,Medium,2026-07-28
105495,Returning,Mobile,Australia,High,2026-05-19
105496,Returning,Desktop,India,Medium,2026-04-26
105497,New,Mobile,India,Medium,2026-04-13
105498,New,Mobile,India,Low,2026-05-07
105499,Returning,Desktop,United Kingdom,Low,2026-07-12
105500,Returning,Mobile,India,Medium,2026-06-29
105501,Returning,Desktop,India,Medium,2026-06-19
105502,New,Desktop,India,Low,2026-07-23
105503,New,Desktop,India,Low,2026-06-03
105504,Returning,Desktop,Australia,Low,2026-03-25
105505,Returning,Desktop,United Kingdom,Medium,2026-07-10
105506,New,Desktop,United States,Low,2026-05-01
105507,Returning,Mobile,India,Low,2026-08-16
105508,Returning,Desktop,United States,Low,2026-06-22
105509,Returning,Mobile,India,High,2026-06-26
105510,New,Mobile,India,High,2026-06-05
105511,New,Mobile,India,High,2026-05-05
105512,Returning,Mobile,United Kingdom,Low,2026-07-20
105513,Returning,Desktop,United States,Medium,2026-08-25
105514,Returning,Mobile,India,Low,2026-07-07
105515,New,Mobile,India,Medium,2026-03-13
105516,Returning,Mobile,India,High,2026-05-30
105517,Returning,Desktop,India,Medium,2026-07-07
105518,Returning,Mobile,United States,Medium,2026-06-16
105519,Returning,Desktop,Canada,Low,2026-03-29
105520,New,Mobile,India,Medium,2026-04-23
105521,Returning,Mobile,India,Low,2026-06-12
105522,New,Desktop,India,Medium,2026-07-10
105523,Returning,Mobile,India,Low,2026-08-14
105524,Returning,Desktop,Australia,Medium,2026-06-05
105525,Returning,Mobile,India,Medium,2026-08-08
105526,New,Desktop,India,High,2026-08-06
105527,New,Mobile,United States,Low,2026-03-20
105528,New,Desktop,India,Medium,2026-04-21
105529,Returning,Mobile,India,Low,2026-06-15
105530,New,Mobile,India,Low,2026-07-27
105531,Returning,Mobile,India,High,2026-07-20
105532,New,Mobile,India,Low,2026-06-29
105533,Returning,Desktop,India,Low,2026-03-06
105534,Returning,Mobile,United Kingdom,Low,2026-06-25
105535,New,Mobile,India,Low,2026-03-15
105536,Returning,Desktop,United Kingdom,Low,2026-08-17
105537,Returning,Mobile,Australia,Medium,2026-05-13
105538,Returning,Desktop,India,High,2026-08-16
105539,Returning,Mobile,India,Low,2026-08-19
105540,Returning,Mobile,India,High,2026-09-01
105541,Returning,Desktop,India,Low,2026-03-29
105542,Returning,Mobile,India,Low,2026-04-03
105543,Returning,Mobile,United States,High,2026-05-13
105544,Returning,Desktop,India,High,2026-07-02
105545,Returning,Mobile,India,Low,2026-06-11
105546,Returning,Mobile,India,High,2026-08-01
105547,New,Mobile,India,Medium,2026-07-25
105548,Returning,Mobile,United Kingdom,Medium,2026-05-02
105549,Returning,Desktop,Canada,Low,2026-05-14
105550,New,Desktop,India,Low,2026-07-03
105551,Returning,Mobile,Australia,Medium,2026-03-08
105552,Returning,Desktop,India,Medium,2026-05-21
105553,New,Mobile,India,High,2026-05-10
105554,Returning,Mobile,India,Low,2026-07-16
105555,Returning,Mobile,Canada,High,2026-05-15
105556,Returning,Mobile,India,Medium,2026-07-20
105557,New,Mobile,India,Medium,2026-06-09
105558,Returning,Desktop,United States,Medium,2026-06-08
105559,New,Mobile,India,Low,2026-03-27
105560,Returning,Mobile,India,Medium,2026-07-23
105561,New,Mobile,India,Medium,2026-03-15
105562,Returning,Mobile,India,Low,2026-08-29
105563,New,Mobile,India,High,2026-08-17
105564,Returning,Desktop,India,Low,2026-08-11
105565,New,Mobile,India,Low,2026-06-06
105566,Returning,Mobile,India,Medium,2026-08-27
105567,Returning,Mobile,India,High,2026-04-10
105568,Returning,Mobile,India,High,2026-03-09
105569,New,Desktop,India,Medium,2026-07-20
105570,Returning,Mobile,India,Low,2026-04-09
105571,New,Desktop,India,Medium,2026-07-07
105572,Returning,Mobile,United States,Medium,2026-05-11
105573,Returning,Desktop,India,Medium,2026-08-15
105574,New,Mobile,India,Low,2026-04-06
105575,Returning,Mobile,United States,Low,2026-03-13
105576,Returning,Desktop,United States,Low,2026-04-19
105577,Returning,Desktop,United Kingdom,Low,2026-04-11
105578,New,Mobile,India,Low,2026-05-16
105579,Returning,Mobile,India,Medium,2026-06-16
105580,New,Mobile,Canada,Medium,2026-08-15
105581,Returning,Mobile,United States,Medium,2026-08-22
105582,Returning,Mobile,India,High,2026-08-30
105583,Returning,Mobile,India,Low,2026-04-11
105584,Returning,Mobile,India,Medium,2026-07-02
105585,Returning,Mobile,India,Low,2026-04-09
105586,Returning,Mobile,India,Low,2026-05-10
105587,New,Mobile,India,Low,2026-06-03
105588,Returning,Mobile,India,Low,2026-08-20
105589,New,Mobile,United States,Low,2026-06-22
105590,New,Mobile,Canada,Low,2026-03-21
105591,Returning,Mobile,United Kingdom,Medium,2026-06-27
105592,Returning,Mobile,India,Medium,2026-05-14
105593,New,Desktop,India,Medium,2026-03-17
105594,Returning,Desktop,India,Medium,2026-05-08
105595,Returning,Desktop,India,Low,2026-04-07
105596,Returning,Mobile,India,High,2026-08-12
105597,Returning,Mobile,India,Medium,2026-07-15
105598,Returning,Mobile,India,Low,2026-03-17
105599,New,Mobile,India,Low,2026-07-12
105600,Returning,Mobile,United Kingdom,Medium,2026-07-18
105601,Returning,Desktop,India,Medium,2026-04-07
105602,Returning,Mobile,United Kingdom,High,2026-03-08
105603,Returning,Mobile,India,Medium,2026-04-14
105604,New,Mobile,India,Medium,2026-06-09
105605,New,Desktop,United Kingdom,Medium,2026-06-04
105606,Returning,Desktop,India,Medium,2026-05-07
105607,Returning,Mobile,Canada,High,2026-08-13
105608,Returning,Mobile,United States,High,2026-05-13
105609,Returning,Mobile,United Kingdom,Medium,2026-07-20
105610,Returning,Mobile,India,Medium,2026-07-03
105611,New,Desktop,India,Low,2026-03-08
105612,Returning,Mobile,India,Low,2026-08-24
105613,New,Mobile,Australia,Low,2026-07-30
105614,New,Mobile,Canada,Low,2026-05-20
105615,Returning,Mobile,India,High,2026-05-01
105616,Returning,Desktop,India,Medium,2026-06-08
105617,Returning,Mobile,India,High,2026-06-16
105618,New,Desktop,India,Low,2026-06-18
105619,New,Desktop,United States,Low,2026-04-20
105620,Returning,Mobile,Canada,Medium,2026-03-21
105621,Returning,Desktop,India,Medium,2026-06-19
105622,New,Mobile,United Kingdom,Medium,2026-03-20
105623,Returning,Mobile,India,Medium,2026-08-31
105624,Returning,Mobile,India,Low,2026-08-06
105625,Returning,Mobile,India,Low,2026-05-02
105626,New,Mobile,India,Medium,2026-05-29
105627,New,Desktop,India,Medium,2026-08-03
105628,Returning,Mobile,India,Low,2026-03-22
105629,Returning,Mobile,United States,Medium,2026-07-02
105630,Returning,Desktop,India,Medium,2026-04-01
105631,Returning,Mobile,India,Low,2026-04-21
105632,Returning,Mobile,United Kingdom,Low,2026-06-06
105633,New,Mobile,India,Low,2026-04-21
105634,Returning,Mobile,India,Low,2026-06-16
105635,Returning,Mobile,India,Medium,2026-05-26
105636,New,Mobile,Canada,Medium,2026-07-20
105637,Returning,Desktop,India,Medium,2026-05-29
105638,Returning,Desktop,India,Medium,2026-05-27
105639,Returning,Mobile,United States,Low,2026-04-13
105640,New,Desktop,United States,Low,2026-05-18
105641,Returning,Desktop,India,Low,2026-03-26
105642,Returning,Mobile,India,Low,2026-08-17
105643,Returning,Mobile,India,Low,2026-07-07
105644,Returning,Mobile,Canada,Low,2026-08-09
105645,Returning,Mobile,India,Medium,2026-05-27
105646,Returning,Desktop,India,Low,2026-04-29
105647,Returning,Mobile,United Kingdom,Low,2026-05-13
105648,Returning,Desktop,Canada,Low,2026-05-29
105649,Returning,Mobile,United Kingdom,Low,2026-03-22
105650,Returning,Desktop,United Kingdom,High,2026-05-31
105651,Returning,Desktop,India,Medium,2026-06-16
105652,Returning,Mobile,India,Low,2026-04-17
105653,Returning,Mobile,India,Low,2026-08-28
105654,New,Mobile,India,Medium,2026-08-12
105655,New,Mobile,United States,Medium,2026-07-20
105656,Returning,Mobile,India,Medium,2026-06-24
105657,New,Desktop,India,High,2026-08-26
105658,Returning,Mobile,India,Low,2026-07-12
105659,New,Mobile,India,Low,2026-03-09
105660,Returning,Desktop,India,Medium,2026-04-13
105661,Returning,Mobile,India,Medium,2026-05-13
105662,New,Desktop,India,Medium,2026-07-15
105663,Returning,Mobile,India,High,2026-06-15
105664,Returning,Mobile,India,High,2026-06-17
105665,Returning,Desktop,United States,Medium,2026-06-18
105666,Returning,Mobile,India,Low,2026-03-28
105667,Returning,Mobile,Canada,Medium,2026-05-27
105668,New,Desktop,India,High,2026-07-17
105669,New,Desktop,United States,High,2026-08-25
105670,New,Desktop,India,Medium,2026-06-13
105671,Returning,Mobile,India,Low,2026-08-24
105672,Returning,Mobile,India,Medium,2026-06-20
105673,New,Mobile,India,Medium,2026-05-15
105674,Returning,Desktop,India,Medium,2026-08-09
105675,Returning,Mobile,India,Low,2026-03-24
105676,Returning,Desktop,India,Low,2026-06-06
105677,New,Desktop,India,Medium,2026-03-16
105678,Returning,Desktop,United States,High,2026-05-15
105679,New,Mobile,India,Low,2026-07-01
105680,New,Desktop,Canada,Medium,2026-04-22
105681,Returning,Mobile,Australia,High,2026-07-09
105682,Returning,Desktop,United States,High,2026-03-05
105683,New,Desktop,India,Low,2026-04-28
105684,New,Mobile,Australia,High,2026-08-10
105685,Returning,Mobile,India,High,2026-04-02
105686,Returning,Mobile,India,High,2026-07-30
105687,New,Desktop,Australia,Low,2026-06-13
105688,Returning,Mobile,India,Medium,2026-08-07
105689,New,Mobile,India,Low,2026-07-02
105690,Returning,Mobile,India,Low,2026-03-24
105691,Returning,Mobile,India,Medium,2026-03-18
105692,New,Mobile,India,Low,2026-04-13
105693,New,Desktop,United Kingdom,Low,2026-06-12
105694,Returning,Mobile,India,Medium,2026-04-03
105695,Returning,Mobile,India,Low,2026-08-05
105696,Returning,Mobile,India,Low,2026-04-07
105697,New,Mobile,India,Medium,2026-06-20
105698,Returning,Mobile,United Kingdom,Medium,2026-03-14
105699,New,Mobile,India,Low,2026-07-09
105700,Returning,Desktop,India,High,2026-05-24
105701,New,Desktop,India,High,2026-07-09
105702,New,Mobile,United States,Medium,2026-08-18
105703,Returning,Mobile,India,High,2026-07-31
105704,New,Mobile,Australia,High,2026-08-26
105705,Returning,Mobile,United Kingdom,Low,2026-05-29
105706,Returning,Mobile,Australia,Low,2026-06-22
105707,Returning,Mobile,India,High,2026-03-17
105708,Returning,Mobile,India,Medium,2026-03-07
105709,Returning,Mobile,India,High,2026-04-03
105710,New,Desktop,India,High,2026-04-30
105711,New,Desktop,Australia,Low,2026-05-27
105712,Returning,Mobile,United Kingdom,Low,2026-04-18
105713,New,Mobile,India,Low,2026-03-27
105714,Returning,Mobile,Canada,Low,2026-04-24
105715,Returning,Desktop,United Kingdom,Medium,2026-03-12
105716,Returning,Mobile,India,Low,2026-04-11
105717,Returning,Mobile,India,Low,2026-03-12
105718,New,Mobile,India,Low,2026-07-31
105719,New,Mobile,India,Medium,2026-04-02
105720,Returning,Mobile,India,Low,2026-08-30
105721,New,Mobile,India,Medium,2026-07-17
105722,Returning,Mobile,Canada,Medium,2026-04-18
105723,Returning,Mobile,India,Medium,2026-04-07
105724,Returning,Mobile,India,Low,2026-06-28
105725,Returning,Desktop,India,Medium,2026-03-30
105726,Returning,Desktop,India,Medium,2026-08-06
105727,New,Mobile,India,Low,2026-04-29
105728,New,Mobile,India,Low,2026-04-04
105729,Returning,Mobile,India,Medium,2026-03-30
105730,New,Mobile,India,Low,2026-08-17
105731,Returning,Mobile,India,Low,2026-08-11
105732,Returning,Desktop,India,Medium,2026-08-07
105733,Returning,Desktop,Canada,Medium,2026-05-24
105734,New,Desktop,United States,Low,2026-03-16
105735,New,Mobile,India,Medium,2026-08-30
105736,Returning,Mobile,India,Medium,2026-07-18
105737,Returning,Desktop,India,Medium,2026-07-23
105738,New,Mobile,India,Low,2026-04-22
105739,Returning,Desktop,India,Medium,2026-06-12
105740,Returning,Mobile,India,High,2026-04-26
105741,New,Mobile,United Kingdom,Medium,2026-08-31
105742,Returning,Desktop,India,Low,2026-07-29
105743,Returning,Mobile,India,Low,2026-04-09
105744,New,Mobile,India,Medium,2026-07-12
105745,Returning,Mobile,Australia,High,2026-04-17
105746,Returning,Mobile,India,Medium,2026-06-01
105747,Returning,Mobile,India,Medium,2026-07-14
105748,Returning,Mobile,United States,High,2026-07-19
105749,New,Desktop,India,Medium,2026-08-27
105750,Returning,Mobile,India,Low,2026-08-19
105751,Returning,Mobile,United States,Low,2026-06-22
105752,New,Mobile,India,Low,2026-08-10
105753,Returning,Mobile,Canada,High,2026-04-28
105754,Returning,Mobile,India,Medium,2026-07-08
105755,Returning,Mobile,India,Medium,2026-05-03
105756,Returning,Mobile,India,Low,2026-06-30
105757,New,Mobile,United Kingdom,Low,2026-05-13
105758,Returning,Mobile,India,Low,2026-07-20
105759,Returning,Mobile,India,Medium,2026-08-03
105760,New,Mobile,United Kingdom,Medium,2026-03-10
105761,Returning,Mobile,India,Low,2026-07-02
105762,Returning,Mobile,India,Low,2026-05-29
105763,Returning,Desktop,India,Low,2026-08-27
105764,New,Mobile,India,Low,2026-06-13
105765,Returning,Mobile,India,Medium,2026-06-28
105766,New,Mobile,United States,Low,2026-06-21
105767,Returning,Desktop,India,Low,2026-06-30
105768,Returning,Mobile,India,Medium,2026-04-09
105769,Returning,Mobile,India,Medium,2026-08-05
105770,Returning,Mobile,India,Low,2026-06-22
105771,New,Mobile,India,Low,2026-08-08
105772,Returning,Mobile,United States,Medium,2026-07-28
105773,Returning,Mobile,India,Low,2026-03-27
105774,New,Mobile,Canada,High,2026-04-23
105775,Returning,Desktop,India,High,2026-04-30
105776,Returning,Mobile,United Kingdom,Low,2026-06-26
105777,Returning,Mobile,India,Low,2026-03-09
105778,Returning,Desktop,India,Low,2026-03-20
105779,Returning,Desktop,India,Medium,2026-03-16
105780,Returning,Mobile,India,Low,2026-07-20
105781,Returning,Mobile,India,Low,2026-06-19
105782,Returning,Desktop,India,Low,2026-05-28
105783,Returning,Desktop,India,Medium,2026-06-04
105784,New,Mobile,India,Low,2026-04-26
105785,Returning,Desktop,India,High,2026-04-20
105786,New,Mobile,India,Low,2026-03-16
105787,Returning,Desktop,India,Medium,2026-05-05
105788,Returning,Mobile,United States,Low,2026-07-10
105789,Returning,Desktop,India,High,2026-04-02
105790,New,Desktop,India,Medium,2026-05-31
105791,Returning,Desktop,India,High,2026-08-01
105792,Returning,Mobile,Canada,Low,2026-03-20
105793,New,Mobile,India,Low,2026-08-04
105794,Returning,Mobile,India,Low,2026-08-10
105795,Returning,Mobile,United States,Low,2026-06-08
105796,Returning,Mobile,India,Medium,2026-04-25
105797,Returning,Mobile,India,Medium,2026-06-13
105798,New,Mobile,India,Low,2026-03-06
105799,New,Mobile,India,Low,2026-05-24
105800,Returning,Mobile,India,High,2026-05-17
105801,New,Mobile,India,Low,2026-08-16
105802,Returning,Mobile,Australia,Medium,2026-04-16
105803,Returning,Mobile,United States,Medium,2026-05-21
105804,Returning,Desktop,India,Low,2026-03-09
105805,Returning,Mobile,India,Medium,2026-03-06
105806,Returning,Mobile,India,Medium,2026-08-15
105807,Returning,Desktop,India,Low,2026-06-29
105808,Returning,Mobile,India,Medium,2026-06-14
105809,Returning,Desktop,India,Medium,2026-08-30
105810,Returning,Desktop,India,Medium,2026-08-24
105811,New,Mobile,India,Low,2026-05-19
105812,New,Mobile,India,Low,2026-05-11
105813,Returning,Mobile,India,Low,2026-08-23
105814,Returning,Mobile,India,Medium,2026-05-22
105815,Returning,Desktop,India,Low,2026-07-23
105816,Returning,Mobile,India,Medium,2026-04-08
105817,New,Mobile,United States,Low,2026-08-17
105818,New,Desktop,India,Medium,2026-08-07
105819,Returning,Mobile,India,High,2026-03-20
105820,Returning,Mobile,United Kingdom,High,2026-08-31
105821,Returning,Desktop,India,High,2026-04-29
105822,Returning,Mobile,Australia,Medium,2026-07-16
105823,Returning,Mobile,Australia,High,2026-08-22
105824,Returning,Desktop,United Kingdom,Low,2026-06-02
105825,New,Mobile,India,Medium,2026-05-07
105826,Returning,Mobile,United States,High,2026-03-08
105827,Returning,Mobile,India,Medium,2026-06-13
105828,New,Desktop,India,Medium,2026-04-17
105829,New,Mobile,Canada,Low,2026-08-15
105830,Returning,Mobile,United States,Medium,2026-06-26
105831,New,Desktop,United States,High,2026-05-03
105832,Returning,Desktop,India,High,2026-03-27
105833,New,Mobile,Canada,Medium,2026-03-28
105834,Returning,Mobile,India,High,2026-08-08
105835,Returning,Mobile,India,Medium,2026-08-16
105836,Returning,Mobile,India,Medium,2026-07-16
105837,Returning,Desktop,India,Low,2026-08-13
105838,Returning,Mobile,Australia,Low,2026-05-01
105839,Returning,Mobile,India,High,2026-03-23
105840,New,Desktop,India,Medium,2026-07-18
105841,Returning,Mobile,India,Medium,2026-05-19
105842,Returning,Desktop,India,Low,2026-05-22
105843,New,Mobile,India,Low,2026-08-17
105844,Returning,Mobile,United States,Low,2026-04-02
105845,New,Mobile,India,Low,2026-08-07
105846,Returning,Mobile,India,Medium,2026-08-31
105847,New,Mobile,Canada,Medium,2026-05-09
105848,Returning,Mobile,United States,High,2026-08-31
105849,Returning,Desktop,India,Low,2026-05-28
105850,New,Desktop,India,Medium,2026-05-03
105851,New,Mobile,United Kingdom,High,2026-06-01
105852,Returning,Mobile,Canada,Low,2026-07-28
105853,Returning,Mobile,India,Medium,2026-08-16
105854,New,Mobile,India,Low,2026-03-31
105855,New,Mobile,India,High,2026-08-10
105856,Returning,Mobile,India,Low,2026-08-11
105857,Returning,Desktop,India,Medium,2026-06-17
105858,Returning,Mobile,Canada,Low,2026-04-02
105859,New,Mobile,India,Medium,2026-07-16
105860,Returning,Desktop,United States,Medium,2026-05-13
105861,Returning,Mobile,United States,Low,2026-03-07
105862,New,Mobile,India,Low,2026-04-29
105863,Returning,Desktop,India,Medium,2026-06-15
105864,Returning,Desktop,India,Medium,2026-08-12
105865,Returning,Mobile,India,Low,2026-07-30
105866,Returning,Mobile,India,Low,2026-08-09
105867,Returning,Desktop,Australia,Low,2026-04-03
105868,Returning,Desktop,India,High,2026-06-23
105869,Returning,Mobile,India,Medium,2026-06-05
105870,New,Mobile,India,High,2026-04-25
105871,Returning,Desktop,Australia,Low,2026-05-12
105872,Returning,Mobile,India,Low,2026-07-16
105873,Returning,Mobile,United States,Medium,2026-06-24
105874,New,Desktop,United Kingdom,Low,2026-03-12
105875,Returning,Mobile,India,Low,2026-07-10
105876,Returning,Mobile,India,Medium,2026-06-13
105877,Returning,Mobile,India,Low,2026-06-02
105878,New,Desktop,India,Low,2026-08-28
105879,Returning,Mobile,India,Low,2026-03-19
105880,Returning,Mobile,India,Low,2026-07-16
105881,New,Mobile,India,Medium,2026-07-03
105882,Returning,Mobile,India,Medium,2026-06-15
105883,New,Desktop,India,High,2026-06-11
105884,Returning,Mobile,United States,Low,2026-03-24
105885,Returning,Desktop,India,Low,2026-06-14
105886,New,Desktop,Australia,Medium,2026-04-13
105887,Returning,Desktop,India,Low,2026-07-02
105888,Returning,Mobile,India,High,2026-04-06
105889,Returning,Mobile,India,Medium,2026-09-01
105890,Returning,Mobile,United States,High,2026-04-03
105891,New,Mobile,Canada,Medium,2026-07-17
105892,Returning,Mobile,India,Medium,2026-03-05
105893,Returning,Mobile,India,Low,2026-07-18
105894,New,Mobile,Australia,Low,2026-04-08
105895,New,Mobile,India,High,2026-04-20
105896,Returning,Mobile,United States,Medium,2026-05-15
105897,New,Mobile,India,Medium,2026-03-05
105898,Returning,Mobile,United States,Low,2026-05-31
105899,Returning,Desktop,United States,Low,2026-05-01
105900,Returning,Desktop,India,Medium,2026-03-06
105901,Returning,Mobile,India,Medium,2026-08-04
105902,Returning,Desktop,United Kingdom,Low,2026-05-30
105903,Returning,Mobile,India,Medium,2026-05-01
105904,Returning,Mobile,India,Low,2026-06-01
105905,New,Mobile,India,Low,2026-03-12
105906,New,Mobile,India,High,2026-08-05
105907,Returning,Desktop,India,Medium,2026-06-11
105908,Returning,Desktop,Australia,Medium,2026-07-29
105909,Returning,Desktop,India,Medium,2026-07-09
105910,Returning,Mobile,India,Low,2026-06-01
105911,Returning,Mobile,India,Low,2026-08-13
105912,Returning,Desktop,India,Low,2026-07-26
105913,New,Mobile,Canada,Low,2026-07-15
105914,Returning,Mobile,United Kingdom,High,2026-07-30
105915,New,Desktop,India,Low,2026-03-25
105916,Returning,Mobile,India,Medium,2026-06-11
105917,Returning,Desktop,India,Low,2026-08-05
105918,New,Mobile,Australia,Medium,2026-04-12
105919,Returning,Mobile,Canada,Medium,2026-03-23
105920,Returning,Mobile,India,Medium,2026-07-24
105921,Returning,Mobile,India,Medium,2026-05-16
105922,Returning,Mobile,India,Medium,2026-08-14
105923,Returning,Mobile,United States,Low,2026-08-05
105924,New,Mobile,India,Low,2026-08-28
105925,Returning,Mobile,India,Low,2026-03-28
105926,Returning,Desktop,India,Low,2026-04-07
105927,New,Desktop,India,Low,2026-06-26
105928,New,Desktop,India,Low,2026-08-15
105929,Returning,Desktop,India,Medium,2026-07-24
105930,New,Mobile,United States,Medium,2026-05-18
105931,Returning,Mobile,India,Low,2026-06-14
105932,Returning,Desktop,India,Low,2026-05-29
105933,Returning,Mobile,India,Medium,2026-04-21
105934,New,Mobile,India,Low,2026-08-25
105935,Returning,Mobile,India,Low,2026-06-28
105936,Returning,Mobile,India,Medium,2026-07-20
105937,New,Mobile,India,Low,2026-05-25
105938,Returning,Mobile,India,Medium,2026-04-01
105939,Returning,Desktop,India,Low,2026-05-11
105940,Returning,Mobile,United States,Medium,2026-06-01
105941,New,Mobile,India,Medium,2026-03-22
105942,Returning,Mobile,India,Low,2026-04-30
105943,Returning,Desktop,Australia,Medium,2026-07-07
105944,Returning,Desktop,India,High,2026-08-22
105945,Returning,Mobile,India,Medium,2026-07-30
105946,New,Desktop,India,Medium,2026-04-04
105947,Returning,Mobile,India,Medium,2026-04-26
105948,Returning,Mobile,India,Low,2026-04-23
105949,Returning,Mobile,India,Medium,2026-07-25
105950,New,Mobile,United States,Medium,2026-03-10
105951,New,Desktop,India,Medium,2026-06-05
105952,Returning,Mobile,India,High,2026-05-15
105953,Returning,Desktop,Canada,High,2026-05-07
105954,Returning,Mobile,India,Low,2026-08-09
105955,Returning,Mobile,United States,Low,2026-04-23
105956,Returning,Desktop,India,Medium,2026-08-01
105957,Returning,Desktop,India,Medium,2026-06-28
105958,Returning,Mobile,India,Medium,2026-08-19
105959,New,Mobile,India,High,2026-04-26
105960,Returning,Desktop,India,Low,2026-07-08
105961,New,Mobile,Canada,Medium,2026-05-09
105962,Returning,Desktop,India,Medium,2026-04-16
105963,Returning,Mobile,India,Low,2026-03-24
105964,New,Mobile,India,High,2026-04-19
105965,New,Desktop,India,Low,2026-07-18
105966,New,Mobile,India,Medium,2026-03-28
105967,Returning,Mobile,India,Low,2026-07-18
105968,Returning,Mobile,India,High,2026-04-19
105969,Returning,Mobile,India,Low,2026-04-20
105970,Returning,Mobile,United States,Medium,2026-06-10
105971,Returning,Mobile,India,Medium,2026-04-12
105972,Returning,Mobile,India,Medium,2026-07-29
105973,Returning,Mobile,Canada,Low,2026-07-14
105974,Returning,Mobile,India,Low,2026-05-16
105975,Returning,Desktop,India,Low,2026-05-08
105976,Returning,Mobile,India,Low,2026-06-30
105977,Returning,Mobile,United Kingdom,Low,2026-03-12
105978,New,Mobile,India,Medium,2026-08-16
105979,Returning,Desktop,India,Low,2026-03-17
105980,Returning,Desktop,India,Medium,2026-03-20
105981,New,Desktop,India,Medium,2026-04-02
105982,Returning,Desktop,India,Low,2026-03-23
105983,Returning,Mobile,Canada,Low,2026-03-20
105984,Returning,Mobile,United States,Medium,2026-07-09
105985,New,Desktop,India,High,2026-04-24
105986,Returning,Desktop,India,Medium,2026-06-10
105987,Returning,Desktop,United Kingdom,Medium,2026-04-24
105988,Returning,Mobile,India,Medium,2026-08-18
105989,New,Mobile,India,Low,2026-08-15
105990,Returning,Desktop,India,Low,2026-08-31
105991,New,Mobile,Canada,Medium,2026-07-25
105992,New,Mobile,Canada,Medium,2026-07-10
105993,Returning,Mobile,India,Medium,2026-08-05
105994,New,Desktop,India,Medium,2026-06-22
105995,Returning,Desktop,United States,Medium,2026-08-26
105996,Returning,Desktop,India,Low,2026-06-14
105997,New,Mobile,India,Medium,2026-03-18
105998,New,Mobile,United Kingdom,Medium,2026-05-04
105999,Returning,Mobile,India,Medium,2026-04-23
106000,Returning,Desktop,India,Medium,2026-05-25
106001,New,Mobile,India,Low,2026-08-14
106002,Returning,Mobile,United Kingdom,High,2026-03-19
106003,New,Mobile,India,Medium,2026-07-24
106004,New,Desktop,United States,Low,2026-05-20
106005,New,Mobile,India,Low,2026-06-02
106006,Returning,Desktop,India,Low,2026-06-09
106007,Returning,Mobile,United Kingdom,Medium,2026-03-16
106008,Returning,Mobile,India,Medium,2026-06-28
106009,Returning,Mobile,Canada,High,2026-06-04
106010,New,Desktop,India,Medium,2026-05-16
106011,New,Mobile,United Kingdom,Low,2026-05-08
106012,Returning,Mobile,India,Medium,2026-08-25
106013,Returning,Mobile,India,Medium,2026-06-12
106014,Returning,Mobile,India,Low,2026-08-06
106015,New,Desktop,United States,Medium,2026-05-08
106016,Returning,Mobile,Australia,Medium,2026-04-22
106017,Returning,Mobile,India,High,2026-04-02
106018,Returning,Desktop,India,Medium,2026-08-16
106019,Returning,Mobile,India,Low,2026-03-31
106020,New,Desktop,India,Medium,2026-05-25
106021,Returning,Mobile,United States,High,2026-07-22
106022,Returning,Desktop,India,Medium,2026-03-08
106023,Returning,Mobile,India,Medium,2026-05-24
106024,Returning,Mobile,India,Medium,2026-08-24
106025,Returning,Mobile,Canada,Medium,2026-04-04
106026,Returning,Mobile,India,High,2026-08-17
106027,New,Mobile,India,Medium,2026-06-13
106028,Returning,Desktop,United Kingdom,Low,2026-08-19
106029,Returning,Mobile,India,Medium,2026-05-28
106030,Returning,Mobile,United Kingdom,Low,2026-06-01
106031,Returning,Mobile,United Kingdom,Low,2026-06-10
106032,New,Mobile,United States,Medium,2026-04-03
106033,Returning,Desktop,India,Medium,2026-03-17
106034,Returning,Mobile,United States,Low,2026-08-11
106035,Returning,Desktop,India,Low,2026-03-14
106036,Returning,Desktop,India,Medium,2026-05-22
106037,Returning,Desktop,India,Low,2026-08-01
106038,New,Mobile,India,Medium,2026-04-13
106039,Returning,Mobile,India,Medium,2026-06-24
106040,New,Mobile,India,Low,2026-05-01
106041,Returning,Mobile,India,High,2026-03-17
106042,Returning,Mobile,United Kingdom,Medium,2026-08-05
106043,New,Mobile,Canada,Low,2026-04-21
106044,Returning,Desktop,Canada,Medium,2026-04-21
106045,Returning,Mobile,United States,Low,2026-07-18
106046,Returning,Mobile,India,Low,2026-07-03
106047,Returning,Desktop,India,Medium,2026-06-05
106048,New,Mobile,United States,Medium,2026-07-15
106049,Returning,Mobile,India,High,2026-03-22
106050,Returning,Mobile,United States,Low,2026-04-06
106051,Returning,Mobile,India,Low,2026-08-05
106052,Returning,Mobile,United States,High,2026-06-22
106053,New,Mobile,United Kingdom,High,2026-05-30
106054,Returning,Mobile,India,Medium,2026-05-27
106055,Returning,Desktop,United States,High,2026-07-27
106056,Returning,Mobile,India,Low,2026-06-25
106057,New,Mobile,India,Medium,2026-03-23
106058,Returning,Desktop,Canada,Low,2026-09-01
106059,Returning,Desktop,India,Low,2026-04-26
106060,Returning,Mobile,India,Medium,2026-06-16
106061,New,Desktop,India,Medium,2026-08-04
106062,Returning,Mobile,India,High,2026-06-04
106063,Returning,Mobile,India,Medium,2026-06-21
106064,Returning,Mobile,Australia,Low,2026-09-01
106065,New,Desktop,India,Low,2026-03-13
106066,Returning,Desktop,United Kingdom,Low,2026-04-12
106067,New,Desktop,India,Medium,2026-05-10
106068,New,Mobile,India,Medium,2026-04-24
106069,New,Mobile,United States,Low,2026-03-10
106070,New,Desktop,India,Low,2026-03-14
106071,Returning,Mobile,India,Medium,2026-06-06
106072,New,Desktop,Canada,High,2026-04-24
106073,New,Mobile,India,Low,2026-03-05
106074,Returning,Mobile,United Kingdom,Medium,2026-07-19
106075,New,Desktop,India,Medium,2026-04-27
106076,Returning,Mobile,United States,Medium,2026-05-03
106077,Returning,Desktop,India,Medium,2026-05-19
106078,Returning,Desktop,India,Low,2026-05-11
106079,Returning,Mobile,India,Low,2026-04-29
106080,New,Mobile,United Kingdom,High,2026-04-20
106081,Returning,Mobile,Canada,Medium,2026-05-14
106082,Returning,Mobile,India,High,2026-08-25
106083,Returning,Mobile,Australia,Low,2026-03-06
106084,Returning,Mobile,India,Low,2026-05-11
106085,Returning,Desktop,India,Medium,2026-05-04
106086,New,Desktop,India,High,2026-06-04
106087,Returning,Mobile,India,Low,2026-08-26
106088,Returning,Mobile,India,Low,2026-05-07
106089,Returning,Mobile,United Kingdom,Medium,2026-03-17
106090,Returning,Mobile,United Kingdom,Medium,2026-07-02
106091,New,Mobile,India,Low,2026-07-29
106092,Returning,Desktop,India,Medium,2026-03-30
106093,Returning,Desktop,India,Low,2026-05-07
106094,Returning,Desktop,United States,Low,2026-05-25
106095,Returning,Mobile,India,Medium,2026-07-21
106096,Returning,Desktop,India,Medium,2026-03-10
106097,Returning,Desktop,India,Medium,2026-06-16
106098,New,Desktop,United States,Low,2026-07-13
106099,Returning,Mobile,India,High,2026-05-09
106100,Returning,Desktop,United Kingdom,Low,2026-06-10
106101,Returning,Desktop,India,Low,2026-04-02
106102,Returning,Desktop,Canada,Medium,2026-08-28
106103,Returning,Desktop,India,Low,2026-03-17
106104,New,Desktop,India,High,2026-03-29
106105,Returning,Mobile,India,Medium,2026-05-19
106106,Returning,Mobile,United Kingdom,Medium,2026-03-13
106107,Returning,Mobile,India,Medium,2026-04-19
106108,Returning,Desktop,United States,Medium,2026-07-05
106109,Returning,Mobile,India,High,2026-06-09
106110,Returning,Desktop,India,Medium,2026-07-22
106111,New,Mobile,India,Medium,2026-05-10
106112,Returning,Desktop,India,Medium,2026-05-10
106113,New,Desktop,India,High,2026-08-06
106114,Returning,Mobile,India,Medium,2026-03-31
106115,New,Desktop,India,Low,2026-08-27
106116,New,Desktop,India,Medium,2026-08-17
106117,Returning,Mobile,India,Medium,2026-06-18
106118,New,Desktop,India,Low,2026-04-20
106119,Returning,Mobile,Australia,Low,2026-06-27
106120,Returning,Desktop,India,High,2026-08-13
106121,Returning,Mobile,India,Low,2026-08-21
106122,Returning,Mobile,India,High,2026-07-08
106123,Returning,Mobile,India,Low,2026-03-17
106124,Returning,Mobile,India,Medium,2026-03-19
106125,New,Desktop,United States,High,2026-07-01
106126,Returning,Mobile,India,Medium,2026-08-30
106127,Returning,Mobile,India,High,2026-03-27
106128,New,Mobile,India,Low,2026-06-03
106129,New,Mobile,India,Low,2026-08-29
106130,Returning,Mobile,India,Low,2026-08-11
106131,New,Mobile,United Kingdom,High,2026-08-02
106132,New,Mobile,India,Medium,2026-07-22
106133,Returning,Mobile,United Kingdom,High,2026-05-19
106134,Returning,Desktop,United States,Medium,2026-04-21
106135,New,Mobile,India,High,2026-07-15
106136,Returning,Mobile,India,Low,2026-07-08
106137,Returning,Mobile,United States,Low,2026-08-30
106138,New,Desktop,India,High,2026-06-03
106139,Returning,Desktop,India,High,2026-06-14
106140,New,Desktop,India,Low,2026-07-10
106141,Returning,Desktop,India,Low,2026-05-16
106142,Returning,Mobile,India,High,2026-08-15
106143,Returning,Mobile,India,Medium,2026-03-09
106144,Returning,Desktop,India,High,2026-06-20
106145,New,Mobile,India,Low,2026-08-20
106146,Returning,Desktop,United States,Medium,2026-03-23
106147,New,Mobile,India,Medium,2026-06-29
106148,Returning,Mobile,United Kingdom,Medium,2026-03-18
106149,Returning,Mobile,India,Low,2026-05-22
106150,Returning,Mobile,Australia,Medium,2026-07-10
106151,Returning,Mobile,India,Low,2026-08-27
106152,New,Desktop,India,High,2026-03-28
106153,New,Mobile,India,Low,2026-05-20
106154,Returning,Mobile,United States,Medium,2026-07-08
106155,Returning,Mobile,United Kingdom,High,2026-04-29
106156,New,Mobile,India,Medium,2026-07-26
106157,Returning,Mobile,Australia,Medium,2026-05-02
106158,Returning,Mobile,Australia,Medium,2026-06-10
106159,Returning,Mobile,India,Medium,2026-06-18
106160,Returning,Desktop,India,Medium,2026-03-31
106161,Returning,Mobile,United Kingdom,High,2026-03-27
106162,Returning,Desktop,United States,Medium,2026-06-08
106163,Returning,Desktop,India,Low,2026-08-15
106164,Returning,Desktop,Canada,Medium,2026-07-04
106165,New,Mobile,India,High,2026-03-09
106166,Returning,Mobile,India,Medium,2026-08-23
106167,Returning,Mobile,Australia,Medium,2026-03-06
106168,Returning,Mobile,India,Medium,2026-08-14
106169,New,Mobile,India,Low,2026-04-12
106170,New,Mobile,India,Medium,2026-07-14
106171,New,Desktop,India,Medium,2026-03-30
106172,Returning,Desktop,India,High,2026-07-19
106173,New,Mobile,India,Low,2026-07-20
106174,Returning,Mobile,India,High,2026-03-07
106175,New,Desktop,United States,High,2026-04-16
106176,New,Mobile,India,Low,2026-08-12
106177,Returning,Mobile,India,Medium,2026-08-26
106178,Returning,Desktop,India,Medium,2026-04-27
106179,Returning,Mobile,India,Medium,2026-04-06
106180,New,Mobile,India,Low,2026-08-01
106181,Returning,Desktop,India,Medium,2026-05-01
106182,Returning,Desktop,India,Medium,2026-06-07
106183,Returning,Mobile,India,Medium,2026-03-25
106184,Returning,Desktop,India,High,2026-03-16
106185,Returning,Mobile,India,High,2026-04-17
106186,Returning,Mobile,India,Medium,2026-05-03
106187,Returning,Desktop,India,Medium,2026-05-07
106188,Returning,Desktop,United States,Medium,2026-05-16
106189,New,Mobile,India,Low,2026-04-21
106190,New,Mobile,Canada,Low,2026-03-08
106191,Returning,Mobile,India,Medium,2026-04-29
106192,New,Mobile,India,High,2026-08-23
106193,Returning,Desktop,India,Low,2026-06-30
106194,New,Desktop,India,Low,2026-07-18
106195,New,Mobile,India,Medium,2026-03-09
106196,New,Desktop,India,Low,2026-03-17
106197,Returning,Mobile,India,Low,2026-03-10
106198,New,Mobile,India,Medium,2026-07-17
106199,Returning,Mobile,India,Low,2026-04-21
106200,Returning,Desktop,India,Medium,2026-07-24
106201,New,Desktop,India,Low,2026-07-29
106202,New,Desktop,Canada,High,2026-06-12
106203,New,Desktop,India,High,2026-07-03
106204,Returning,Mobile,Australia,Medium,2026-08-09
106205,Returning,Desktop,India,Medium,2026-07-27
106206,Returning,Mobile,Australia,Medium,2026-03-12
106207,New,Desktop,India,Low,2026-04-15
106208,New,Mobile,India,Medium,2026-08-24
106209,Returning,Mobile,India,Low,2026-03-06
106210,Returning,Mobile,India,Medium,2026-06-23
106211,Returning,Desktop,India,Medium,2026-08-22
106212,New,Mobile,India,High,2026-08-15
106213,Returning,Desktop,India,Low,2026-03-20
106214,Returning,Mobile,India,High,2026-04-25
106215,Returning,Mobile,United States,Medium,2026-05-20
106216,New,Mobile,India,High,2026-04-28
106217,New,Mobile,India,Medium,2026-06-04
106218,Returning,Mobile,United States,Low,2026-04-15
106219,Returning,Desktop,India,Medium,2026-03-08
106220,Returning,Mobile,India,Medium,2026-08-05
106221,Returning,Mobile,United Kingdom,High,2026-07-31
106222,Returning,Desktop,India,Medium,2026-04-17
106223,Returning,Mobile,India,Low,2026-07-25
106224,Returning,Mobile,United Kingdom,Medium,2026-08-10
106225,Returning,Desktop,United States,High,2026-08-26
106226,New,Mobile,India,High,2026-04-30
106227,Returning,Desktop,United States,Low,2026-07-31
106228,New,Desktop,India,Medium,2026-05-01
106229,Returning,Desktop,India,Low,2026-07-17
106230,Returning,Mobile,Australia,Low,2026-07-01
106231,New,Mobile,United States,Low,2026-06-25
106232,New,Mobile,Australia,Low,2026-06-26
106233,Returning,Mobile,India,Low,2026-08-23
106234,Returning,Mobile,India,High,2026-04-25
106235,Returning,Mobile,India,Low,2026-07-21
106236,New,Mobile,Canada,High,2026-05-24
106237,Returning,Mobile,India,Medium,2026-05-21
106238,New,Mobile,India,Medium,2026-04-30
106239,Returning,Mobile,India,Low,2026-05-16
106240,Returning,Mobile,India,Low,2026-06-19
106241,Returning,Mobile,Australia,Low,2026-06-09
106242,Returning,Desktop,India,Medium,2026-08-25
106243,New,Desktop,India,Low,2026-06-18
106244,Returning,Mobile,United States,Low,2026-05-09
106245,Returning,Mobile,India,Medium,2026-04-28
106246,New,Mobile,India,Medium,2026-03-11
106247,Returning,Mobile,India,Medium,2026-06-14
106248,Returning,Mobile,India,Medium,2026-05-24
106249,New,Mobile,India,Medium,2026-08-17
106250,New,Mobile,India,Low,2026-03-22
106251,Returning,Mobile,United States,Medium,2026-04-02
106252,Returning,Desktop,India,High,2026-08-26
106253,New,Mobile,Australia,Low,2026-07-26
106254,Returning,Mobile,India,Medium,2026-03-17
106255,New,Desktop,India,Medium,2026-04-24
106256,New,Mobile,India,Low,2026-05-19
106257,Returning,Mobile,India,Medium,2026-07-13
106258,Returning,Mobile,India,High,2026-03-14
106259,Returning,Mobile,India,Low,2026-05-09
106260,New,Desktop,India,High,2026-03-19
106261,Returning,Mobile,Australia,Low,2026-08-16
106262,Returning,Mobile,United States,Low,2026-07-29
106263,Returning,Mobile,India,Low,2026-06-12
106264,Returning,Mobile,India,Low,2026-07-16
106265,Returning,Mobile,India,Medium,2026-07-13
106266,Returning,Desktop,India,Low,2026-03-19
106267,Returning,Mobile,India,Medium,2026-06-20
106268,Returning,Mobile,Canada,Low,2026-05-22
106269,Returning,Desktop,India,Low,2026-04-08
106270,New,Mobile,India,Medium,2026-04-21
106271,Returning,Desktop,Canada,Medium,2026-03-16
106272,Returning,Mobile,India,Medium,2026-07-23
106273,Returning,Mobile,Canada,Low,2026-03-19
106274,New,Desktop,United States,Medium,2026-03-17
106275,New,Mobile,India,Medium,2026-05-29
106276,Returning,Desktop,India,Medium,2026-04-23
106277,Returning,Desktop,India,Low,2026-08-29
106278,Returning,Mobile,United Kingdom,Medium,2026-06-22
106279,Returning,Mobile,United Kingdom,High,2026-04-18
106280,Returning,Desktop,United States,Medium,2026-04-21
106281,Returning,Mobile,United Kingdom,Medium,2026-08-20
106282,Returning,Desktop,India,High,2026-04-11
106283,New,Mobile,India,Medium,2026-03-29
106284,Returning,Desktop,United Kingdom,Medium,2026-07-11
106285,Returning,Mobile,India,High,2026-05-20
106286,New,Mobile,India,Low,2026-06-26
106287,New,Desktop,United States,Medium,2026-03-26
106288,New,Mobile,United Kingdom,Medium,2026-04-28
106289,New,Mobile,United States,Medium,2026-05-21
106290,Returning,Desktop,United Kingdom,High,2026-04-23
106291,New,Desktop,India,Low,2026-07-07
106292,Returning,Desktop,United Kingdom,Low,2026-04-23
106293,Returning,Desktop,India,Medium,2026-07-09
106294,Returning,Desktop,Australia,Low,2026-06-30
106295,Returning,Mobile,United States,Low,2026-06-05
106296,New,Desktop,India,Low,2026-05-10
106297,Returning,Mobile,United Kingdom,Medium,2026-06-28
106298,Returning,Desktop,India,Medium,2026-05-02
106299,New,Desktop,India,Low,2026-07-24
106300,New,Mobile,Australia,Low,2026-05-18
106301,New,Mobile,India,Low,2026-04-01
106302,Returning,Desktop,India,Low,2026-04-25
106303,Returning,Mobile,India,Medium,2026-08-19
106304,Returning,Mobile,India,High,2026-08-09
106305,Returning,Mobile,India,Low,2026-06-16
106306,Returning,Mobile,India,Medium,2026-06-01
106307,Returning,Mobile,India,Low,2026-04-11
106308,New,Desktop,India,Low,2026-06-15
106309,Returning,Desktop,United Kingdom,Medium,2026-03-13
106310,Returning,Mobile,India,High,2026-06-12
106311,New,Mobile,India,High,2026-04-07
106312,New,Mobile,India,High,2026-03-22
106313,Returning,Mobile,Canada,Low,2026-04-13
106314,New,Mobile,Australia,Medium,2026-03-09
106315,New,Mobile,Australia,Medium,2026-06-04
106316,Returning,Mobile,United Kingdom,Low,2026-03-16
106317,Returning,Desktop,India,Low,2026-06-03
106318,Returning,Mobile,India,High,2026-08-16
106319,New,Mobile,India,High,2026-03-06
106320,Returning,Mobile,United Kingdom,Medium,2026-04-16
106321,Returning,Mobile,India,Low,2026-03-15
106322,New,Mobile,India,Medium,2026-03-15
106323,Returning,Desktop,India,Medium,2026-07-08
106324,Returning,Mobile,India,High,2026-08-23
106325,New,Desktop,India,Low,2026-04-16
106326,Returning,Mobile,United States,Medium,2026-07-10
106327,New,Mobile,India,Medium,2026-06-23
106328,New,Desktop,Australia,Low,2026-08-06
106329,Returning,Mobile,United States,Low,2026-07-03
106330,New,Mobile,India,Low,2026-06-22
106331,Returning,Desktop,India,Medium,2026-07-21
106332,Returning,Desktop,India,Low,2026-08-24
106333,Returning,Mobile,India,Low,2026-05-19
106334,New,Desktop,India,Medium,2026-08-14
106335,Returning,Desktop,India,Medium,2026-07-25
106336,Returning,Mobile,India,Low,2026-04-18
106337,Returning,Mobile,United States,Medium,2026-08-24
106338,Returning,Mobile,United States,Low,2026-04-26
106339,New,Mobile,United States,Medium,2026-07-29
106340,Returning,Mobile,India,Low,2026-05-28
106341,New,Mobile,India,Medium,2026-08-15
106342,Returning,Mobile,United States,Medium,2026-05-27
106343,Returning,Desktop,Australia,Low,2026-06-10
106344,Returning,Mobile,United Kingdom,Low,2026-06-08
106345,Returning,Mobile,India,Low,2026-05-05
106346,New,Mobile,United States,Low,2026-03-24
106347,Returning,Mobile,United Kingdom,Medium,2026-07-14
106348,Returning,Mobile,Australia,Medium,2026-08-16
106349,Returning,Desktop,India,High,2026-09-01
106350,Returning,Desktop,India,Medium,2026-07-26
106351,Returning,Mobile,Canada,Medium,2026-05-02
106352,New,Mobile,Canada,Medium,2026-06-11
106353,Returning,Mobile,India,Low,2026-05-24
106354,New,Mobile,India,Medium,2026-04-28
106355,Returning,Mobile,India,Low,2026-07-22
106356,New,Mobile,United Kingdom,Low,2026-07-16
106357,Returning,Desktop,Canada,Low,2026-06-16
106358,Returning,Mobile,India,Low,2026-03-12
106359,Returning,Desktop,India,Low,2026-04-14
106360,Returning,Desktop,Australia,Low,2026-06-27
106361,New,Desktop,India,High,2026-06-10
106362,New,Desktop,India,High,2026-03-08
106363,Returning,Mobile,India,Low,2026-06-21
106364,New,Mobile,India,Low,2026-07-26
106365,Returning,Desktop,Australia,High,2026-07-01
106366,New,Desktop,India,High,2026-06-17
106367,Returning,Desktop,India,High,2026-04-30
106368,New,Mobile,India,Medium,2026-06-29
106369,New,Desktop,India,Low,2026-07-08
106370,New,Mobile,India,Low,2026-04-29
106371,New,Mobile,United States,Low,2026-08-28
106372,Returning,Mobile,India,Medium,2026-05-12
106373,New,Mobile,India,High,2026-05-06
106374,New,Mobile,United States,Medium,2026-07-15
106375,Returning,Mobile,India,High,2026-07-17
106376,Returning,Mobile,Australia,Medium,2026-08-06
106377,Returning,Mobile,India,High,2026-04-20
106378,New,Desktop,India,Medium,2026-04-04
106379,New,Mobile,United Kingdom,Medium,2026-03-08
106380,Returning,Mobile,India,Medium,2026-08-05
106381,New,Desktop,India,Medium,2026-08-02
106382,Returning,Mobile,India,Low,2026-08-13
106383,New,Mobile,United States,Low,2026-08-09
106384,Returning,Mobile,United States,Low,2026-06-15
106385,Returning,Mobile,United States,Medium,2026-03-25
106386,Returning,Desktop,Canada,Low,2026-07-20
106387,Returning,Mobile,India,Low,2026-05-05
106388,Returning,Mobile,United Kingdom,Low,2026-03-29
106389,Returning,Mobile,India,Low,2026-07-25
106390,Returning,Mobile,India,High,2026-03-07
106391,New,Mobile,United States,Medium,2026-06-12
106392,Returning,Desktop,United States,Medium,2026-05-14
106393,Returning,Desktop,India,Medium,2026-07-20
106394,Returning,Mobile,India,Low,2026-04-27
106395,Returning,Desktop,India,Low,2026-05-01
106396,Returning,Mobile,India,High,2026-05-15
106397,New,Desktop,India,Medium,2026-06-10
106398,Returning,Mobile,India,Low,2026-03-27
106399,Returning,Desktop,India,High,2026-06-28
106400,New,Mobile,Australia,Low,2026-05-07
106401,Returning,Desktop,United States,Medium,2026-04-22
106402,Returning,Mobile,India,Medium,2026-07-24
106403,Returning,Desktop,India,High,2026-07-23
106404,New,Desktop,India,Medium,2026-04-16
106405,Returning,Mobile,India,Low,2026-07-23
106406,Returning,Mobile,India,Low,2026-06-17
106407,Returning,Mobile,India,Medium,2026-03-19
106408,Returning,Desktop,Australia,High,2026-06-14
106409,Returning,Mobile,India,Medium,2026-07-09
106410,Returning,Desktop,India,High,2026-03-31
106411,New,Mobile,India,Medium,2026-08-27
106412,Returning,Desktop,India,Low,2026-06-06
106413,Returning,Mobile,India,High,2026-03-09
106414,Returning,Mobile,India,Medium,2026-06-28
106415,New,Desktop,India,Medium,2026-08-18
106416,Returning,Mobile,India,Medium,2026-05-18
106417,Returning,Mobile,India,Medium,2026-03-29
106418,Returning,Mobile,Canada,Low,2026-08-04
106419,Returning,Mobile,India,Medium,2026-03-28
106420,Returning,Mobile,India,Low,2026-07-07
106421,Returning,Mobile,India,High,2026-04-12
106422,Returning,Mobile,United Kingdom,Low,2026-08-26
106423,Returning,Mobile,India,Medium,2026-03-18
106424,Returning,Desktop,United Kingdom,Medium,2026-03-19
106425,Returning,Desktop,India,Medium,2026-06-19
106426,Returning,Desktop,India,Low,2026-05-14
106427,Returning,Desktop,Canada,High,2026-08-14
106428,Returning,Mobile,India,Medium,2026-03-28
106429,Returning,Desktop,India,Medium,2026-06-16
106430,Returning,Desktop,India,Medium,2026-04-17
106431,Returning,Mobile,India,High,2026-07-09
106432,Returning,Mobile,Australia,Low,2026-08-01
106433,Returning,Mobile,India,Medium,2026-04-05
106434,Returning,Mobile,India,High,2026-06-07
106435,Returning,Desktop,India,Medium,2026-06-11
106436,Returning,Desktop,India,Medium,2026-05-11
106437,Returning,Mobile,India,Medium,2026-05-02
106438,Returning,Mobile,India,Low,2026-03-26
106439,Returning,Mobile,India,Low,2026-08-16
106440,Returning,Mobile,India,Medium,2026-04-11
106441,Returning,Mobile,India,Low,2026-04-15
106442,Returning,Desktop,India,Low,2026-05-26
106443,Returning,Mobile,Canada,Medium,2026-06-28
106444,New,Mobile,India,Low,2026-03-26
106445,Returning,Mobile,United States,Medium,2026-06-05
106446,New,Mobile,India,Low,2026-08-28
106447,New,Desktop,India,Medium,2026-03-21
106448,Returning,Desktop,India,High,2026-07-19
106449,Returning,Mobile,United Kingdom,Low,2026-06-22
106450,Returning,Mobile,United States,Low,2026-03-17
106451,Returning,Mobile,United States,Medium,2026-06-05
106452,Returning,Mobile,United Kingdom,Low,2026-04-01
106453,Returning,Mobile,United Kingdom,Low,2026-08-12
106454,New,Mobile,India,Low,2026-07-18
106455,New,Desktop,United Kingdom,Medium,2026-06-25
106456,New,Desktop,India,Low,2026-04-12
106457,Returning,Mobile,Australia,Medium,2026-06-30
106458,New,Desktop,India,Low,2026-04-30
106459,Returning,Mobile,Canada,High,2026-08-30
106460,Returning,Mobile,India,High,2026-07-15
106461,New,Desktop,Australia,High,2026-07-13
106462,Returning,Desktop,India,Low,2026-04-01
106463,New,Mobile,Canada,Low,2026-06-29
106464,Returning,Mobile,India,Low,2026-06-27
106465,Returning,Mobile,India,High,2026-05-18
106466,Returning,Mobile,Canada,Medium,2026-04-14
106467,Returning,Desktop,India,Medium,2026-05-25
106468,New,Mobile,United States,Low,2026-08-04
106469,New,Desktop,United Kingdom,High,2026-09-01
106470,New,Mobile,India,Low,2026-06-08
106471,New,Mobile,Australia,Medium,2026-08-24
106472,Returning,Mobile,India,Medium,2026-03-27
106473,Returning,Mobile,India,Low,2026-06-19
106474,New,Mobile,India,Medium,2026-06-28
106475,New,Desktop,United Kingdom,Medium,2026-04-09
106476,New,Desktop,India,Low,2026-03-09
106477,Returning,Mobile,India,Low,2026-06-23
106478,New,Mobile,India,Medium,2026-05-25
106479,Returning,Mobile,Australia,Medium,2026-06-18
106480,New,Desktop,India,Low,2026-06-30
106481,New,Mobile,United Kingdom,Low,2026-05-06
106482,New,Desktop,United States,High,2026-03-24
106483,New,Desktop,India,High,2026-03-19
106484,Returning,Desktop,India,Medium,2026-06-12
106485,Returning,Mobile,United States,Medium,2026-05-03
106486,New,Mobile,Australia,High,2026-03-05
106487,Returning,Desktop,India,Medium,2026-08-30
106488,Returning,Desktop,India,Low,2026-03-21
106489,Returning,Desktop,India,Medium,2026-06-22
106490,Returning,Desktop,India,Low,2026-04-12
106491,Returning,Mobile,India,Medium,2026-05-25
106492,Returning,Mobile,India,Medium,2026-05-16
106493,Returning,Mobile,India,Low,2026-08-03
106494,Returning,Mobile,India,Medium,2026-06-11
106495,Returning,Mobile,United States,Medium,2026-08-22
106496,Returning,Desktop,India,High,2026-05-22
106497,New,Mobile,India,Low,2026-07-20
106498,Returning,Mobile,India,Medium,2026-07-03
106499,New,Mobile,Australia,Low,2026-07-12
106500,New,Mobile,India,Low,2026-08-13
106501,Returning,Mobile,India,Medium,2026-05-09
106502,New,Mobile,India,Medium,2026-06-23
106503,Returning,Mobile,India,Medium,2026-08-10
106504,Returning,Mobile,India,Medium,2026-07-06
106505,Returning,Mobile,India,Low,2026-03-21
106506,Returning,Mobile,India,Low,2026-07-01
106507,New,Desktop,United States,Low,2026-04-21
106508,New,Desktop,Australia,High,2026-03-22
106509,Returning,Desktop,India,Medium,2026-08-20
106510,Returning,Desktop,United States,High,2026-03-10
106511,Returning,Desktop,India,High,2026-08-01
106512,New,Desktop,Canada,Medium,2026-03-24
106513,Returning,Mobile,United Kingdom,Medium,2026-07-03
106514,Returning,Mobile,India,Low,2026-05-26
106515,New,Mobile,India,High,2026-06-04
106516,Returning,Mobile,India,Low,2026-07-09
106517,New,Mobile,India,Low,2026-06-19
106518,Returning,Mobile,United Kingdom,Medium,2026-06-01
106519,New,Mobile,India,Medium,2026-03-17
106520,New,Mobile,India,Low,2026-07-09
106521,Returning,Desktop,India,Medium,2026-05-20
106522,New,Mobile,India,Low,2026-05-17
106523,Returning,Mobile,United States,Low,2026-07-04
106524,Returning,Mobile,Canada,Low,2026-07-23
106525,New,Mobile,India,High,2026-06-01
106526,Returning,Desktop,India,Low,2026-07-02
106527,Returning,Desktop,Australia,Medium,2026-06-02
106528,Returning,Desktop,India,Low,2026-05-08
106529,Returning,Desktop,India,Low,2026-06-01
106530,New,Mobile,India,Low,2026-06-30
106531,New,Mobile,India,Low,2026-07-04
106532,Returning,Desktop,India,Medium,2026-08-18
106533,New,Mobile,India,Medium,2026-08-29
106534,Returning,Mobile,India,Low,2026-04-17
106535,New,Mobile,India,Low,2026-03-14
106536,Returning,Mobile,India,High,2026-07-24
106537,New,Mobile,India,Low,2026-05-27
106538,New,Desktop,India,Low,2026-06-13
106539,Returning,Desktop,India,Low,2026-08-29
106540,Returning,Mobile,India,Medium,2026-06-28
106541,Returning,Mobile,India,Low,2026-04-01
106542,New,Mobile,United States,Medium,2026-06-04
106543,New,Desktop,India,Low,2026-04-04
106544,New,Desktop,India,Medium,2026-03-06
106545,Returning,Desktop,India,Low,2026-03-22
106546,Returning,Mobile,Australia,High,2026-07-27
106547,Returning,Desktop,Australia,Medium,2026-03-31
106548,Returning,Mobile,India,Low,2026-08-05
106549,Returning,Mobile,India,High,2026-06-06
106550,New,Desktop,India,Low,2026-03-27
106551,Returning,Desktop,India,Medium,2026-05-15
106552,Returning,Mobile,Canada,Low,2026-04-12
106553,Returning,Mobile,India,Medium,2026-03-19
106554,New,Desktop,United Kingdom,High,2026-05-29
106555,New,Desktop,India,Low,2026-07-29
106556,New,Mobile,India,Low,2026-07-14
106557,Returning,Desktop,India,Low,2026-06-30
106558,Returning,Desktop,India,High,2026-04-27
106559,Returning,Mobile,India,High,2026-05-05
106560,Returning,Mobile,India,High,2026-05-22
106561,Returning,Mobile,India,Medium,2026-03-26
106562,Returning,Desktop,India,Medium,2026-08-21
106563,Returning,Desktop,India,High,2026-06-07
106564,New,Mobile,India,Medium,2026-04-12
106565,New,Mobile,United Kingdom,Medium,2026-06-01
106566,Returning,Mobile,United Kingdom,Low,2026-05-30
106567,New,Mobile,United States,Low,2026-03-26
106568,Returning,Desktop,India,Medium,2026-07-29
106569,Returning,Mobile,India,Low,2026-05-05
106570,Returning,Desktop,India,Low,2026-08-01
106571,New,Mobile,India,Low,2026-03-22
106572,Returning,Mobile,United Kingdom,Low,2026-06-26
106573,Returning,Desktop,India,Low,2026-08-14
106574,Returning,Desktop,India,Low,2026-04-05
106575,Returning,Mobile,India,Medium,2026-04-13
106576,Returning,Mobile,India,High,2026-07-23
106577,Returning,Desktop,Australia,Low,2026-05-28
106578,New,Mobile,India,Low,2026-07-05
106579,New,Mobile,Canada,Low,2026-07-21
106580,Returning,Mobile,India,Medium,2026-05-19
106581,New,Desktop,India,Medium,2026-05-18
106582,New,Desktop,India,Medium,2026-05-28
106583,Returning,Desktop,India,Low,2026-08-04
106584,Returning,Desktop,India,Medium,2026-08-02
106585,New,Mobile,United Kingdom,Low,2026-06-15
106586,Returning,Mobile,India,Low,2026-04-21
106587,Returning,Desktop,India,Low,2026-07-30
106588,Returning,Mobile,United States,High,2026-07-12
106589,New,Desktop,India,High,2026-05-25
106590,Returning,Mobile,India,Medium,2026-04-06
106591,New,Mobile,United Kingdom,High,2026-04-09
106592,Returning,Desktop,India,Low,2026-08-03
106593,Returning,Mobile,United Kingdom,Low,2026-07-17
106594,Returning,Desktop,United States,Low,2026-06-06
106595,New,Desktop,India,High,2026-05-25
106596,New,Mobile,India,Low,2026-07-12
106597,Returning,Desktop,India,Low,2026-04-10
106598,New,Desktop,India,Medium,2026-06-14
106599,Returning,Desktop,Canada,Low,2026-06-27
106600,Returning,Mobile,India,Low,2026-03-20
106601,Returning,Mobile,India,Low,2026-04-10
106602,Returning,Desktop,India,Medium,2026-06-20
106603,Returning,Mobile,India,Medium,2026-07-01
106604,New,Desktop,India,Low,2026-08-30
106605,Returning,Mobile,United States,Medium,2026-03-30
106606,Returning,Desktop,India,Low,2026-05-04
106607,Returning,Desktop,India,Low,2026-06-16
106608,Returning,Desktop,United Kingdom,Medium,2026-04-30
106609,Returning,Mobile,India,Medium,2026-03-21
106610,New,Mobile,India,Low,2026-03-15
106611,Returning,Mobile,United States,Medium,2026-06-26
106612,New,Mobile,India,High,2026-07-07
106613,New,Mobile,United Kingdom,High,2026-05-19
106614,Returning,Mobile,India,Medium,2026-08-06
106615,Returning,Mobile,India,Medium,2026-03-15
106616,Returning,Mobile,India,Low,2026-08-18
106617,New,Mobile,India,Medium,2026-08-11
106618,Returning,Mobile,India,Low,2026-03-13
106619,Returning,Desktop,India,Medium,2026-07-22
106620,Returning,Mobile,United States,High,2026-06-08
106621,Returning,Mobile,India,High,2026-03-21
106622,New,Mobile,United States,Medium,2026-03-31
106623,Returning,Desktop,India,Low,2026-04-01
106624,New,Mobile,India,Medium,2026-06-16
106625,Returning,Mobile,India,Medium,2026-07-29
106626,New,Mobile,United Kingdom,Low,2026-07-08
106627,Returning,Mobile,India,Medium,2026-06-23
106628,Returning,Mobile,India,Low,2026-03-23
106629,Returning,Mobile,India,Medium,2026-07-02
106630,Returning,Mobile,India,Low,2026-06-09
106631,New,Desktop,India,High,2026-04-04
106632,Returning,Mobile,United States,Low,2026-08-16
106633,Returning,Desktop,United Kingdom,Medium,2026-04-24
106634,New,Mobile,India,Medium,2026-08-14
106635,Returning,Mobile,United Kingdom,Medium,2026-05-05
106636,Returning,Desktop,India,Low,2026-04-11
106637,Returning,Mobile,India,Low,2026-07-05
106638,Returning,Mobile,India,Medium,2026-07-23
106639,New,Desktop,India,High,2026-08-05
106640,New,Mobile,India,High,2026-06-24
106641,New,Desktop,India,Medium,2026-08-04
106642,Returning,Desktop,India,Low,2026-06-03
106643,Returning,Mobile,India,Low,2026-06-07
106644,Returning,Mobile,United States,Medium,2026-07-12
106645,Returning,Mobile,India,High,2026-04-23
106646,Returning,Mobile,United Kingdom,Low,2026-03-14
106647,New,Mobile,India,Low,2026-08-23
106648,Returning,Desktop,India,Medium,2026-07-22
106649,Returning,Mobile,India,Low,2026-04-23
106650,New,Mobile,India,Medium,2026-04-18
106651,Returning,Mobile,India,Low,2026-04-21
106652,Returning,Mobile,India,Medium,2026-05-10
106653,Returning,Mobile,India,Low,2026-08-07
106654,Returning,Mobile,India,Medium,2026-08-23
106655,New,Mobile,Canada,Low,2026-07-03
106656,Returning,Mobile,India,Low,2026-08-24
106657,New,Mobile,Australia,Medium,2026-08-10
106658,Returning,Desktop,India,Medium,2026-05-12
106659,Returning,Desktop,India,Medium,2026-06-27
106660,New,Mobile,India,Medium,2026-07-09
106661,Returning,Mobile,India,Low,2026-03-08
106662,Returning,Desktop,United States,Low,2026-08-13
106663,Returning,Mobile,United Kingdom,Medium,2026-03-11
106664,New,Mobile,India,High,2026-07-17
106665,New,Mobile,India,High,2026-05-13
106666,Returning,Mobile,India,Low,2026-06-21
106667,New,Mobile,India,Medium,2026-07-05
106668,Returning,Mobile,Australia,Medium,2026-08-12
106669,Returning,Desktop,India,Medium,2026-07-15
106670,Returning,Mobile,India,High,2026-07-06
106671,Returning,Mobile,India,Low,2026-08-30
106672,Returning,Mobile,United Kingdom,Medium,2026-07-03
106673,Returning,Mobile,India,Low,2026-07-28
106674,New,Mobile,India,Medium,2026-08-21
106675,Returning,Mobile,India,High,2026-06-10
106676,New,Mobile,India,High,2026-08-30
106677,Returning,Mobile,India,High,2026-08-18
106678,New,Mobile,India,Low,2026-05-06
106679,Returning,Mobile,India,Low,2026-05-29
106680,New,Mobile,United Kingdom,Low,2026-07-07
106681,Returning,Desktop,United Kingdom,High,2026-04-24
106682,Returning,Desktop,India,Medium,2026-05-02
106683,Returning,Mobile,India,Low,2026-08-31
106684,Returning,Mobile,India,Medium,2026-06-24
106685,Returning,Mobile,India,Low,2026-05-02
106686,Returning,Desktop,Australia,Low,2026-07-03
106687,Returning,Mobile,India,Medium,2026-03-06
106688,Returning,Mobile,India,High,2026-05-16
106689,New,Desktop,Canada,Medium,2026-03-17
106690,New,Mobile,India,Low,2026-07-15
106691,Returning,Desktop,India,Low,2026-06-26
106692,New,Mobile,India,Low,2026-07-04
106693,Returning,Mobile,India,Low,2026-05-15
106694,Returning,Mobile,United Kingdom,Medium,2026-08-28
106695,New,Mobile,India,Medium,2026-07-16
106696,New,Mobile,India,High,2026-04-29
106697,Returning,Mobile,India,Medium,2026-06-02
106698,New,Mobile,India,Medium,2026-05-09
106699,Returning,Mobile,India,Low,2026-06-26
106700,Returning,Mobile,Australia,Low,2026-03-25
106701,Returning,Mobile,India,Medium,2026-03-15
106702,New,Mobile,India,Medium,2026-06-12
106703,New,Desktop,India,Medium,2026-08-22
106704,Returning,Desktop,India,Medium,2026-03-17
106705,Returning,Mobile,Australia,High,2026-06-10
106706,Returning,Mobile,India,Low,2026-03-07
106707,Returning,Desktop,India,Medium,2026-03-21
106708,Returning,Mobile,India,High,2026-07-21
106709,Returning,Mobile,India,Low,2026-08-22
106710,Returning,Mobile,India,High,2026-05-18
106711,Returning,Desktop,India,Low,2026-04-28
106712,Returning,Desktop,India,Medium,2026-06-07
106713,New,Mobile,India,Medium,2026-07-29
106714,Returning,Desktop,India,Low,2026-07-03
106715,New,Desktop,India,High,2026-03-27
106716,Returning,Mobile,United Kingdom,Medium,2026-03-15
106717,Returning,Desktop,India,Medium,2026-03-17
106718,Returning,Mobile,United States,High,2026-07-23
106719,New,Mobile,India,Medium,2026-06-27
106720,Returning,Mobile,India,Medium,2026-05-31
106721,Returning,Desktop,United Kingdom,Low,2026-07-15
106722,Returning,Desktop,India,High,2026-08-22
106723,Returning,Mobile,India,Low,2026-04-20
106724,Returning,Mobile,India,Low,2026-07-11
106725,New,Desktop,India,High,2026-04-05
106726,Returning,Mobile,India,Low,2026-05-08
106727,New,Desktop,India,High,2026-07-14
106728,Returning,Desktop,India,High,2026-03-09
106729,New,Desktop,India,High,2026-08-09
106730,Returning,Desktop,India,Medium,2026-04-30
106731,New,Mobile,India,Low,2026-04-04
106732,Returning,Mobile,India,Low,2026-07-24
106733,Returning,Mobile,Canada,Medium,2026-08-19
106734,Returning,Mobile,India,Low,2026-08-25
106735,New,Mobile,India,Low,2026-06-10
106736,New,Mobile,Canada,Medium,2026-07-14
106737,Returning,Desktop,United Kingdom,Medium,2026-07-23
106738,Returning,Mobile,India,Medium,2026-04-28
106739,Returning,Mobile,India,Low,2026-03-09
106740,Returning,Mobile,India,Low,2026-08-15
106741,Returning,Mobile,India,Low,2026-08-24
106742,Returning,Mobile,India,High,2026-04-20
106743,New,Mobile,India,Low,2026-04-11
106744,New,Mobile,India,Medium,2026-04-25
106745,New,Desktop,United Kingdom,Low,2026-06-29
106746,Returning,Mobile,India,High,2026-05-28
106747,Returning,Mobile,India,Medium,2026-04-05
106748,Returning,Desktop,India,Medium,2026-08-20
106749,Returning,Mobile,India,Medium,2026-04-05
106750,Returning,Desktop,India,Medium,2026-08-24
106751,New,Mobile,United States,Low,2026-06-26
106752,Returning,Mobile,India,High,2026-08-07
106753,New,Mobile,India,Medium,2026-07-25
106754,Returning,Mobile,India,Low,2026-04-07
106755,Returning,Mobile,United Kingdom,Low,2026-05-29
106756,Returning,Mobile,India,Medium,2026-05-26
106757,Returning,Mobile,India,Medium,2026-08-17
106758,New,Mobile,India,Medium,2026-06-29
106759,Returning,Desktop,India,Low,2026-04-08
106760,New,Mobile,India,Low,2026-06-11
106761,Returning,Desktop,India,Medium,2026-05-16
106762,Returning,Desktop,United Kingdom,Medium,2026-03-10
106763,New,Mobile,United Kingdom,Low,2026-07-23
106764,Returning,Mobile,Canada,Medium,2026-05-30
106765,New,Desktop,Canada,High,2026-08-30
106766,Returning,Desktop,India,High,2026-07-10
106767,Returning,Mobile,Canada,Low,2026-05-29
106768,New,Desktop,India,Low,2026-08-27
106769,Returning,Mobile,Canada,Medium,2026-06-21
106770,Returning,Mobile,India,Low,2026-05-16
106771,Returning,Desktop,India,Medium,2026-07-02
106772,Returning,Desktop,India,High,2026-06-28
106773,Returning,Mobile,India,Medium,2026-05-25
106774,Returning,Mobile,Australia,Low,2026-07-26
106775,Returning,Desktop,India,High,2026-07-21
106776,Returning,Mobile,India,Low,2026-06-16
106777,Returning,Desktop,Australia,Low,2026-08-10
106778,Returning,Mobile,India,High,2026-03-07
106779,Returning,Mobile,India,Low,2026-08-30
106780,New,Mobile,India,Medium,2026-05-18
106781,Returning,Mobile,India,Low,2026-05-05
106782,Returning,Desktop,United Kingdom,High,2026-07-09
106783,Returning,Mobile,India,Medium,2026-07-26
106784,Returning,Mobile,India,Low,2026-08-25
106785,Returning,Desktop,India,Medium,2026-03-10
106786,Returning,Mobile,India,Low,2026-06-13
106787,New,Desktop,India,Medium,2026-04-28
106788,Returning,Mobile,India,Medium,2026-04-11
106789,Returning,Desktop,Canada,Medium,2026-05-30
106790,New,Mobile,Australia,Low,2026-06-01
106791,New,Mobile,India,Low,2026-05-20
106792,Returning,Mobile,India,High,2026-03-09
106793,Returning,Mobile,United States,Low,2026-07-23
106794,Returning,Desktop,India,Low,2026-06-25
106795,New,Desktop,United Kingdom,Low,2026-05-22
106796,Returning,Mobile,United Kingdom,Medium,2026-08-01
106797,Returning,Mobile,Canada,High,2026-07-21
106798,New,Mobile,India,Low,2026-06-05
106799,Returning,Mobile,India,Low,2026-03-24
106800,New,Desktop,India,High,2026-08-31
106801,Returning,Desktop,India,High,2026-07-04
106802,Returning,Desktop,United States,High,2026-08-10
106803,New,Mobile,Canada,Medium,2026-08-13
106804,New,Mobile,India,Low,2026-03-13
106805,Returning,Mobile,India,Medium,2026-06-10
106806,Returning,Mobile,India,Low,2026-08-07
106807,New,Mobile,India,Low,2026-05-28
106808,Returning,Mobile,India,Low,2026-09-01
106809,New,Mobile,United States,Low,2026-08-08
106810,Returning,Desktop,India,Medium,2026-08-10
106811,Returning,Mobile,India,High,2026-06-11
106812,Returning,Mobile,India,High,2026-06-14
106813,New,Mobile,India,Low,2026-05-31
106814,Returning,Mobile,India,Low,2026-04-21
106815,Returning,Mobile,India,High,2026-08-14
106816,New,Mobile,India,High,2026-07-08
106817,Returning,Desktop,India,Low,2026-07-20
106818,Returning,Desktop,India,Medium,2026-08-17
106819,Returning,Desktop,India,Medium,2026-07-12
106820,Returning,Desktop,India,Low,2026-05-25
106821,Returning,Mobile,India,Low,2026-06-15
106822,Returning,Mobile,India,Medium,2026-07-07
106823,Returning,Mobile,Australia,Low,2026-07-26
106824,Returning,Mobile,India,Low,2026-04-03
106825,New,Desktop,United States,Low,2026-07-29
106826,New,Desktop,India,Medium,2026-08-01
106827,Returning,Mobile,India,Medium,2026-06-02
106828,Returning,Desktop,United States,Medium,2026-06-19
106829,New,Desktop,United States,Low,2026-03-20
106830,Returning,Mobile,India,Low,2026-03-07
106831,Returning,Mobile,India,Medium,2026-03-30
106832,Returning,Mobile,United States,Medium,2026-08-23
106833,Returning,Mobile,United Kingdom,Medium,2026-05-05
106834,Returning,Desktop,India,Medium,2026-06-27
106835,Returning,Mobile,India,Low,2026-07-28
106836,Returning,Desktop,India,High,2026-06-30
106837,Returning,Mobile,United Kingdom,Low,2026-03-24
106838,Returning,Mobile,India,Low,2026-07-28
106839,Returning,Mobile,India,Low,2026-08-05
106840,Returning,Mobile,India,Medium,2026-08-06
106841,Returning,Mobile,India,High,2026-03-06
106842,New,Mobile,India,Medium,2026-06-01
106843,New,Desktop,Australia,High,2026-05-25
106844,Returning,Desktop,India,Low,2026-07-31
106845,Returning,Mobile,India,High,2026-03-10
106846,Returning,Mobile,India,Low,2026-03-05
106847,Returning,Mobile,India,Medium,2026-06-09
106848,Returning,Mobile,India,Low,2026-08-30
106849,Returning,Desktop,United States,Medium,2026-04-18
106850,Returning,Mobile,Australia,Medium,2026-05-24
106851,New,Mobile,United Kingdom,High,2026-03-05
106852,Returning,Desktop,India,Low,2026-04-14
106853,Returning,Desktop,India,Medium,2026-04-18
106854,Returning,Desktop,India,Low,2026-06-08
106855,Returning,Mobile,India,Medium,2026-04-17
106856,New,Mobile,India,Medium,2026-08-30
106857,Returning,Desktop,India,High,2026-03-06
106858,New,Desktop,India,Low,2026-07-01
106859,Returning,Desktop,India,Medium,2026-07-21
106860,New,Mobile,India,Low,2026-05-24
106861,Returning,Mobile,Canada,Low,2026-08-01
106862,New,Desktop,India,Medium,2026-04-04
106863,Returning,Desktop,India,Low,2026-08-24
106864,Returning,Mobile,India,High,2026-07-08
106865,Returning,Desktop,India,Medium,2026-08-13
106866,Returning,Mobile,United Kingdom,Low,2026-07-13
106867,Returning,Mobile,India,Low,2026-04-02
106868,Returning,Desktop,United States,Medium,2026-06-09
106869,Returning,Mobile,India,Medium,2026-04-14
106870,New,Mobile,Australia,Low,2026-08-16
106871,New,Mobile,India,Low,2026-07-02
106872,Returning,Mobile,Australia,Medium,2026-05-12
106873,Returning,Mobile,India,High,2026-06-06
106874,Returning,Desktop,India,Low,2026-03-10
106875,Returning,Desktop,Australia,Low,2026-08-12
106876,Returning,Mobile,India,Low,2026-05-16
106877,Returning,Mobile,United Kingdom,Medium,2026-03-15
106878,Returning,Mobile,United States,Medium,2026-08-26
106879,Returning,Mobile,India,Low,2026-08-16
106880,New,Desktop,India,High,2026-04-11
106881,Returning,Mobile,United Kingdom,Medium,2026-04-18
106882,Returning,Desktop,India,Low,2026-05-08
106883,Returning,Mobile,United States,Low,2026-06-27
106884,Returning,Mobile,India,Medium,2026-03-19
106885,Returning,Mobile,United Kingdom,Low,2026-08-18
106886,Returning,Mobile,India,High,2026-06-27
106887,New,Desktop,India,High,2026-05-27
106888,Returning,Mobile,United States,Medium,2026-03-20
106889,Returning,Mobile,United Kingdom,Low,2026-05-24
106890,Returning,Mobile,India,High,2026-06-19
106891,Returning,Mobile,United States,Medium,2026-06-20
106892,Returning,Mobile,India,Medium,2026-04-24
106893,Returning,Mobile,India,High,2026-08-11
106894,Returning,Mobile,India,High,2026-07-31
106895,New,Mobile,India,Medium,2026-08-17
106896,New,Mobile,India,Medium,2026-07-06
106897,Returning,Desktop,India,Low,2026-03-28
106898,Returning,Mobile,India,Low,2026-05-08
106899,Returning,Desktop,India,High,2026-05-17
106900,New,Mobile,Australia,Low,2026-04-14
106901,Returning,Desktop,India,High,2026-07-19
106902,New,Desktop,India,Low,2026-05-14
106903,Returning,Mobile,India,Medium,2026-08-14
106904,New,Mobile,India,Low,2026-07-21
106905,Returning,Mobile,United States,Medium,2026-08-16
106906,New,Desktop,India,Medium,2026-05-16
106907,Returning,Desktop,United States,High,2026-04-12
106908,Returning,Mobile,United States,Medium,2026-07-28
106909,New,Desktop,United Kingdom,Low,2026-03-31
106910,New,Desktop,India,Medium,2026-06-14
106911,Returning,Mobile,India,Medium,2026-03-22
106912,Returning,Mobile,India,Medium,2026-05-17
106913,Returning,Desktop,India,Low,2026-08-02
106914,Returning,Mobile,India,Low,2026-04-15
106915,Returning,Desktop,India,Low,2026-05-10
106916,Returning,Mobile,India,Low,2026-04-06
106917,Returning,Mobile,India,Medium,2026-04-07
106918,Returning,Mobile,India,Low,2026-07-08
106919,Returning,Desktop,India,Medium,2026-08-02
106920,Returning,Mobile,United States,Medium,2026-03-25
106921,Returning,Mobile,India,High,2026-07-03
106922,Returning,Desktop,United States,Low,2026-07-14
106923,New,Mobile,India,Low,2026-03-24
106924,Returning,Desktop,Australia,Medium,2026-08-28
106925,Returning,Desktop,India,High,2026-08-12
106926,Returning,Mobile,India,Low,2026-03-20
106927,Returning,Desktop,India,High,2026-08-22
106928,Returning,Desktop,Australia,Low,2026-08-11
106929,New,Mobile,United States,Low,2026-03-14
106930,Returning,Desktop,United States,Low,2026-04-22
106931,New,Mobile,India,High,2026-04-12
106932,New,Mobile,India,Medium,2026-04-29
106933,Returning,Desktop,India,Low,2026-05-09
106934,New,Mobile,India,High,2026-05-11
106935,Returning,Desktop,India,Low,2026-05-22
106936,New,Mobile,India,Medium,2026-07-05
106937,Returning,Mobile,India,Low,2026-04-30
106938,New,Desktop,United Kingdom,Medium,2026-08-01
106939,Returning,Mobile,Australia,High,2026-05-05
106940,New,Mobile,India,Low,2026-03-25
106941,Returning,Mobile,India,High,2026-08-18
106942,Returning,Desktop,United Kingdom,Medium,2026-05-30
106943,New,Mobile,United States,Low,2026-07-01
106944,Returning,Mobile,India,Low,2026-06-28
106945,Returning,Mobile,United Kingdom,High,2026-06-02
106946,New,Mobile,India,Low,2026-06-15
106947,New,Desktop,India,Low,2026-08-06
106948,New,Desktop,India,Low,2026-07-08
106949,Returning,Mobile,United States,Low,2026-03-21
106950,Returning,Mobile,United States,Low,2026-05-26
106951,New,Mobile,India,Low,2026-04-14
106952,Returning,Mobile,Canada,Low,2026-03-23
106953,Returning,Desktop,India,Low,2026-03-08
106954,New,Mobile,Australia,Medium,2026-05-03
106955,Returning,Mobile,India,Low,2026-06-08
106956,Returning,Mobile,India,Medium,2026-06-01
106957,Returning,Desktop,India,Low,2026-04-03
106958,Returning,Mobile,India,Medium,2026-04-08
106959,Returning,Mobile,India,High,2026-08-14
106960,Returning,Mobile,India,Low,2026-05-06
106961,Returning,Mobile,Canada,Medium,2026-05-20
106962,Returning,Mobile,India,High,2026-06-08
106963,Returning,Mobile,India,Medium,2026-04-05
106964,Returning,Desktop,United States,Medium,2026-06-22
106965,Returning,Mobile,India,Medium,2026-05-22
106966,Returning,Desktop,India,High,2026-03-29
106967,Returning,Mobile,India,Low,2026-05-18
106968,New,Mobile,Australia,High,2026-04-27
106969,Returning,Desktop,India,High,2026-03-20
106970,New,Mobile,India,Medium,2026-07-07
106971,Returning,Mobile,Australia,Low,2026-03-24
106972,Returning,Desktop,India,Medium,2026-07-20
106973,Returning,Mobile,India,Low,2026-04-10
106974,Returning,Mobile,United Kingdom,Low,2026-06-02
106975,Returning,Desktop,India,Low,2026-05-23
106976,Returning,Desktop,United States,Medium,2026-03-08
106977,New,Mobile,United States,Low,2026-08-29
106978,New,Desktop,India,High,2026-07-07
106979,Returning,Mobile,India,Low,2026-04-19
106980,New,Mobile,India,Low,2026-08-25
106981,Returning,Mobile,India,Low,2026-07-14
106982,Returning,Desktop,India,High,2026-07-07
106983,Returning,Mobile,India,Medium,2026-06-01
106984,New,Mobile,India,Low,2026-05-02
106985,New,Mobile,United Kingdom,Low,2026-06-04
106986,New,Desktop,India,Medium,2026-05-15
106987,Returning,Mobile,United States,Medium,2026-07-08
106988,Returning,Desktop,India,Low,2026-04-10
106989,New,Desktop,United States,High,2026-05-30
106990,Returning,Mobile,India,Low,2026-05-21
106991,Returning,Mobile,India,Low,2026-08-08
106992,Returning,Mobile,India,Medium,2026-08-24
106993,Returning,Mobile,India,Medium,2026-04-26
106994,New,Desktop,India,Medium,2026-04-13
106995,Returning,Mobile,India,High,2026-07-30
106996,New,Mobile,United Kingdom,Medium,2026-05-29
106997,Returning,Mobile,India,Low,2026-04-04
106998,Returning,Mobile,India,Medium,2026-08-13
106999,New,Mobile,India,Medium,2026-06-21
107000,Returning,Desktop,India,Low,2026-07-29
107001,Returning,Desktop,India,Medium,2026-04-18
107002,Returning,Desktop,India,High,2026-05-22
107003,New,Mobile,India,Medium,2026-03-28
107004,New,Mobile,Canada,Medium,2026-09-01
107005,Returning,Mobile,India,Medium,2026-05-10
107006,Returning,Mobile,India,Low,2026-04-07
107007,New,Mobile,Australia,Low,2026-07-08
107008,Returning,Mobile,India,Low,2026-06-12
107009,New,Desktop,India,Low,2026-07-28
107010,Returning,Mobile,India,High,2026-06-01
107011,New,Desktop,United States,Low,2026-07-06
107012,Returning,Mobile,United States,Medium,2026-08-03
107013,Returning,Mobile,Australia,Medium,2026-08-18
107014,Returning,Desktop,Canada,Medium,2026-06-21
107015,New,Desktop,United States,Medium,2026-06-15
107016,Returning,Mobile,India,Medium,2026-08-17
107017,Returning,Desktop,India,Medium,2026-06-09
107018,Returning,Desktop,India,Low,2026-03-22
107019,Returning,Mobile,India,Low,2026-08-27
107020,Returning,Mobile,Australia,Low,2026-07-11
107021,Returning,Mobile,India,Medium,2026-06-11
107022,Returning,Mobile,United Kingdom,Medium,2026-08-25
107023,Returning,Desktop,India,High,2026-08-22
107024,Returning,Mobile,India,Low,2026-03-31
107025,New,Mobile,India,Low,2026-05-01
107026,New,Desktop,United States,Medium,2026-06-23
107027,Returning,Mobile,India,Low,2026-03-30
107028,Returning,Mobile,United Kingdom,Medium,2026-08-15
107029,Returning,Mobile,India,Medium,2026-08-30
107030,Returning,Mobile,India,Low,2026-07-02
107031,Returning,Mobile,India,High,2026-05-24
107032,Returning,Desktop,United Kingdom,Medium,2026-04-23
107033,Returning,Desktop,India,Medium,2026-06-16
107034,Returning,Desktop,India,Medium,2026-08-18
107035,Returning,Mobile,Australia,Medium,2026-04-21
107036,Returning,Mobile,India,Low,2026-08-14
107037,New,Desktop,India,Low,2026-03-05
107038,New,Mobile,Australia,Low,2026-03-08
107039,Returning,Mobile,India,Medium,2026-03-22
107040,New,Desktop,India,Medium,2026-06-21
107041,Returning,Mobile,United States,High,2026-03-18
107042,New,Mobile,United Kingdom,Medium,2026-06-19
107043,Returning,Mobile,India,Low,2026-04-14
107044,New,Mobile,India,Low,2026-05-14
107045,Returning,Desktop,India,Low,2026-08-22
107046,Returning,Mobile,Australia,High,2026-08-02
107047,New,Mobile,Canada,Low,2026-08-13
107048,Returning,Mobile,India,Low,2026-06-03
107049,New,Mobile,India,Medium,2026-08-11
107050,Returning,Mobile,United States,Low,2026-05-31
107051,Returning,Desktop,United Kingdom,Low,2026-03-11
107052,Returning,Mobile,India,Low,2026-08-22
107053,New,Desktop,India,Medium,2026-06-13
107054,Returning,Mobile,India,Medium,2026-08-05
107055,Returning,Mobile,India,Low,2026-05-31
107056,Returning,Desktop,United Kingdom,Low,2026-08-31
107057,New,Mobile,India,Medium,2026-03-23
107058,Returning,Desktop,India,Low,2026-04-22
107059,New,Desktop,India,High,2026-08-11
107060,Returning,Mobile,United Kingdom,Medium,2026-06-01
107061,Returning,Mobile,India,Medium,2026-05-25
107062,Returning,Desktop,India,High,2026-03-15
107063,New,Mobile,India,Medium,2026-04-17
107064,New,Desktop,India,High,2026-05-25
107065,Returning,Desktop,India,Low,2026-06-10
107066,Returning,Mobile,India,Low,2026-06-22
107067,Returning,Mobile,Canada,Low,2026-07-01
107068,New,Mobile,Australia,Low,2026-06-23
107069,Returning,Desktop,United States,Medium,2026-04-14
107070,New,Mobile,Canada,High,2026-09-01
107071,Returning,Desktop,United Kingdom,Low,2026-04-08
107072,Returning,Desktop,India,Medium,2026-03-25
107073,New,Desktop,India,Medium,2026-03-10
107074,Returning,Mobile,Canada,Low,2026-07-18
107075,Returning,Desktop,India,Medium,2026-04-17
107076,Returning,Mobile,Canada,Medium,2026-08-24
107077,Returning,Mobile,India,Low,2026-03-31
107078,Returning,Mobile,India,Medium,2026-06-23
107079,Returning,Mobile,India,Medium,2026-04-23
107080,Returning,Desktop,India,Low,2026-04-12
107081,New,Desktop,India,Medium,2026-07-01
107082,Returning,Mobile,India,Low,2026-08-27
107083,Returning,Desktop,India,High,2026-03-20
107084,New,Mobile,India,High,2026-03-12
107085,New,Desktop,India,Medium,2026-03-19
107086,Returning,Mobile,United States,High,2026-08-05
107087,Returning,Mobile,India,Low,2026-04-14
107088,New,Mobile,India,Medium,2026-04-20
107089,New,Mobile,India,Low,2026-05-15
107090,Returning,Desktop,India,High,2026-08-28
107091,Returning,Mobile,India,Low,2026-05-06
107092,Returning,Mobile,India,High,2026-05-28
107093,Returning,Mobile,United States,Low,2026-06-30
107094,Returning,Desktop,India,Medium,2026-07-30
107095,Returning,Desktop,India,Low,2026-04-06
107096,Returning,Desktop,United States,Low,2026-05-19
107097,New,Mobile,India,Medium,2026-05-18
107098,Returning,Mobile,Canada,Medium,2026-08-23
107099,Returning,Mobile,India,High,2026-07-15
107100,New,Desktop,India,Medium,2026-04-12
107101,Returning,Mobile,India,Low,2026-07-02
107102,Returning,Mobile,India,Low,2026-05-15
107103,Returning,Mobile,India,Medium,2026-08-27
107104,New,Mobile,India,Low,2026-08-22
107105,New,Mobile,Australia,Low,2026-07-07
107106,Returning,Mobile,United States,High,2026-07-03
107107,New,Mobile,India,High,2026-05-20
107108,New,Mobile,India,Low,2026-05-19
107109,Returning,Desktop,India,Low,2026-08-01
107110,Returning,Desktop,Australia,Medium,2026-06-05
107111,New,Desktop,India,High,2026-05-09
107112,Returning,Desktop,India,Low,2026-08-30
107113,Returning,Mobile,Australia,High,2026-03-17
107114,Returning,Mobile,India,Low,2026-07-27
107115,Returning,Mobile,Australia,Medium,2026-05-24
107116,Returning,Desktop,India,High,2026-04-21
107117,Returning,Mobile,India,Low,2026-05-29
107118,Returning,Mobile,India,Low,2026-07-28
107119,New,Desktop,Canada,Medium,2026-05-04
107120,Returning,Mobile,Canada,Low,2026-05-06
107121,New,Desktop,India,Low,2026-04-10
107122,Returning,Desktop,India,High,2026-04-05
107123,New,Mobile,India,High,2026-05-17
107124,Returning,Mobile,India,High,2026-05-21
107125,Returning,Mobile,Australia,Low,2026-04-19
107126,New,Mobile,India,Low,2026-04-06
107127,New,Mobile,India,Low,2026-06-18
107128,Returning,Mobile,India,High,2026-03-19
107129,New,Mobile,India,Low,2026-04-22
107130,New,Desktop,India,Medium,2026-03-31
107131,Returning,Mobile,India,Low,2026-04-24
107132,Returning,Desktop,India,Low,2026-07-23
107133,Returning,Desktop,India,Low,2026-05-27
107134,Returning,Mobile,United States,High,2026-04-12
107135,New,Mobile,India,Low,2026-03-19
107136,Returning,Mobile,India,High,2026-08-19
107137,Returning,Mobile,India,Low,2026-05-08
107138,Returning,Desktop,India,Low,2026-07-19
107139,Returning,Mobile,India,Low,2026-08-07
107140,Returning,Desktop,India,Medium,2026-08-28
107141,Returning,Mobile,United Kingdom,Low,2026-03-18
107142,New,Desktop,India,Low,2026-08-21
107143,Returning,Mobile,United States,High,2026-07-19
107144,Returning,Mobile,India,Medium,2026-08-23
107145,Returning,Mobile,India,Low,2026-06-14
107146,Returning,Mobile,United States,High,2026-07-09
107147,Returning,Mobile,India,Low,2026-03-24
107148,Returning,Desktop,United States,Low,2026-03-07
107149,Returning,Mobile,India,Low,2026-07-01
107150,Returning,Mobile,Australia,Medium,2026-08-14
107151,Returning,Mobile,India,Low,2026-07-01
107152,Returning,Desktop,India,Medium,2026-05-10
107153,Returning,Desktop,India,Medium,2026-06-05
107154,New,Desktop,India,Low,2026-08-12
107155,Returning,Mobile,India,High,2026-07-05
107156,Returning,Desktop,India,Medium,2026-04-18
107157,Returning,Desktop,India,Low,2026-07-27
107158,Returning,Desktop,India,Medium,2026-06-06
107159,Returning,Mobile,Canada,Medium,2026-08-12
107160,Returning,Mobile,India,Medium,2026-07-22
107161,New,Desktop,India,Medium,2026-07-02
107162,Returning,Mobile,Australia,Low,2026-03-22
107163,Returning,Mobile,India,Low,2026-04-01
107164,Returning,Desktop,India,Medium,2026-06-06
107165,Returning,Desktop,India,Medium,2026-05-11
107166,Returning,Desktop,India,Medium,2026-08-16
107167,New,Desktop,India,Medium,2026-03-23
107168,New,Mobile,India,Low,2026-07-29
107169,Returning,Desktop,India,Medium,2026-03-25
107170,New,Mobile,Canada,Medium,2026-03-10
107171,Returning,Desktop,India,Medium,2026-07-06
107172,Returning,Mobile,United States,Medium,2026-08-15
107173,Returning,Mobile,United States,Medium,2026-07-03
107174,New,Mobile,India,Low,2026-06-29
107175,New,Desktop,Canada,Low,2026-08-22
107176,Returning,Mobile,United States,Low,2026-08-05
107177,Returning,Desktop,India,Medium,2026-08-21
107178,Returning,Desktop,United States,Medium,2026-04-14
107179,Returning,Desktop,Canada,High,2026-03-31
107180,Returning,Mobile,India,Low,2026-08-05
107181,Returning,Mobile,India,Low,2026-08-02
107182,Returning,Mobile,India,Medium,2026-08-15
107183,New,Mobile,Australia,Medium,2026-03-18
107184,Returning,Mobile,India,Low,2026-04-10
107185,Returning,Mobile,India,Low,2026-06-21
107186,Returning,Mobile,India,Low,2026-07-29
107187,Returning,Mobile,India,Low,2026-03-13
107188,Returning,Mobile,India,Medium,2026-07-07
107189,Returning,Desktop,India,Low,2026-06-29
107190,New,Mobile,India,Low,2026-06-16
107191,Returning,Desktop,India,Low,2026-05-20
107192,Returning,Desktop,India,Low,2026-08-17
107193,New,Mobile,India,Low,2026-07-06
107194,Returning,Mobile,India,High,2026-06-16
107195,Returning,Mobile,Australia,High,2026-05-08
107196,Returning,Mobile,India,Medium,2026-06-05
107197,New,Desktop,India,Low,2026-04-11
107198,Returning,Mobile,Canada,Low,2026-07-24
107199,Returning,Mobile,Australia,Medium,2026-06-19
107200,Returning,Mobile,India,Medium,2026-07-06
107201,Returning,Desktop,India,Medium,2026-04-16
107202,Returning,Mobile,India,Low,2026-08-09
107203,Returning,Mobile,India,Low,2026-08-23
107204,New,Desktop,India,Low,2026-04-27
107205,Returning,Desktop,India,Low,2026-04-19
107206,Returning,Desktop,India,Medium,2026-06-04
107207,Returning,Mobile,United Kingdom,Medium,2026-07-03
107208,New,Mobile,United States,Medium,2026-05-14
107209,Returning,Mobile,India,Low,2026-03-13
107210,New,Mobile,India,Medium,2026-08-23
107211,Returning,Mobile,India,Medium,2026-07-05
107212,Returning,Desktop,India,Medium,2026-03-06
107213,Returning,Mobile,United States,Medium,2026-08-14
107214,Returning,Mobile,India,Low,2026-08-04
107215,Returning,Mobile,India,Medium,2026-05-26
107216,Returning,Mobile,India,Medium,2026-06-29
107217,Returning,Mobile,Australia,Medium,2026-06-18
107218,Returning,Mobile,India,Low,2026-05-08
107219,New,Mobile,India,Medium,2026-06-23
107220,Returning,Mobile,India,Low,2026-03-15
107221,Returning,Mobile,Australia,Medium,2026-08-03
107222,New,Mobile,United Kingdom,Low,2026-03-14
107223,Returning,Desktop,India,Medium,2026-07-04
107224,New,Desktop,India,Low,2026-07-22
107225,Returning,Mobile,India,Medium,2026-08-16
107226,Returning,Mobile,Canada,Medium,2026-07-17
107227,Returning,Mobile,India,High,2026-08-13
107228,Returning,Desktop,India,Low,2026-07-15
107229,Returning,Desktop,United Kingdom,Low,2026-03-28
107230,Returning,Desktop,India,Medium,2026-08-28
107231,Returning,Desktop,India,Low,2026-04-27
107232,Returning,Desktop,India,Medium,2026-04-01
107233,Returning,Mobile,India,Medium,2026-07-03
107234,Returning,Mobile,India,High,2026-05-15
107235,New,Desktop,India,Low,2026-06-16
107236,Returning,Mobile,India,Medium,2026-03-26
107237,Returning,Mobile,India,High,2026-04-24
107238,New,Mobile,India,Medium,2026-05-23
107239,Returning,Desktop,India,Medium,2026-03-23
107240,Returning,Mobile,United States,Low,2026-07-29
107241,Returning,Mobile,United Kingdom,Medium,2026-03-12
107242,Returning,Mobile,India,High,2026-04-11
107243,Returning,Mobile,United States,High,2026-08-02
107244,Returning,Mobile,India,High,2026-04-10
107245,Returning,Mobile,Canada,Medium,2026-03-20
107246,Returning,Desktop,India,Low,2026-08-05
107247,Returning,Mobile,India,Low,2026-08-06
107248,Returning,Desktop,India,Medium,2026-06-02
107249,New,Mobile,India,Medium,2026-07-25
107250,Returning,Mobile,India,Medium,2026-06-04
107251,Returning,Desktop,India,Medium,2026-05-20
107252,New,Desktop,India,High,2026-07-01
107253,New,Mobile,United States,Medium,2026-08-30
107254,Returning,Desktop,India,Medium,2026-06-25
107255,Returning,Desktop,India,Low,2026-05-30
107256,Returning,Desktop,India,Medium,2026-05-29
107257,Returning,Mobile,Canada,Low,2026-03-06
107258,Returning,Desktop,India,Low,2026-04-26
107259,Returning,Desktop,India,Medium,2026-03-14
107260,New,Mobile,Canada,High,2026-04-10
107261,Returning,Mobile,United Kingdom,Low,2026-05-11
107262,Returning,Mobile,India,Low,2026-03-20
107263,Returning,Mobile,India,Medium,2026-05-17
107264,Returning,Mobile,India,Medium,2026-03-22
107265,Returning,Mobile,India,Medium,2026-04-06
107266,Returning,Desktop,United Kingdom,Medium,2026-04-23
107267,New,Mobile,India,High,2026-06-03
107268,Returning,Mobile,India,Low,2026-06-14
107269,New,Desktop,United Kingdom,Medium,2026-07-17
107270,New,Desktop,India,Medium,2026-04-14
107271,Returning,Mobile,India,Low,2026-08-30
107272,Returning,Desktop,Canada,High,2026-03-26
107273,Returning,Mobile,India,Medium,2026-03-29
107274,Returning,Mobile,India,Low,2026-07-22
107275,Returning,Desktop,India,Medium,2026-06-30
107276,New,Mobile,Australia,High,2026-05-29
107277,Returning,Mobile,India,Medium,2026-03-09
107278,Returning,Mobile,United States,Low,2026-07-24
107279,Returning,Mobile,India,Low,2026-04-04
107280,Returning,Mobile,United Kingdom,Low,2026-07-19
107281,New,Mobile,United Kingdom,Low,2026-04-25
107282,New,Desktop,United Kingdom,Medium,2026-04-17
107283,Returning,Mobile,India,Medium,2026-08-10
107284,Returning,Mobile,India,Low,2026-04-02
107285,New,Mobile,India,Medium,2026-06-22
107286,New,Desktop,India,Medium,2026-05-17
107287,Returning,Desktop,India,High,2026-04-11
107288,Returning,Mobile,India,High,2026-03-14
107289,New,Desktop,India,High,2026-07-02
107290,Returning,Mobile,India,Low,2026-04-02
107291,Returning,Desktop,Canada,High,2026-07-13
107292,Returning,Mobile,India,Medium,2026-08-27
107293,Returning,Desktop,India,Medium,2026-08-28
107294,New,Desktop,India,Medium,2026-07-04
107295,Returning,Mobile,India,Low,2026-07-15
107296,New,Desktop,United Kingdom,High,2026-07-07
107297,Returning,Mobile,Australia,High,2026-04-24
107298,Returning,Mobile,United States,Medium,2026-08-30
107299,Returning,Mobile,India,Low,2026-03-24
107300,New,Mobile,India,Low,2026-07-15
107301,New,Desktop,India,Medium,2026-04-12
107302,Returning,Desktop,United Kingdom,Medium,2026-04-01
107303,Returning,Mobile,India,Low,2026-07-29
107304,Returning,Mobile,India,Low,2026-06-22
107305,Returning,Mobile,India,Low,2026-08-26
107306,Returning,Mobile,Canada,Medium,2026-06-09
107307,New,Mobile,United States,Low,2026-08-09
107308,Returning,Mobile,India,High,2026-04-16
107309,Returning,Mobile,India,Low,2026-06-15
107310,Returning,Desktop,United States,Medium,2026-03-06
107311,Returning,Desktop,India,High,2026-08-29
107312,Returning,Mobile,India,Low,2026-08-06
107313,Returning,Desktop,India,High,2026-06-25
107314,Returning,Mobile,India,Medium,2026-04-26
107315,Returning,Mobile,India,Medium,2026-05-29
107316,Returning,Mobile,India,Low,2026-04-26
107317,New,Desktop,India,Low,2026-06-26
107318,Returning,Mobile,India,Medium,2026-07-09
107319,Returning,Mobile,India,Medium,2026-04-14
107320,Returning,Mobile,India,Low,2026-04-05
107321,New,Desktop,India,Low,2026-03-11
107322,Returning,Mobile,India,Medium,2026-06-05
107323,Returning,Mobile,India,Medium,2026-03-13
107324,New,Mobile,India,Low,2026-05-23
107325,Returning,Desktop,India,Low,2026-08-27
107326,Returning,Mobile,India,Low,2026-05-20
107327,Returning,Desktop,Canada,High,2026-06-22
107328,Returning,Mobile,Australia,Medium,2026-06-19
107329,New,Mobile,India,Medium,2026-05-12
107330,New,Desktop,India,Low,2026-05-27
107331,Returning,Mobile,India,Medium,2026-03-17
107332,Returning,Desktop,India,Low,2026-08-14
107333,Returning,Desktop,India,High,2026-05-13
107334,Returning,Mobile,India,Low,2026-03-14
107335,New,Mobile,India,Low,2026-06-28
107336,Returning,Desktop,India,High,2026-05-28
107337,Returning,Desktop,India,Medium,2026-08-26
107338,Returning,Mobile,Australia,High,2026-05-20
107339,Returning,Desktop,India,High,2026-04-03
107340,New,Desktop,India,High,2026-05-16
107341,Returning,Desktop,India,Medium,2026-07-19
107342,Returning,Mobile,India,High,2026-05-16
107343,Returning,Mobile,India,Medium,2026-03-30
107344,New,Mobile,Canada,Medium,2026-05-10
107345,New,Mobile,India,Medium,2026-05-17
107346,Returning,Desktop,India,Medium,2026-03-18
107347,New,Mobile,India,Medium,2026-05-28
107348,Returning,Desktop,India,Medium,2026-05-01
107349,New,Desktop,India,Low,2026-05-15
107350,Returning,Mobile,India,Medium,2026-07-01
107351,New,Mobile,United States,Medium,2026-08-03
107352,New,Mobile,India,Low,2026-04-19
107353,Returning,Desktop,India,Medium,2026-03-25
107354,Returning,Desktop,India,Low,2026-05-25
107355,Returning,Mobile,India,Low,2026-08-13
107356,New,Mobile,India,Low,2026-03-27
107357,Returning,Desktop,India,Low,2026-07-06
107358,Returning,Mobile,India,Low,2026-07-22
107359,New,Mobile,India,Medium,2026-04-11
107360,Returning,Mobile,India,Low,2026-08-17
107361,New,Desktop,India,Low,2026-03-11
107362,Returning,Mobile,India,Low,2026-05-28
107363,Returning,Desktop,Australia,Low,2026-05-13
107364,Returning,Desktop,India,High,2026-04-21
107365,New,Mobile,India,High,2026-06-18
107366,New,Desktop,India,High,2026-05-21
107367,Returning,Mobile,India,Medium,2026-05-06
107368,Returning,Desktop,United States,Low,2026-05-21
107369,Returning,Mobile,India,High,2026-06-12
107370,Returning,Mobile,India,Low,2026-04-25
107371,Returning,Desktop,India,Low,2026-05-17
107372,Returning,Mobile,United Kingdom,Low,2026-05-19
107373,Returning,Mobile,India,High,2026-06-29
107374,Returning,Desktop,India,Low,2026-06-21
107375,New,Desktop,India,Low,2026-03-10
107376,Returning,Mobile,United States,Low,2026-07-13
107377,Returning,Mobile,India,Medium,2026-06-20
107378,New,Mobile,India,High,2026-08-29
107379,Returning,Mobile,Australia,Low,2026-07-07
107380,Returning,Mobile,United States,Medium,2026-08-25
107381,Returning,Desktop,United States,Medium,2026-05-17
107382,New,Mobile,Canada,Low,2026-07-17
107383,Returning,Mobile,Canada,Medium,2026-04-20
107384,Returning,Mobile,India,High,2026-04-13
107385,New,Mobile,India,Medium,2026-06-15
107386,Returning,Desktop,India,Low,2026-05-15
107387,Returning,Desktop,India,Medium,2026-04-02
107388,Returning,Mobile,Canada,High,2026-07-17
107389,Returning,Mobile,India,Low,2026-08-03
107390,Returning,Mobile,India,Medium,2026-04-12
107391,New,Mobile,Canada,High,2026-04-26
107392,Returning,Mobile,United Kingdom,Low,2026-05-24
107393,Returning,Mobile,United Kingdom,Low,2026-06-26
107394,Returning,Mobile,India,Medium,2026-06-06
107395,New,Mobile,India,Low,2026-07-30
107396,Returning,Mobile,United States,Low,2026-07-17
107397,Returning,Mobile,India,Medium,2026-04-19
107398,Returning,Mobile,United Kingdom,Low,2026-08-04
107399,Returning,Desktop,Australia,Medium,2026-08-18
107400,Returning,Mobile,India,Low,2026-07-21
107401,New,Desktop,United States,Medium,2026-04-08
107402,New,Mobile,India,High,2026-06-13
107403,Returning,Desktop,India,Low,2026-07-21
107404,New,Mobile,United States,Low,2026-03-26
107405,Returning,Mobile,United Kingdom,Low,2026-08-05
107406,Returning,Mobile,United States,Low,2026-05-19
107407,Returning,Mobile,India,Medium,2026-03-13
107408,New,Desktop,India,Low,2026-04-12
107409,Returning,Desktop,India,Low,2026-08-06
107410,Returning,Mobile,Canada,High,2026-08-11
107411,New,Desktop,India,Low,2026-03-15
107412,Returning,Desktop,India,High,2026-07-05
107413,Returning,Mobile,Australia,Low,2026-05-09
107414,New,Mobile,India,Medium,2026-08-11
107415,Returning,Desktop,India,Medium,2026-08-29
107416,Returning,Mobile,India,Low,2026-05-20
107417,Returning,Mobile,India,Low,2026-06-27
107418,Returning,Mobile,India,Medium,2026-06-04
107419,Returning,Mobile,United States,Low,2026-04-05
107420,Returning,Mobile,India,High,2026-07-16
107421,New,Desktop,Australia,Medium,2026-05-08
107422,Returning,Mobile,India,Medium,2026-06-16
107423,Returning,Mobile,India,High,2026-04-18
107424,Returning,Mobile,India,Medium,2026-08-02
107425,Returning,Mobile,India,Low,2026-06-21
107426,New,Mobile,United Kingdom,High,2026-05-12
107427,Returning,Mobile,India,High,2026-05-26
107428,New,Mobile,Australia,Low,2026-08-24
107429,Returning,Desktop,United Kingdom,Low,2026-04-28
107430,Returning,Mobile,United Kingdom,Low,2026-04-30
107431,Returning,Mobile,India,Medium,2026-03-21
107432,Returning,Mobile,United Kingdom,Low,2026-03-11
107433,Returning,Desktop,India,Low,2026-08-17
107434,Returning,Desktop,Australia,Low,2026-05-25
107435,Returning,Desktop,Canada,Medium,2026-04-07
107436,Returning,Mobile,India,Low,2026-05-23
107437,Returning,Desktop,India,High,2026-06-04
107438,Returning,Mobile,India,Medium,2026-07-23
107439,Returning,Desktop,India,Low,2026-03-17
107440,Returning,Mobile,United Kingdom,Medium,2026-07-08
107441,Returning,Desktop,Australia,Medium,2026-05-02
107442,Returning,Desktop,India,Low,2026-06-23
107443,Returning,Mobile,United States,High,2026-08-28
107444,Returning,Mobile,United States,High,2026-08-01
107445,New,Desktop,United States,High,2026-05-03
107446,Returning,Desktop,United Kingdom,Low,2026-08-23
107447,New,Desktop,India,Low,2026-04-11
107448,Returning,Desktop,India,Low,2026-03-07
107449,Returning,Mobile,India,Low,2026-04-08
107450,Returning,Desktop,Australia,High,2026-05-01
107451,Returning,Desktop,India,Medium,2026-07-02
107452,Returning,Mobile,India,Low,2026-04-05
107453,Returning,Mobile,India,Medium,2026-06-12
107454,Returning,Mobile,India,Medium,2026-07-06
107455,Returning,Desktop,Canada,Medium,2026-05-24
107456,New,Mobile,India,Low,2026-07-04
107457,Returning,Desktop,United States,Medium,2026-05-30
107458,Returning,Mobile,India,Low,2026-03-08
107459,Returning,Mobile,Canada,Medium,2026-06-23
107460,New,Mobile,India,Medium,2026-07-08
107461,Returning,Mobile,India,Medium,2026-07-12
107462,Returning,Mobile,India,High,2026-05-05
107463,New,Desktop,India,High,2026-08-24
107464,New,Mobile,India,Medium,2026-05-06
107465,Returning,Mobile,India,Low,2026-06-27
107466,Returning,Mobile,India,Medium,2026-08-21
107467,New,Mobile,India,High,2026-06-01
107468,Returning,Mobile,India,Medium,2026-03-14
107469,Returning,Mobile,India,Low,2026-06-30
107470,Returning,Desktop,India,Medium,2026-05-24
107471,Returning,Desktop,India,Medium,2026-04-22
107472,New,Mobile,India,Low,2026-04-03
107473,New,Desktop,United States,Medium,2026-05-03
107474,Returning,Mobile,India,High,2026-04-28
107475,New,Mobile,Canada,Low,2026-07-05
107476,Returning,Desktop,India,Medium,2026-05-27
107477,New,Mobile,United States,Low,2026-04-27
107478,Returning,Mobile,Australia,Low,2026-07-06
107479,New,Desktop,United States,Low,2026-04-07
107480,Returning,Mobile,India,Medium,2026-05-07
107481,New,Desktop,India,Low,2026-05-26
107482,Returning,Desktop,India,Medium,2026-04-12
107483,Returning,Mobile,India,Low,2026-04-22
107484,Returning,Mobile,United Kingdom,Medium,2026-04-06
107485,Returning,Mobile,India,Medium,2026-08-12
107486,Returning,Mobile,United Kingdom,Low,2026-05-30
107487,Returning,Desktop,United Kingdom,Medium,2026-07-31
107488,New,Mobile,India,Low,2026-06-24
107489,New,Desktop,India,High,2026-06-11
107490,New,Mobile,Australia,Medium,2026-03-13
107491,Returning,Desktop,India,High,2026-04-24
107492,New,Mobile,Canada,High,2026-06-21
107493,Returning,Desktop,India,Low,2026-03-19
107494,Returning,Desktop,United Kingdom,Low,2026-07-04
107495,Returning,Mobile,India,Low,2026-04-14
107496,New,Mobile,India,Low,2026-05-06
107497,Returning,Mobile,India,Medium,2026-08-22
107498,Returning,Desktop,India,Low,2026-05-07
107499,Returning,Desktop,India,Medium,2026-06-05
107500,Returning,Mobile,India,Medium,2026-05-08
107501,Returning,Mobile,United States,Medium,2026-07-08
107502,Returning,Mobile,India,Medium,2026-03-31
107503,Returning,Mobile,India,High,2026-06-22
107504,Returning,Mobile,Australia,Low,2026-07-20
107505,New,Mobile,India,Medium,2026-06-23
107506,New,Mobile,United Kingdom,High,2026-05-23
107507,Returning,Mobile,United States,Low,2026-05-28
107508,Returning,Mobile,United States,Low,2026-07-23
107509,New,Desktop,India,Medium,2026-04-18
107510,New,Desktop,United States,Low,2026-07-16
107511,New,Mobile,India,High,2026-07-21
107512,New,Mobile,India,High,2026-04-30
107513,Returning,Desktop,India,Low,2026-03-06
107514,New,Desktop,United States,Medium,2026-06-30
107515,Returning,Mobile,India,High,2026-03-13
107516,Returning,Mobile,India,Medium,2026-09-01
107517,Returning,Desktop,India,High,2026-08-15
107518,Returning,Mobile,India,Low,2026-07-22
107519,Returning,Mobile,United Kingdom,Low,2026-05-20
107520,Returning,Desktop,India,Medium,2026-04-11
107521,Returning,Mobile,India,High,2026-08-09
107522,Returning,Mobile,India,Low,2026-05-13
107523,Returning,Mobile,India,Low,2026-04-13
107524,Returning,Mobile,India,Low,2026-07-28
107525,Returning,Mobile,India,Medium,2026-08-11
107526,Returning,Mobile,India,Low,2026-03-12
107527,Returning,Mobile,Australia,Low,2026-07-07
107528,New,Desktop,United States,Medium,2026-06-17
107529,New,Desktop,India,Low,2026-05-27
107530,New,Mobile,Australia,Medium,2026-05-08
107531,Returning,Desktop,India,Medium,2026-07-09
107532,Returning,Desktop,India,Low,2026-04-21
107533,New,Desktop,India,Low,2026-07-04
107534,Returning,Mobile,India,High,2026-07-18
107535,New,Mobile,India,High,2026-06-18
107536,Returning,Desktop,India,Low,2026-08-20
107537,New,Mobile,India,Medium,2026-07-24
107538,New,Mobile,Australia,High,2026-03-21
107539,Returning,Desktop,India,Medium,2026-03-14
107540,Returning,Mobile,India,Low,2026-03-30
107541,Returning,Mobile,India,Medium,2026-03-07
107542,New,Mobile,India,Low,2026-05-25
107543,Returning,Desktop,India,Medium,2026-06-23
107544,Returning,Desktop,India,Medium,2026-08-27
107545,Returning,Desktop,India,High,2026-06-21
107546,Returning,Mobile,India,Medium,2026-06-16
107547,Returning,Mobile,India,High,2026-07-09
107548,New,Desktop,India,Low,2026-08-13
107549,New,Mobile,India,Medium,2026-03-13
107550,Returning,Mobile,United Kingdom,Medium,2026-06-21
107551,New,Mobile,India,Low,2026-04-14
107552,Returning,Mobile,India,Low,2026-08-30
107553,Returning,Mobile,India,Medium,2026-03-16
107554,New,Mobile,India,Low,2026-04-03
107555,New,Mobile,India,Low,2026-08-17
107556,Returning,Desktop,United States,Medium,2026-04-18
107557,Returning,Mobile,India,Low,2026-08-12
107558,Returning,Mobile,United Kingdom,Medium,2026-03-07
107559,New,Desktop,India,Low,2026-03-28
107560,New,Mobile,India,Low,2026-06-26
107561,Returning,Mobile,India,Low,2026-03-14
107562,Returning,Desktop,United Kingdom,Medium,2026-05-23
107563,Returning,Mobile,India,High,2026-08-01
107564,New,Mobile,India,Low,2026-03-21
107565,Returning,Desktop,India,High,2026-06-19
107566,New,Mobile,India,High,2026-07-03
107567,Returning,Mobile,United States,Medium,2026-08-04
107568,New,Desktop,India,High,2026-03-05
107569,New,Mobile,India,High,2026-05-05
107570,New,Mobile,India,Low,2026-03-26
107571,New,Mobile,India,Medium,2026-05-17
107572,Returning,Mobile,Australia,Low,2026-03-22
107573,Returning,Mobile,India,Low,2026-07-08
107574,New,Desktop,India,High,2026-05-09
107575,New,Desktop,India,Low,2026-05-09
107576,Returning,Desktop,India,Low,2026-08-17
107577,New,Mobile,India,Medium,2026-07-18
107578,Returning,Mobile,India,Medium,2026-03-12
107579,Returning,Mobile,India,Low,2026-04-19
107580,Returning,Desktop,India,Low,2026-06-14
107581,New,Mobile,India,Low,2026-08-10
107582,Returning,Mobile,India,Low,2026-06-18
107583,New,Mobile,India,Low,2026-08-06
107584,Returning,Desktop,India,Low,2026-03-17
107585,Returning,Mobile,India,Medium,2026-03-24
107586,New,Mobile,United States,High,2026-08-13
107587,New,Desktop,India,High,2026-04-20
107588,Returning,Desktop,India,Low,2026-08-08
107589,Returning,Mobile,India,Low,2026-07-12
107590,Returning,Mobile,India,Medium,2026-06-18
107591,Returning,Mobile,India,Medium,2026-08-02
107592,Returning,Desktop,India,Medium,2026-03-06
107593,New,Mobile,India,Low,2026-06-14
107594,New,Mobile,India,High,2026-03-15
107595,New,Desktop,Canada,Low,2026-03-12
107596,Returning,Desktop,India,Low,2026-03-07
107597,Returning,Mobile,India,Low,2026-07-15
107598,Returning,Mobile,India,Low,2026-07-26
107599,Returning,Mobile,India,Low,2026-07-16
107600,Returning,Mobile,United Kingdom,Medium,2026-03-13
107601,Returning,Mobile,India,Medium,2026-06-19
107602,Returning,Mobile,India,Medium,2026-05-29
107603,New,Desktop,India,Low,2026-03-27
107604,New,Mobile,India,Medium,2026-08-20
107605,Returning,Mobile,India,Medium,2026-06-14
107606,Returning,Desktop,United States,Medium,2026-07-18
107607,Returning,Mobile,United States,Medium,2026-03-23
107608,Returning,Mobile,Canada,High,2026-03-18
107609,Returning,Mobile,India,Low,2026-06-18
107610,New,Desktop,India,Low,2026-04-17
107611,Returning,Desktop,India,Medium,2026-04-16
107612,New,Mobile,India,Low,2026-08-05
107613,New,Desktop,United Kingdom,Medium,2026-07-25
107614,New,Mobile,India,Low,2026-05-07
107615,Returning,Mobile,United Kingdom,High,2026-04-15
107616,Returning,Mobile,India,High,2026-03-19
107617,Returning,Mobile,India,Medium,2026-04-17
107618,New,Desktop,Canada,Medium,2026-04-13
107619,Returning,Desktop,United States,Low,2026-07-17
107620,Returning,Mobile,India,Low,2026-05-15
107621,Returning,Mobile,India,Medium,2026-04-12
107622,New,Mobile,India,Low,2026-05-16
107623,Returning,Mobile,United States,Low,2026-07-22
107624,Returning,Mobile,India,High,2026-03-10
107625,Returning,Mobile,United Kingdom,Medium,2026-08-03
107626,Returning,Mobile,India,High,2026-07-09
107627,Returning,Desktop,India,High,2026-04-21
107628,New,Desktop,India,High,2026-04-27
107629,Returning,Mobile,India,Medium,2026-06-22
107630,Returning,Desktop,India,High,2026-07-23
107631,New,Mobile,India,Low,2026-03-18
107632,Returning,Desktop,India,Medium,2026-06-17
107633,Returning,Desktop,Canada,Medium,2026-03-10
107634,Returning,Mobile,India,Medium,2026-04-01
107635,Returning,Desktop,India,Medium,2026-07-24
107636,New,Mobile,India,Low,2026-06-28
107637,New,Desktop,India,Medium,2026-05-11
107638,Returning,Desktop,India,Medium,2026-03-12
107639,Returning,Mobile,Australia,Low,2026-05-29
107640,New,Mobile,India,Medium,2026-06-14
107641,Returning,Desktop,India,Medium,2026-05-08
107642,Returning,Mobile,India,Medium,2026-08-28
107643,Returning,Mobile,United States,High,2026-03-11
107644,Returning,Desktop,India,Low,2026-07-20
107645,New,Mobile,India,Medium,2026-06-26
107646,New,Desktop,India,Low,2026-07-23
107647,Returning,Mobile,India,High,2026-05-01
107648,Returning,Mobile,India,Medium,2026-06-26
107649,New,Mobile,India,Medium,2026-07-01
107650,Returning,Mobile,India,Low,2026-07-09
107651,Returning,Mobile,United Kingdom,High,2026-07-10
107652,New,Desktop,United States,Low,2026-07-17
107653,Returning,Mobile,India,Medium,2026-04-22
107654,Returning,Mobile,United Kingdom,Low,2026-04-29
107655,Returning,Desktop,India,Low,2026-03-25
107656,Returning,Mobile,United Kingdom,Medium,2026-05-26
107657,Returning,Mobile,India,Medium,2026-08-19
107658,Returning,Mobile,India,Medium,2026-06-21
107659,Returning,Mobile,United States,High,2026-05-06
107660,New,Desktop,Australia,Low,2026-07-20
107661,Returning,Mobile,India,Low,2026-07-27
107662,New,Desktop,India,Low,2026-03-06
107663,New,Mobile,Canada,High,2026-03-16
107664,Returning,Mobile,Canada,Medium,2026-07-18
107665,Returning,Desktop,India,Low,2026-07-13
107666,Returning,Mobile,India,Low,2026-05-10
107667,Returning,Desktop,India,Low,2026-04-04
107668,Returning,Mobile,India,Medium,2026-08-19
107669,Returning,Desktop,India,High,2026-06-08
107670,Returning,Mobile,India,High,2026-04-07
107671,Returning,Desktop,India,Medium,2026-07-14
107672,Returning,Mobile,United Kingdom,Medium,2026-06-26
107673,New,Mobile,United States,Low,2026-08-24
107674,Returning,Mobile,United States,High,2026-04-24
107675,Returning,Desktop,India,Medium,2026-07-27
107676,New,Mobile,Canada,High,2026-08-01
107677,Returning,Mobile,India,Low,2026-08-13
107678,Returning,Mobile,India,Medium,2026-04-09
107679,New,Mobile,India,High,2026-04-09
107680,New,Desktop,United States,Medium,2026-06-23
107681,Returning,Mobile,Canada,Low,2026-06-30
107682,New,Desktop,India,Low,2026-07-31
107683,New,Desktop,United States,Medium,2026-06-30
107684,New,Mobile,India,Low,2026-05-08
107685,New,Mobile,United Kingdom,Low,2026-07-24
107686,Returning,Desktop,Australia,Medium,2026-04-26
107687,Returning,Mobile,United Kingdom,Low,2026-05-03
107688,Returning,Mobile,India,Medium,2026-05-21
107689,Returning,Desktop,India,Medium,2026-04-04
107690,New,Mobile,India,Medium,2026-06-04
107691,Returning,Mobile,India,High,2026-03-23
107692,Returning,Desktop,India,Medium,2026-04-21
107693,Returning,Mobile,India,High,2026-07-02
107694,Returning,Mobile,India,Low,2026-04-13
107695,Returning,Mobile,India,Medium,2026-07-26
107696,Returning,Desktop,India,Medium,2026-07-17
107697,New,Mobile,Australia,High,2026-09-01
107698,Returning,Desktop,India,Low,2026-08-15
107699,Returning,Mobile,India,Low,2026-04-12
107700,Returning,Mobile,India,High,2026-07-02
107701,Returning,Mobile,India,Low,2026-06-29
107702,New,Mobile,Canada,Medium,2026-07-14
107703,New,Mobile,India,Medium,2026-03-16
107704,Returning,Mobile,India,Medium,2026-05-31
107705,New,Mobile,United States,Low,2026-03-15
107706,Returning,Mobile,India,High,2026-06-11
107707,Returning,Mobile,India,High,2026-09-01
107708,New,Desktop,United States,High,2026-08-22
107709,Returning,Mobile,United States,Medium,2026-07-24
107710,Returning,Desktop,India,Low,2026-04-08
107711,Returning,Mobile,United States,Low,2026-04-05
107712,Returning,Mobile,United States,Medium,2026-04-12
107713,Returning,Mobile,Canada,Low,2026-08-04
107714,New,Mobile,India,Low,2026-06-13
107715,Returning,Mobile,United States,High,2026-04-21
107716,New,Mobile,United States,Low,2026-05-03
107717,Returning,Mobile,India,High,2026-08-31
107718,Returning,Mobile,India,High,2026-06-19
107719,Returning,Desktop,India,Medium,2026-06-24
107720,New,Mobile,India,Low,2026-04-29
107721,Returning,Mobile,India,Low,2026-07-01
107722,New,Mobile,Canada,Low,2026-07-30
107723,Returning,Mobile,United Kingdom,High,2026-08-23
107724,Returning,Desktop,India,High,2026-08-02
107725,New,Desktop,India,High,2026-05-03
107726,Returning,Mobile,Canada,Medium,2026-06-20
107727,Returning,Mobile,India,Low,2026-07-05
107728,Returning,Mobile,India,Low,2026-08-27
107729,Returning,Mobile,India,Low,2026-04-10
107730,Returning,Mobile,Australia,Medium,2026-04-04
107731,New,Desktop,India,High,2026-03-28
107732,Returning,Desktop,India,Low,2026-07-02
107733,Returning,Desktop,India,Medium,2026-07-07
107734,Returning,Mobile,India,Low,2026-07-01
107735,New,Mobile,India,Medium,2026-04-03
107736,Returning,Mobile,India,Medium,2026-04-29
107737,New,Mobile,India,Medium,2026-06-03
107738,Returning,Desktop,India,Low,2026-05-19
107739,Returning,Mobile,India,Low,2026-05-12
107740,Returning,Desktop,India,Medium,2026-06-09
107741,Returning,Mobile,United States,Low,2026-03-25
107742,Returning,Mobile,India,Medium,2026-06-16
107743,Returning,Mobile,United States,Medium,2026-05-11
107744,Returning,Mobile,India,Low,2026-04-25
107745,New,Desktop,India,Low,2026-07-18
107746,Returning,Mobile,India,Low,2026-04-13
107747,Returning,Mobile,India,Low,2026-04-10
107748,New,Desktop,India,High,2026-08-26
107749,New,Mobile,India,Low,2026-04-11
107750,New,Desktop,India,Medium,2026-04-08
107751,New,Mobile,India,Medium,2026-04-10
107752,New,Mobile,India,Medium,2026-05-23
107753,Returning,Mobile,United States,Medium,2026-04-28
107754,Returning,Mobile,India,High,2026-03-14
107755,Returning,Mobile,India,Medium,2026-05-28
107756,Returning,Mobile,United States,Low,2026-06-17
107757,Returning,Mobile,India,Medium,2026-05-09
107758,New,Desktop,India,High,2026-08-31
107759,Returning,Mobile,India,Medium,2026-08-22
107760,New,Mobile,India,Low,2026-05-04
107761,New,Mobile,Australia,Medium,2026-07-27
107762,Returning,Desktop,United States,Medium,2026-05-13
107763,Returning,Mobile,India,High,2026-04-01
107764,New,Mobile,India,Low,2026-04-18
107765,New,Mobile,United States,High,2026-06-12
107766,Returning,Mobile,Australia,High,2026-07-08
107767,Returning,Mobile,United States,Low,2026-05-09
107768,New,Mobile,Canada,High,2026-07-17
107769,New,Mobile,India,Medium,2026-04-14
107770,Returning,Mobile,India,Medium,2026-05-31
107771,Returning,Mobile,India,Medium,2026-04-20
107772,Returning,Mobile,India,Low,2026-06-13
107773,Returning,Mobile,India,Medium,2026-05-19
107774,Returning,Desktop,Australia,Medium,2026-04-13
107775,Returning,Mobile,United States,Medium,2026-06-13
107776,New,Mobile,Australia,High,2026-05-06
107777,Returning,Mobile,India,Medium,2026-03-24
107778,Returning,Mobile,India,Low,2026-06-16
107779,Returning,Mobile,United Kingdom,Medium,2026-04-15
107780,Returning,Mobile,India,Low,2026-07-23
107781,Returning,Desktop,United States,Medium,2026-05-14
107782,Returning,Desktop,India,Medium,2026-08-23
107783,New,Desktop,India,Low,2026-03-22
107784,Returning,Desktop,India,Low,2026-04-30
107785,New,Mobile,Australia,Medium,2026-06-20
107786,Returning,Mobile,India,Medium,2026-04-03
107787,Returning,Desktop,India,Medium,2026-04-15
107788,Returning,Desktop,Canada,High,2026-05-31
107789,New,Mobile,United Kingdom,Medium,2026-06-12
107790,New,Mobile,United States,Medium,2026-05-30
107791,Returning,Mobile,India,Medium,2026-06-30
107792,New,Mobile,India,Low,2026-07-04
107793,Returning,Desktop,India,Low,2026-08-14
107794,Returning,Mobile,India,Low,2026-03-26
107795,Returning,Mobile,India,Medium,2026-07-25
107796,New,Mobile,India,Low,2026-06-02
107797,Returning,Mobile,United States,Medium,2026-05-22
107798,Returning,Desktop,Canada,Low,2026-07-20
107799,Returning,Desktop,India,Medium,2026-04-13
107800,Returning,Mobile,United Kingdom,Medium,2026-06-02
107801,Returning,Mobile,Canada,Medium,2026-03-12
107802,Returning,Desktop,India,High,2026-05-22
107803,Returning,Mobile,India,Medium,2026-03-05
107804,Returning,Mobile,United States,Low,2026-04-30
107805,Returning,Desktop,India,Low,2026-06-12
107806,Returning,Mobile,United Kingdom,Medium,2026-08-18
107807,Returning,Desktop,India,Medium,2026-03-23
107808,Returning,Mobile,India,Medium,2026-04-02
107809,Returning,Mobile,India,Medium,2026-08-26
107810,Returning,Mobile,India,Low,2026-04-30
107811,New,Mobile,United Kingdom,Low,2026-03-29
107812,Returning,Desktop,India,Low,2026-04-24
107813,New,Desktop,United States,Low,2026-06-14
107814,Returning,Desktop,India,High,2026-04-22
107815,Returning,Desktop,United Kingdom,Low,2026-05-13
107816,Returning,Desktop,India,Low,2026-05-06
107817,New,Desktop,India,Medium,2026-07-21
107818,Returning,Mobile,India,Medium,2026-08-09
107819,Returning,Mobile,India,High,2026-08-13
107820,Returning,Mobile,India,Medium,2026-03-24
107821,New,Mobile,India,Medium,2026-08-19
107822,New,Mobile,India,Low,2026-06-28
107823,New,Desktop,India,Low,2026-05-10
107824,Returning,Mobile,India,High,2026-04-26
107825,Returning,Desktop,India,Medium,2026-04-13
107826,Returning,Mobile,India,Medium,2026-04-16
107827,Returning,Desktop,India,High,2026-05-15
107828,New,Desktop,India,Low,2026-07-03
107829,New,Mobile,United Kingdom,Medium,2026-05-09
107830,New,Desktop,India,Low,2026-07-24
107831,Returning,Desktop,India,High,2026-05-23
107832,Returning,Mobile,India,Low,2026-08-25
107833,Returning,Mobile,United Kingdom,High,2026-04-21
107834,New,Mobile,India,Medium,2026-08-26
107835,Returning,Desktop,India,Medium,2026-07-05
107836,Returning,Desktop,India,Low,2026-05-15
107837,Returning,Desktop,India,Low,2026-05-15
107838,New,Mobile,India,Medium,2026-03-16
107839,Returning,Mobile,United Kingdom,High,2026-07-15
107840,Returning,Desktop,India,Medium,2026-08-05
107841,Returning,Mobile,United States,Low,2026-06-12
107842,New,Mobile,India,High,2026-07-27
107843,Returning,Mobile,India,High,2026-04-01
107844,New,Mobile,United States,Low,2026-05-19
107845,Returning,Mobile,United States,Medium,2026-07-30
107846,Returning,Desktop,India,Low,2026-06-11
107847,Returning,Desktop,United Kingdom,Medium,2026-08-13
107848,New,Mobile,India,Low,2026-04-28
107849,New,Desktop,United Kingdom,Medium,2026-05-05
107850,Returning,Mobile,India,Medium,2026-04-18
107851,New,Mobile,India,Low,2026-06-29
107852,New,Mobile,United Kingdom,Low,2026-04-30
107853,Returning,Desktop,India,Medium,2026-05-09
107854,Returning,Mobile,India,Low,2026-06-19
107855,Returning,Desktop,India,Low,2026-06-25
107856,Returning,Desktop,India,Low,2026-05-26
107857,Returning,Mobile,India,High,2026-08-18
107858,Returning,Mobile,Australia,Medium,2026-04-05
107859,Returning,Mobile,India,High,2026-07-06
107860,Returning,Mobile,India,Medium,2026-05-07
107861,New,Desktop,India,Medium,2026-06-21
107862,Returning,Mobile,India,High,2026-03-30
107863,Returning,Desktop,India,Medium,2026-04-01
107864,New,Mobile,Australia,Medium,2026-04-06
107865,Returning,Mobile,India,High,2026-06-03
107866,Returning,Desktop,India,Medium,2026-08-04
107867,Returning,Desktop,United Kingdom,Low,2026-04-15
107868,Returning,Mobile,India,Medium,2026-04-24
107869,Returning,Mobile,India,Medium,2026-08-27
107870,Returning,Desktop,India,Medium,2026-06-04
107871,New,Mobile,India,Low,2026-06-26
107872,New,Mobile,India,High,2026-04-22
107873,Returning,Desktop,United States,Low,2026-07-27
107874,Returning,Desktop,India,Medium,2026-08-13
107875,Returning,Desktop,India,High,2026-07-30
107876,Returning,Mobile,India,Low,2026-07-09
107877,New,Mobile,India,Medium,2026-03-20
107878,Returning,Mobile,India,Medium,2026-07-05
107879,Returning,Desktop,India,High,2026-08-22
107880,Returning,Mobile,India,Medium,2026-07-14
107881,Returning,Mobile,India,High,2026-06-13
107882,Returning,Mobile,India,Low,2026-07-06
107883,Returning,Mobile,United Kingdom,Low,2026-05-04
107884,Returning,Desktop,Canada,Medium,2026-08-16
107885,Returning,Desktop,India,High,2026-07-11
107886,New,Desktop,Australia,Medium,2026-07-07
107887,Returning,Mobile,India,Medium,2026-04-12
107888,Returning,Desktop,India,Low,2026-04-14
107889,Returning,Mobile,India,High,2026-08-22
107890,Returning,Mobile,India,Medium,2026-06-30
107891,New,Mobile,United States,Low,2026-04-05
107892,New,Mobile,India,Low,2026-08-14
107893,Returning,Mobile,India,Low,2026-05-28
107894,Returning,Desktop,India,Medium,2026-08-23
107895,New,Mobile,India,Low,2026-07-20
107896,Returning,Mobile,India,Medium,2026-04-25
107897,New,Mobile,United Kingdom,Medium,2026-05-08
107898,Returning,Mobile,India,Medium,2026-05-22
107899,New,Mobile,India,High,2026-04-22
107900,Returning,Desktop,United States,Low,2026-06-24
107901,New,Mobile,India,Medium,2026-07-25
107902,New,Mobile,India,Low,2026-03-08
107903,Returning,Mobile,India,Medium,2026-04-29
107904,Returning,Desktop,Australia,Medium,2026-07-14
107905,Returning,Desktop,India,Low,2026-05-09
107906,New,Desktop,India,Low,2026-06-26
107907,New,Mobile,India,Medium,2026-04-08
107908,Returning,Mobile,India,Medium,2026-03-10
107909,New,Mobile,India,High,2026-05-28
107910,Returning,Mobile,India,Low,2026-06-28
107911,New,Desktop,Canada,High,2026-04-18
107912,New,Mobile,India,High,2026-06-25
107913,Returning,Mobile,United States,Low,2026-08-15
107914,Returning,Mobile,United Kingdom,High,2026-07-11
107915,Returning,Mobile,United Kingdom,Medium,2026-06-11
107916,New,Desktop,India,Low,2026-03-21
107917,New,Mobile,India,Medium,2026-03-24
107918,Returning,Mobile,India,Low,2026-04-13
107919,Returning,Desktop,India,High,2026-04-27
107920,New,Mobile,India,High,2026-05-25
107921,Returning,Mobile,India,Medium,2026-08-06
107922,New,Mobile,India,High,2026-05-18
107923,Returning,Mobile,Australia,High,2026-04-29
107924,Returning,Mobile,India,Medium,2026-07-29
107925,New,Mobile,India,Low,2026-05-02
107926,Returning,Mobile,India,Low,2026-06-20
107927,Returning,Mobile,India,Medium,2026-04-11
107928,New,Desktop,Australia,Medium,2026-03-10
107929,Returning,Mobile,India,Low,2026-04-15
107930,Returning,Mobile,India,Medium,2026-06-25
107931,Returning,Desktop,United States,High,2026-08-12
107932,Returning,Mobile,India,Medium,2026-04-27
107933,Returning,Mobile,India,Low,2026-08-04
107934,Returning,Desktop,Canada,High,2026-03-17
107935,New,Desktop,India,Medium,2026-06-19
107936,Returning,Mobile,India,Low,2026-06-11
107937,Returning,Mobile,United Kingdom,Medium,2026-08-31
107938,Returning,Desktop,India,High,2026-07-15
107939,Returning,Mobile,India,Low,2026-07-03
107940,Returning,Mobile,India,Medium,2026-08-12
107941,New,Desktop,India,Medium,2026-08-20
107942,Returning,Mobile,India,Medium,2026-05-16
107943,New,Mobile,United States,Medium,2026-06-02
107944,Returning,Mobile,India,Medium,2026-08-23
107945,New,Mobile,India,High,2026-05-08
107946,New,Desktop,India,Low,2026-05-21
107947,Returning,Mobile,India,Low,2026-06-24
107948,New,Desktop,India,Low,2026-03-14
107949,Returning,Desktop,India,Medium,2026-06-25
107950,New,Desktop,India,Medium,2026-05-14
107951,Returning,Mobile,India,Medium,2026-05-09
107952,New,Mobile,India,High,2026-03-25
107953,Returning,Mobile,India,Medium,2026-05-12
107954,Returning,Mobile,Canada,Low,2026-04-10
107955,Returning,Mobile,India,Low,2026-03-28
107956,Returning,Desktop,India,Medium,2026-03-31
107957,New,Mobile,India,Low,2026-08-21
107958,New,Mobile,United Kingdom,Medium,2026-04-08
107959,New,Desktop,India,Medium,2026-06-06
107960,Returning,Mobile,India,Medium,2026-04-06
107961,New,Mobile,Canada,Medium,2026-06-26
107962,Returning,Desktop,India,Medium,2026-08-08
107963,Returning,Desktop,Canada,Medium,2026-03-24
107964,Returning,Mobile,India,Medium,2026-05-31
107965,New,Mobile,India,Low,2026-08-08
107966,Returning,Mobile,Canada,Low,2026-05-07
107967,Returning,Desktop,India,Low,2026-06-12
107968,New,Desktop,India,High,2026-06-02
107969,Returning,Mobile,India,Medium,2026-04-22
107970,Returning,Desktop,India,High,2026-04-03
107971,Returning,Mobile,India,High,2026-06-13
107972,New,Mobile,India,Medium,2026-03-23
107973,Returning,Mobile,Australia,Low,2026-05-24
107974,Returning,Desktop,India,High,2026-06-27
107975,Returning,Mobile,India,High,2026-09-01
107976,Returning,Mobile,Canada,Medium,2026-08-24
107977,Returning,Mobile,India,Low,2026-07-20
107978,New,Mobile,India,Medium,2026-08-18
107979,Returning,Desktop,Canada,Medium,2026-05-13
107980,Returning,Desktop,India,High,2026-04-04
107981,Returning,Mobile,India,Low,2026-07-09
107982,Returning,Mobile,United Kingdom,Low,2026-03-20
107983,Returning,Desktop,India,Medium,2026-04-16
107984,New,Mobile,Australia,Medium,2026-04-15
107985,Returning,Mobile,India,Low,2026-07-16
107986,Returning,Mobile,India,Medium,2026-07-15
107987,Returning,Mobile,India,Medium,2026-05-19
107988,New,Mobile,India,Low,2026-04-07
107989,New,Mobile,United Kingdom,Medium,2026-04-11
107990,Returning,Desktop,India,Medium,2026-06-20
107991,Returning,Mobile,India,Medium,2026-03-09
107992,Returning,Mobile,India,Medium,2026-07-09
107993,Returning,Desktop,India,Low,2026-08-22
107994,Returning,Mobile,India,Medium,2026-05-07
107995,Returning,Mobile,United Kingdom,Medium,2026-08-24
107996,Returning,Mobile,United Kingdom,Medium,2026-04-19
107997,Returning,Mobile,India,Medium,2026-04-05
107998,New,Mobile,India,Low,2026-08-27
107999,Returning,Desktop,India,High,2026-08-12
108000,New,Desktop,India,Low,2026-05-10
108001,Returning,Mobile,India,Low,2026-07-30
108002,Returning,Desktop,Canada,Low,2026-08-28
108003,Returning,Desktop,India,Medium,2026-05-16
108004,New,Mobile,India,Low,2026-05-14
108005,New,Mobile,India,High,2026-03-06
108006,Returning,Mobile,India,High,2026-04-06
108007,Returning,Mobile,Australia,Low,2026-06-03
108008,New,Mobile,Canada,High,2026-07-14
108009,Returning,Mobile,India,Medium,2026-06-15
108010,Returning,Mobile,India,Low,2026-06-14
108011,New,Mobile,India,Medium,2026-03-14
108012,Returning,Mobile,India,Medium,2026-03-25
108013,Returning,Desktop,Australia,High,2026-08-21
108014,New,Mobile,Australia,High,2026-08-03
108015,New,Desktop,India,Medium,2026-07-05
108016,Returning,Desktop,India,High,2026-03-20
108017,New,Mobile,India,High,2026-03-26
108018,New,Mobile,India,Medium,2026-05-23
108019,New,Mobile,India,High,2026-05-17
108020,Returning,Mobile,India,Low,2026-04-11
108021,Returning,Mobile,India,High,2026-07-26
108022,Returning,Desktop,India,Low,2026-08-02
108023,Returning,Mobile,India,Low,2026-04-11
108024,Returning,Mobile,India,Medium,2026-03-09
108025,Returning,Mobile,United States,Low,2026-08-28
108026,New,Mobile,United States,Medium,2026-07-23
108027,Returning,Mobile,India,Medium,2026-07-23
108028,Returning,Desktop,India,Low,2026-03-05
108029,New,Mobile,Canada,Medium,2026-06-08
108030,Returning,Desktop,India,Low,2026-05-18
108031,Returning,Desktop,India,Medium,2026-05-20
108032,Returning,Mobile,Canada,Low,2026-05-02
108033,Returning,Mobile,India,Low,2026-06-16
108034,Returning,Mobile,India,High,2026-05-11
108035,Returning,Desktop,Canada,Low,2026-09-01
108036,Returning,Mobile,India,Low,2026-08-31
108037,Returning,Mobile,India,Low,2026-08-22
108038,Returning,Mobile,India,Medium,2026-09-01
108039,Returning,Mobile,United Kingdom,High,2026-09-01
108040,Returning,Mobile,Canada,Low,2026-08-07
108041,Returning,Mobile,India,Low,2026-08-24
108042,Returning,Desktop,India,High,2026-04-25
108043,Returning,Mobile,Canada,Medium,2026-03-27
108044,New,Mobile,India,Medium,2026-07-13
108045,Returning,Desktop,India,Medium,2026-07-30
108046,Returning,Desktop,India,High,2026-04-08
108047,Returning,Mobile,India,High,2026-04-16
108048,Returning,Mobile,India,Low,2026-08-18
108049,New,Desktop,India,Medium,2026-05-31
108050,New,Mobile,India,Medium,2026-05-14
108051,Returning,Desktop,Australia,Low,2026-03-08
108052,Returning,Desktop,India,Low,2026-06-26
108053,Returning,Desktop,Australia,Medium,2026-07-25
108054,New,Mobile,Australia,Medium,2026-08-15
108055,Returning,Mobile,India,Low,2026-06-21
108056,Returning,Mobile,India,Medium,2026-08-31
108057,Returning,Desktop,India,Low,2026-07-18
108058,Returning,Mobile,India,Low,2026-03-26
108059,New,Desktop,India,Medium,2026-05-21
108060,Returning,Desktop,India,High,2026-06-04
108061,New,Mobile,United Kingdom,Medium,2026-06-03
108062,Returning,Desktop,United States,Low,2026-06-18
108063,Returning,Mobile,India,Medium,2026-03-22
108064,New,Mobile,India,Low,2026-08-06
108065,Returning,Mobile,India,Medium,2026-07-18
108066,New,Mobile,India,Low,2026-03-27
108067,Returning,Desktop,India,Low,2026-04-06
108068,New,Desktop,India,Low,2026-06-01
108069,Returning,Mobile,Canada,Medium,2026-08-06
108070,Returning,Mobile,United Kingdom,Low,2026-04-06
108071,Returning,Mobile,India,Medium,2026-08-14
108072,Returning,Desktop,India,Low,2026-04-03
108073,New,Mobile,Australia,Low,2026-03-22
108074,Returning,Mobile,India,Medium,2026-04-25
108075,Returning,Mobile,India,Medium,2026-03-12
108076,New,Mobile,Canada,Medium,2026-05-10
108077,Returning,Mobile,Canada,Low,2026-07-15
108078,Returning,Desktop,India,Low,2026-03-10
108079,Returning,Desktop,Canada,Medium,2026-03-05
108080,Returning,Desktop,India,Low,2026-08-03
108081,New,Mobile,India,Medium,2026-05-01
108082,Returning,Mobile,India,Medium,2026-07-26
108083,New,Mobile,India,Medium,2026-03-17
108084,New,Mobile,Canada,High,2026-06-11
108085,New,Mobile,India,High,2026-04-05
108086,Returning,Mobile,India,High,2026-04-12
108087,New,Desktop,India,Medium,2026-03-21
108088,New,Mobile,India,Low,2026-04-06
108089,Returning,Desktop,India,Medium,2026-08-31
108090,Returning,Mobile,India,Low,2026-06-01
108091,Returning,Mobile,Canada,Low,2026-05-26
108092,New,Mobile,India,High,2026-08-10
108093,Returning,Mobile,India,Medium,2026-04-03
108094,Returning,Mobile,India,Low,2026-07-07
108095,Returning,Mobile,India,Low,2026-05-24
108096,Returning,Mobile,India,Low,2026-07-29
108097,Returning,Mobile,United States,Medium,2026-04-30
108098,Returning,Mobile,United Kingdom,Medium,2026-03-20
108099,Returning,Mobile,India,Low,2026-08-16
108100,New,Mobile,India,Medium,2026-03-11
108101,New,Mobile,India,Medium,2026-04-15
108102,Returning,Desktop,United States,Medium,2026-06-28
108103,Returning,Mobile,India,Medium,2026-03-13
108104,Returning,Desktop,India,Low,2026-08-27
108105,Returning,Mobile,Australia,Low,2026-03-16
108106,Returning,Desktop,India,Low,2026-05-22
108107,Returning,Mobile,India,Low,2026-07-23
108108,New,Desktop,India,Low,2026-06-04
108109,Returning,Mobile,Australia,Medium,2026-06-02
108110,Returning,Mobile,Canada,Low,2026-04-04
108111,Returning,Mobile,India,Low,2026-03-09
108112,Returning,Mobile,India,Low,2026-05-20
108113,Returning,Desktop,India,Medium,2026-05-05
108114,Returning,Desktop,India,Medium,2026-07-18
108115,Returning,Mobile,India,Low,2026-04-25
108116,Returning,Mobile,Australia,Medium,2026-07-29
108117,New,Mobile,India,Medium,2026-06-01
108118,Returning,Desktop,India,Low,2026-03-23
108119,Returning,Mobile,India,Medium,2026-08-05
108120,Returning,Mobile,Canada,Medium,2026-04-19
108121,Returning,Desktop,India,Medium,2026-08-10
108122,Returning,Mobile,India,Medium,2026-07-13
108123,New,Desktop,India,Medium,2026-07-24
108124,New,Mobile,United States,Medium,2026-04-19
108125,New,Desktop,India,Medium,2026-03-21
108126,Returning,Desktop,India,Medium,2026-04-08
108127,Returning,Desktop,India,Low,2026-08-25
108128,New,Mobile,India,High,2026-04-10
108129,New,Mobile,United Kingdom,High,2026-08-23
108130,Returning,Mobile,United Kingdom,Low,2026-08-21
108131,Returning,Mobile,India,Medium,2026-05-09
108132,New,Mobile,India,Low,2026-05-27
108133,New,Mobile,United States,High,2026-05-28
108134,New,Mobile,India,Medium,2026-07-31
108135,Returning,Mobile,India,Low,2026-04-27
108136,New,Mobile,India,Low,2026-08-29
108137,Returning,Mobile,United Kingdom,Medium,2026-08-13
108138,Returning,Mobile,India,High,2026-07-01
108139,New,Mobile,United States,High,2026-08-09
108140,New,Desktop,India,High,2026-03-28
108141,New,Desktop,India,Medium,2026-08-30
108142,New,Desktop,India,Low,2026-04-03
108143,Returning,Mobile,Australia,Medium,2026-06-25
108144,New,Mobile,India,Low,2026-04-03
108145,Returning,Mobile,India,Low,2026-05-24
108146,Returning,Mobile,India,High,2026-07-12
108147,Returning,Desktop,India,Low,2026-06-08
108148,Returning,Mobile,India,Medium,2026-05-13
108149,Returning,Desktop,India,Medium,2026-08-26
108150,Returning,Mobile,India,Medium,2026-07-14
108151,New,Mobile,United States,High,2026-08-28
108152,Returning,Mobile,India,Low,2026-05-08
108153,New,Mobile,India,High,2026-04-01
108154,Returning,Desktop,India,Low,2026-06-26
108155,Returning,Mobile,India,Low,2026-04-15
108156,New,Desktop,India,Low,2026-07-04
108157,Returning,Desktop,India,Medium,2026-07-24
108158,Returning,Mobile,India,Low,2026-03-29
108159,Returning,Mobile,India,Medium,2026-07-27
108160,New,Mobile,India,Low,2026-06-23
108161,Returning,Mobile,Canada,Low,2026-05-16
108162,Returning,Mobile,India,Medium,2026-08-30
108163,Returning,Desktop,United States,Medium,2026-05-22
108164,Returning,Mobile,United Kingdom,Medium,2026-03-06
108165,New,Desktop,Canada,Low,2026-03-22
108166,Returning,Mobile,United Kingdom,Medium,2026-04-26
108167,Returning,Mobile,India,Medium,2026-07-16
108168,Returning,Mobile,India,Medium,2026-04-13
108169,Returning,Desktop,India,Low,2026-05-11
108170,New,Mobile,India,Medium,2026-06-30
108171,New,Desktop,Australia,Low,2026-07-11
108172,Returning,Mobile,India,Medium,2026-04-27
108173,New,Desktop,India,High,2026-06-28
108174,Returning,Mobile,India,Medium,2026-06-08
108175,Returning,Mobile,India,Medium,2026-07-26
108176,Returning,Mobile,United States,Low,2026-03-14
108177,New,Mobile,India,Low,2026-06-13
108178,New,Mobile,Australia,Low,2026-08-06
108179,Returning,Mobile,India,Low,2026-04-30
108180,Returning,Mobile,Australia,High,2026-05-20
108181,Returning,Mobile,United States,Medium,2026-08-27
108182,Returning,Mobile,India,Low,2026-05-24
108183,New,Mobile,India,Low,2026-06-24
108184,New,Desktop,India,Low,2026-03-22
108185,Returning,Desktop,India,Medium,2026-07-22
108186,Returning,Desktop,India,High,2026-03-13
108187,New,Desktop,India,Medium,2026-06-24
108188,Returning,Desktop,India,High,2026-05-10
108189,Returning,Mobile,United Kingdom,Low,2026-04-02
108190,Returning,Mobile,India,Medium,2026-05-29
108191,Returning,Mobile,India,Medium,2026-07-29
108192,New,Desktop,India,High,2026-05-23
108193,New,Mobile,United Kingdom,High,2026-06-17
108194,Returning,Desktop,India,Low,2026-03-15
108195,Returning,Mobile,India,Medium,2026-04-30
108196,Returning,Mobile,Canada,Medium,2026-06-28
108197,Returning,Mobile,India,High,2026-04-28
108198,New,Mobile,United States,Low,2026-08-16
108199,Returning,Mobile,India,Medium,2026-03-13
108200,Returning,Desktop,India,High,2026-06-28
108201,New,Mobile,United States,Low,2026-08-02
108202,Returning,Mobile,United States,Medium,2026-03-30
108203,New,Mobile,India,Medium,2026-03-13
108204,Returning,Desktop,United States,Low,2026-07-07
108205,Returning,Mobile,United States,Low,2026-07-16
108206,Returning,Desktop,United States,Low,2026-03-10
108207,Returning,Mobile,Canada,Low,2026-07-27
108208,New,Mobile,India,Medium,2026-03-16
108209,Returning,Desktop,Australia,High,2026-05-17
108210,Returning,Mobile,India,High,2026-06-10
108211,Returning,Mobile,India,High,2026-04-01
108212,Returning,Desktop,India,Medium,2026-08-16
108213,Returning,Mobile,United Kingdom,Low,2026-03-19
108214,Returning,Mobile,India,Low,2026-06-04
108215,Returning,Mobile,India,Medium,2026-04-24
108216,Returning,Mobile,United States,Low,2026-03-26
108217,New,Desktop,India,Low,2026-08-16
108218,Returning,Mobile,United States,High,2026-06-08
108219,New,Mobile,India,Medium,2026-08-22
108220,Returning,Mobile,India,Medium,2026-05-25
108221,Returning,Mobile,India,Medium,2026-06-14
108222,Returning,Mobile,India,Medium,2026-06-14
108223,Returning,Mobile,India,Low,2026-07-28
108224,Returning,Mobile,India,Medium,2026-04-12
108225,Returning,Mobile,Australia,Low,2026-07-16
108226,New,Desktop,India,High,2026-04-21
108227,New,Mobile,India,High,2026-07-16
108228,Returning,Mobile,United States,Low,2026-07-19
108229,Returning,Desktop,India,High,2026-05-19
108230,Returning,Mobile,Canada,Medium,2026-08-03
108231,Returning,Mobile,India,Low,2026-04-25
108232,Returning,Mobile,India,Medium,2026-04-10
108233,Returning,Mobile,India,Low,2026-04-25
108234,Returning,Mobile,India,High,2026-07-09
108235,Returning,Mobile,India,Medium,2026-07-18
108236,New,Mobile,India,Low,2026-05-02
108237,New,Mobile,Canada,High,2026-04-04
108238,Returning,Mobile,Canada,Low,2026-06-10
108239,Returning,Desktop,India,Low,2026-05-02
108240,Returning,Mobile,United States,Low,2026-07-10
108241,New,Mobile,India,Low,2026-08-12
108242,Returning,Desktop,Australia,Medium,2026-08-24
108243,Returning,Mobile,India,High,2026-08-14
108244,New,Mobile,United Kingdom,Low,2026-08-03
108245,New,Mobile,India,Medium,2026-03-31
108246,Returning,Mobile,Australia,Medium,2026-04-03
108247,Returning,Desktop,India,Low,2026-04-23
108248,New,Mobile,Canada,Low,2026-03-07
108249,Returning,Mobile,India,Medium,2026-03-05
108250,Returning,Mobile,India,Low,2026-05-13
108251,New,Mobile,India,High,2026-03-19
108252,Returning,Mobile,India,Medium,2026-05-04
108253,Returning,Mobile,India,High,2026-03-15
108254,Returning,Desktop,India,Low,2026-07-02
108255,Returning,Mobile,Australia,Low,2026-03-29
108256,Returning,Mobile,India,High,2026-05-23
108257,New,Desktop,United Kingdom,High,2026-08-27
108258,Returning,Mobile,United States,Low,2026-06-15
108259,Returning,Mobile,Canada,Low,2026-06-06
108260,Returning,Mobile,India,Medium,2026-07-04
108261,Returning,Desktop,India,Low,2026-05-18
108262,Returning,Desktop,India,Low,2026-08-14
108263,Returning,Desktop,Australia,Low,2026-05-08
108264,Returning,Mobile,India,Medium,2026-05-03
108265,Returning,Mobile,India,Medium,2026-06-17
108266,Returning,Desktop,India,Medium,2026-05-11
108267,Returning,Mobile,United States,Medium,2026-04-16
108268,New,Mobile,India,Medium,2026-05-14
108269,New,Mobile,India,Medium,2026-07-05
108270,Returning,Desktop,Australia,Low,2026-07-10
108271,Returning,Mobile,India,High,2026-05-14
108272,Returning,Mobile,United Kingdom,Medium,2026-08-08
108273,Returning,Mobile,India,High,2026-06-30
108274,Returning,Mobile,India,High,2026-06-01
108275,Returning,Desktop,India,High,2026-06-01
108276,Returning,Desktop,India,Low,2026-07-16
108277,Returning,Mobile,India,Medium,2026-06-26
108278,Returning,Desktop,India,Medium,2026-03-20
108279,Returning,Mobile,India,Medium,2026-07-25
108280,Returning,Mobile,India,Medium,2026-05-29
108281,Returning,Mobile,United States,Low,2026-04-24
108282,Returning,Mobile,India,Medium,2026-05-05
108283,Returning,Mobile,India,Medium,2026-04-28
108284,Returning,Mobile,India,Medium,2026-03-11
108285,New,Mobile,Canada,Low,2026-07-14
108286,Returning,Mobile,Australia,Low,2026-04-27
108287,Returning,Mobile,India,Low,2026-08-04
108288,New,Desktop,India,Medium,2026-06-08
108289,New,Mobile,India,Medium,2026-06-16
108290,Returning,Mobile,Australia,Low,2026-08-29
108291,Returning,Mobile,United States,Medium,2026-08-27
108292,Returning,Desktop,India,Medium,2026-07-18
108293,Returning,Desktop,India,Low,2026-04-04
108294,New,Mobile,United States,Medium,2026-04-18
108295,New,Mobile,India,High,2026-06-05
108296,Returning,Desktop,Canada,Medium,2026-06-19
108297,Returning,Mobile,India,Low,2026-06-07
108298,New,Mobile,Canada,Low,2026-06-05
108299,Returning,Mobile,India,Medium,2026-04-19
108300,Returning,Mobile,India,Medium,2026-05-12
108301,Returning,Mobile,India,High,2026-07-16
108302,Returning,Mobile,India,Low,2026-08-18
108303,Returning,Mobile,India,Medium,2026-08-15
108304,Returning,Mobile,India,Low,2026-07-19
108305,New,Mobile,Canada,Low,2026-06-23
108306,New,Desktop,United Kingdom,High,2026-07-23
108307,New,Desktop,United States,Low,2026-04-23
108308,New,Desktop,India,Medium,2026-05-16
108309,Returning,Mobile,United States,Medium,2026-03-27
108310,New,Mobile,India,Low,2026-07-18
108311,Returning,Mobile,India,Low,2026-06-01
108312,New,Desktop,India,Low,2026-06-06
108313,Returning,Desktop,India,Medium,2026-04-05
108314,New,Mobile,United States,Medium,2026-04-29
108315,Returning,Mobile,India,Medium,2026-06-11
108316,Returning,Desktop,India,Low,2026-08-12
108317,Returning,Desktop,Australia,Low,2026-03-22
108318,Returning,Desktop,India,Low,2026-07-02
108319,Returning,Mobile,India,Low,2026-04-24
108320,Returning,Mobile,India,Low,2026-05-17
108321,Returning,Mobile,India,High,2026-06-12
108322,Returning,Desktop,United Kingdom,Low,2026-07-01
108323,Returning,Mobile,United States,Low,2026-06-23
108324,Returning,Desktop,United Kingdom,High,2026-03-24
108325,Returning,Mobile,India,High,2026-06-19
108326,Returning,Mobile,India,Low,2026-04-15
108327,Returning,Mobile,India,Low,2026-06-15
108328,Returning,Desktop,Australia,Medium,2026-05-03
108329,Returning,Mobile,India,Low,2026-04-22
108330,Returning,Desktop,India,Medium,2026-05-17
108331,New,Mobile,United Kingdom,High,2026-06-19
108332,Returning,Mobile,India,High,2026-08-18
108333,Returning,Desktop,India,Medium,2026-06-18
108334,Returning,Desktop,India,Low,2026-03-29
108335,New,Mobile,Australia,Medium,2026-05-17
108336,Returning,Mobile,Australia,Medium,2026-08-28
108337,Returning,Mobile,India,Low,2026-03-25
108338,Returning,Mobile,Canada,Low,2026-08-25
108339,Returning,Mobile,Australia,Medium,2026-03-07
108340,Returning,Mobile,India,Medium,2026-03-31
108341,Returning,Desktop,India,Medium,2026-05-21
108342,New,Desktop,India,Low,2026-03-14
108343,Returning,Mobile,United States,Medium,2026-03-16
108344,Returning,Mobile,India,Low,2026-08-16
108345,Returning,Mobile,India,Medium,2026-08-16
108346,Returning,Mobile,India,Medium,2026-05-01
108347,Returning,Mobile,India,Medium,2026-08-03
108348,Returning,Mobile,United Kingdom,Medium,2026-08-24
108349,New,Mobile,India,High,2026-08-01
108350,Returning,Mobile,Australia,Medium,2026-05-22
108351,Returning,Mobile,India,High,2026-07-09
108352,Returning,Mobile,India,Medium,2026-04-05
108353,Returning,Mobile,India,Medium,2026-08-24
108354,Returning,Mobile,India,Low,2026-05-16
108355,Returning,Desktop,India,Low,2026-04-18
108356,Returning,Mobile,United Kingdom,Medium,2026-05-25
108357,Returning,Mobile,India,Low,2026-03-31
108358,New,Mobile,India,Low,2026-07-17
108359,Returning,Mobile,India,Low,2026-03-05
108360,New,Mobile,India,Low,2026-05-06
108361,Returning,Mobile,India,Medium,2026-08-05
108362,Returning,Mobile,India,Low,2026-05-21
108363,Returning,Mobile,India,Low,2026-08-02
108364,Returning,Mobile,Australia,High,2026-06-25
108365,Returning,Mobile,India,Medium,2026-03-30
108366,Returning,Desktop,India,Low,2026-08-20
108367,New,Mobile,India,Medium,2026-03-28
108368,New,Mobile,India,Low,2026-09-01
108369,Returning,Mobile,United Kingdom,Medium,2026-04-25
108370,New,Desktop,India,Medium,2026-03-31
108371,New,Mobile,United Kingdom,Medium,2026-05-04
108372,Returning,Desktop,India,Low,2026-05-15
108373,Returning,Mobile,India,High,2026-08-14
108374,Returning,Desktop,India,Medium,2026-03-13
108375,Returning,Mobile,India,Medium,2026-04-09
108376,Returning,Mobile,United States,High,2026-06-10
108377,Returning,Mobile,Australia,Low,2026-08-21
108378,Returning,Mobile,India,High,2026-06-28
108379,Returning,Desktop,United Kingdom,Low,2026-08-12
108380,Returning,Desktop,United States,Medium,2026-04-24
108381,Returning,Desktop,India,Low,2026-08-08
108382,Returning,Mobile,United States,Low,2026-06-15
108383,Returning,Desktop,India,Low,2026-03-31
108384,Returning,Desktop,India,High,2026-06-30
108385,New,Mobile,India,Medium,2026-08-19
108386,Returning,Mobile,India,Medium,2026-05-31
108387,New,Mobile,India,High,2026-03-11
108388,Returning,Mobile,India,High,2026-08-17
108389,Returning,Mobile,India,Medium,2026-06-22
108390,Returning,Desktop,India,Low,2026-05-20
108391,Returning,Desktop,India,Medium,2026-07-05
108392,Returning,Mobile,India,Medium,2026-03-21
108393,Returning,Mobile,India,Low,2026-08-01
108394,Returning,Mobile,India,High,2026-07-11
108395,Returning,Mobile,India,Medium,2026-07-15
108396,Returning,Desktop,Australia,Low,2026-06-30
108397,New,Desktop,India,Medium,2026-04-29
108398,Returning,Mobile,India,Medium,2026-05-27
108399,Returning,Mobile,United States,Medium,2026-08-24
108400,New,Mobile,United Kingdom,Low,2026-07-30
108401,Returning,Mobile,India,Low,2026-05-12
108402,Returning,Desktop,India,High,2026-04-21
108403,Returning,Mobile,United States,Low,2026-07-23
108404,Returning,Desktop,India,Low,2026-07-28
108405,Returning,Desktop,United States,Medium,2026-05-31
108406,Returning,Mobile,India,Low,2026-03-30
108407,Returning,Mobile,India,Medium,2026-05-19
108408,Returning,Desktop,India,Medium,2026-06-30
108409,Returning,Mobile,India,Low,2026-06-22
108410,Returning,Mobile,India,Low,2026-06-24
108411,Returning,Desktop,United States,Low,2026-05-11
108412,Returning,Mobile,India,Medium,2026-07-31
108413,Returning,Mobile,India,Medium,2026-03-27
108414,Returning,Desktop,United Kingdom,Low,2026-05-28
108415,Returning,Mobile,India,Low,2026-05-21
108416,Returning,Desktop,India,Medium,2026-07-06
108417,Returning,Desktop,United States,High,2026-06-16
108418,Returning,Mobile,India,Low,2026-06-23
108419,New,Mobile,India,Low,2026-03-21
108420,Returning,Desktop,India,Medium,2026-07-09
108421,Returning,Mobile,United Kingdom,High,2026-08-17
108422,Returning,Mobile,India,Medium,2026-08-13
108423,Returning,Desktop,United States,Low,2026-08-16
108424,New,Desktop,United Kingdom,High,2026-08-02
108425,Returning,Mobile,India,Medium,2026-08-14
108426,Returning,Mobile,India,High,2026-08-04
108427,New,Mobile,India,High,2026-05-25
108428,Returning,Desktop,India,Medium,2026-07-06
108429,Returning,Mobile,India,Medium,2026-03-28
108430,Returning,Mobile,India,High,2026-06-14
108431,Returning,Mobile,India,Medium,2026-03-19
108432,New,Desktop,India,Medium,2026-04-08
108433,Returning,Mobile,United States,High,2026-07-01
108434,New,Mobile,United States,Medium,2026-05-11
108435,Returning,Desktop,United States,Medium,2026-09-01
108436,Returning,Mobile,India,Low,2026-07-20
108437,Returning,Desktop,India,Low,2026-05-17
108438,Returning,Mobile,India,Medium,2026-06-05
108439,Returning,Desktop,India,Low,2026-04-16
108440,Returning,Mobile,India,Low,2026-07-02
108441,New,Desktop,India,Low,2026-07-24
108442,Returning,Desktop,Australia,Low,2026-03-15
108443,Returning,Desktop,India,High,2026-04-11
108444,New,Desktop,India,Medium,2026-07-15
108445,Returning,Desktop,India,High,2026-04-07
108446,New,Mobile,India,Medium,2026-05-14
108447,New,Desktop,India,Low,2026-08-28
108448,New,Mobile,United Kingdom,Medium,2026-07-25
108449,Returning,Mobile,India,Medium,2026-05-26
108450,Returning,Desktop,India,Low,2026-08-02
108451,Returning,Mobile,Australia,Medium,2026-06-19
108452,Returning,Mobile,India,Low,2026-07-17
108453,New,Desktop,United Kingdom,High,2026-05-14
108454,New,Desktop,India,Low,2026-04-14
108455,Returning,Desktop,India,Low,2026-03-30
108456,New,Desktop,United Kingdom,Medium,2026-04-15
108457,New,Desktop,India,Low,2026-04-25
108458,Returning,Mobile,India,Low,2026-08-28
108459,Returning,Mobile,Australia,Medium,2026-07-14
108460,Returning,Desktop,India,Low,2026-03-14
108461,Returning,Desktop,India,Medium,2026-03-27
108462,Returning,Desktop,India,Low,2026-06-09
108463,Returning,Mobile,India,Low,2026-04-30
108464,New,Desktop,India,High,2026-03-21
108465,Returning,Desktop,India,Medium,2026-06-18
108466,Returning,Mobile,India,Low,2026-04-09
108467,Returning,Desktop,United Kingdom,Medium,2026-08-31
108468,Returning,Mobile,United Kingdom,High,2026-05-15
108469,Returning,Mobile,Australia,Low,2026-06-19
108470,New,Mobile,India,Medium,2026-03-09
108471,Returning,Mobile,Australia,Medium,2026-08-30
108472,Returning,Desktop,Australia,Low,2026-06-22
108473,New,Mobile,United States,Low,2026-04-23
108474,New,Mobile,India,Low,2026-06-27
108475,New,Desktop,India,High,2026-03-21
108476,New,Desktop,India,Medium,2026-04-04
108477,Returning,Desktop,India,Low,2026-06-04
108478,Returning,Mobile,Canada,Low,2026-04-17
108479,Returning,Mobile,India,Medium,2026-08-03
108480,Returning,Desktop,India,High,2026-03-27
108481,Returning,Desktop,India,High,2026-07-05
108482,Returning,Desktop,Canada,High,2026-05-11
108483,Returning,Mobile,India,Low,2026-04-21
108484,Returning,Mobile,India,Low,2026-04-24
108485,Returning,Desktop,United Kingdom,Medium,2026-05-30
108486,Returning,Desktop,United Kingdom,High,2026-07-24
108487,New,Desktop,India,Medium,2026-04-21
108488,New,Mobile,India,Medium,2026-04-03
108489,Returning,Mobile,India,Low,2026-04-30
108490,Returning,Mobile,India,Low,2026-08-17
108491,Returning,Mobile,India,Medium,2026-07-15
108492,New,Mobile,India,Medium,2026-07-09
108493,Returning,Mobile,United Kingdom,High,2026-05-12
108494,Returning,Desktop,United Kingdom,High,2026-06-05
108495,Returning,Desktop,India,Medium,2026-07-08
108496,Returning,Mobile,India,Medium,2026-07-06
108497,Returning,Mobile,United Kingdom,Medium,2026-07-05
108498,Returning,Mobile,United States,Low,2026-03-05
108499,New,Mobile,India,Medium,2026-06-12
108500,Returning,Desktop,United States,Medium,2026-08-06
108501,Returning,Desktop,India,Medium,2026-04-03
108502,Returning,Mobile,India,Low,2026-07-05
108503,Returning,Mobile,United Kingdom,High,2026-03-26
108504,Returning,Desktop,India,Low,2026-08-17
108505,Returning,Mobile,India,High,2026-03-21
108506,Returning,Mobile,India,Medium,2026-06-05
108507,Returning,Desktop,India,Medium,2026-07-23
108508,New,Desktop,India,Low,2026-07-21
108509,Returning,Desktop,India,Medium,2026-06-22
108510,Returning,Desktop,Australia,Medium,2026-07-29
108511,Returning,Mobile,India,Medium,2026-08-02
108512,New,Desktop,India,High,2026-04-27
108513,Returning,Mobile,Australia,High,2026-05-21
108514,New,Mobile,India,Medium,2026-03-26
108515,Returning,Mobile,India,High,2026-08-19
108516,New,Desktop,Australia,Medium,2026-04-03
108517,Returning,Desktop,United Kingdom,Low,2026-04-29
108518,Returning,Mobile,India,Medium,2026-05-03
108519,Returning,Mobile,United States,High,2026-08-11
108520,Returning,Desktop,India,Low,2026-05-05
108521,New,Mobile,India,Medium,2026-05-28
108522,Returning,Desktop,India,Medium,2026-05-23
108523,Returning,Mobile,India,Low,2026-07-20
108524,New,Desktop,India,High,2026-08-20
108525,New,Mobile,United States,Medium,2026-08-26
108526,Returning,Mobile,India,Low,2026-03-06
108527,Returning,Mobile,United States,Low,2026-05-13
108528,Returning,Desktop,India,Medium,2026-03-19
108529,Returning,Mobile,United States,Low,2026-07-05
108530,Returning,Mobile,India,Medium,2026-06-21
108531,Returning,Mobile,United Kingdom,Medium,2026-08-05
108532,Returning,Mobile,United Kingdom,Medium,2026-03-13
108533,Returning,Desktop,United Kingdom,Medium,2026-06-23
108534,New,Desktop,Australia,Medium,2026-04-29
108535,Returning,Mobile,India,High,2026-03-20
108536,Returning,Mobile,India,High,2026-06-20
108537,Returning,Mobile,India,High,2026-05-23
108538,New,Mobile,India,Low,2026-06-29
108539,Returning,Mobile,India,High,2026-08-19
108540,Returning,Desktop,United States,Medium,2026-06-02
108541,Returning,Mobile,India,High,2026-04-08
108542,New,Mobile,India,Low,2026-03-16
108543,Returning,Desktop,India,Low,2026-03-23
108544,New,Mobile,India,Medium,2026-04-17
108545,Returning,Mobile,India,High,2026-06-22
108546,New,Desktop,Australia,Medium,2026-04-11
108547,Returning,Desktop,Australia,High,2026-08-18
108548,New,Mobile,United States,Low,2026-08-18
108549,Returning,Mobile,India,Medium,2026-05-14
108550,Returning,Desktop,United States,Medium,2026-07-21
108551,New,Mobile,India,Medium,2026-08-22
108552,Returning,Mobile,India,Medium,2026-05-28
108553,Returning,Mobile,Canada,High,2026-06-28
108554,Returning,Mobile,India,High,2026-08-11
108555,Returning,Mobile,India,Medium,2026-04-17
108556,New,Desktop,India,Medium,2026-06-23
108557,Returning,Desktop,Australia,Medium,2026-08-28
108558,Returning,Mobile,India,Low,2026-04-01
108559,Returning,Desktop,United Kingdom,Medium,2026-04-21
108560,New,Mobile,India,Low,2026-07-06
108561,Returning,Mobile,Australia,Low,2026-05-15
108562,Returning,Mobile,India,Medium,2026-07-07
108563,New,Desktop,India,Low,2026-08-14
108564,Returning,Desktop,United States,Low,2026-07-25
108565,Returning,Mobile,India,Medium,2026-05-18
108566,New,Mobile,Australia,High,2026-05-28
108567,Returning,Mobile,Canada,Low,2026-03-21
108568,Returning,Mobile,Australia,Medium,2026-04-19
108569,Returning,Mobile,India,High,2026-07-29
108570,New,Mobile,Australia,Medium,2026-06-01
108571,Returning,Desktop,India,Medium,2026-05-01
108572,Returning,Mobile,India,Medium,2026-06-20
108573,New,Mobile,United Kingdom,High,2026-04-12
108574,New,Desktop,India,Low,2026-03-05
108575,New,Desktop,India,Low,2026-07-20
108576,New,Desktop,Canada,Medium,2026-05-20
108577,Returning,Mobile,Australia,Low,2026-03-16
108578,Returning,Desktop,Canada,Low,2026-05-17
108579,Returning,Desktop,Australia,Medium,2026-03-18
108580,Returning,Mobile,India,High,2026-06-16
108581,Returning,Mobile,India,Medium,2026-07-11
108582,Returning,Desktop,India,Low,2026-08-16
108583,Returning,Mobile,India,Low,2026-07-05
108584,Returning,Mobile,India,Low,2026-07-22
108585,Returning,Desktop,United Kingdom,Low,2026-08-16
108586,Returning,Mobile,India,Low,2026-07-27
108587,Returning,Mobile,India,High,2026-06-12
108588,New,Mobile,India,Low,2026-07-05
108589,New,Desktop,India,Low,2026-04-23
108590,New,Desktop,India,High,2026-06-21
108591,Returning,Desktop,United States,Medium,2026-05-22
108592,Returning,Desktop,United States,Low,2026-08-01
108593,New,Mobile,India,High,2026-06-15
108594,Returning,Mobile,United States,High,2026-07-18
108595,Returning,Mobile,United States,Medium,2026-04-21
108596,Returning,Desktop,India,Low,2026-06-05
108597,New,Mobile,India,Low,2026-05-03
108598,Returning,Mobile,United States,High,2026-04-15
108599,New,Mobile,Canada,Low,2026-05-19
108600,Returning,Mobile,India,Low,2026-08-23
108601,Returning,Mobile,Canada,Medium,2026-05-08
108602,New,Mobile,India,Low,2026-08-27
108603,Returning,Mobile,India,Medium,2026-04-24
108604,Returning,Desktop,India,Low,2026-04-15
108605,Returning,Mobile,United Kingdom,Low,2026-06-04
108606,New,Mobile,India,High,2026-06-05
108607,New,Desktop,Australia,Low,2026-08-03
108608,Returning,Desktop,United States,Medium,2026-05-12
108609,New,Mobile,United States,Low,2026-08-22
108610,Returning,Desktop,India,Low,2026-09-01
108611,Returning,Mobile,India,Low,2026-08-26
108612,New,Mobile,India,Low,2026-06-06
108613,New,Desktop,India,Low,2026-06-26
108614,Returning,Mobile,India,Low,2026-08-14
108615,New,Desktop,United Kingdom,Medium,2026-06-21
108616,New,Desktop,Canada,Medium,2026-06-24
108617,New,Desktop,India,Medium,2026-04-18
108618,Returning,Mobile,India,Low,2026-07-06
108619,New,Desktop,India,Low,2026-04-26
108620,Returning,Mobile,India,High,2026-03-21
108621,New,Desktop,United Kingdom,Low,2026-06-06
108622,New,Mobile,India,Low,2026-05-15
108623,Returning,Mobile,India,Low,2026-08-28
108624,Returning,Mobile,United Kingdom,Low,2026-05-13
108625,Returning,Mobile,India,Low,2026-03-31
108626,New,Mobile,United States,Low,2026-04-09
108627,Returning,Mobile,India,Low,2026-08-30
108628,Returning,Desktop,India,Medium,2026-08-12
108629,Returning,Desktop,United States,Low,2026-08-08
108630,New,Desktop,India,Low,2026-03-30
108631,Returning,Desktop,India,Low,2026-05-15
108632,Returning,Desktop,India,Low,2026-08-01
108633,Returning,Mobile,Canada,Medium,2026-08-23
108634,Returning,Mobile,India,Medium,2026-03-17
108635,Returning,Desktop,Australia,Low,2026-06-11
108636,Returning,Desktop,United Kingdom,High,2026-03-22
108637,Returning,Desktop,India,High,2026-04-14
108638,Returning,Desktop,Canada,Medium,2026-03-09
108639,Returning,Mobile,India,Medium,2026-08-01
108640,Returning,Desktop,India,Low,2026-07-19
108641,Returning,Desktop,Australia,Medium,2026-05-18
108642,Returning,Desktop,India,High,2026-06-08
108643,New,Mobile,India,Medium,2026-06-10
108644,New,Mobile,India,Medium,2026-07-18
108645,New,Mobile,India,Low,2026-08-01
108646,Returning,Mobile,India,Low,2026-04-11
108647,Returning,Mobile,India,Low,2026-06-18
108648,New,Mobile,United Kingdom,Low,2026-04-16
108649,Returning,Mobile,India,Low,2026-06-09
108650,New,Desktop,India,Low,2026-04-01
108651,New,Mobile,India,Low,2026-06-15
108652,Returning,Mobile,India,Low,2026-05-22
108653,Returning,Mobile,India,Medium,2026-07-30
108654,New,Mobile,India,Low,2026-04-27
108655,New,Mobile,India,Low,2026-06-07
108656,New,Desktop,India,Medium,2026-07-12
108657,Returning,Mobile,India,Low,2026-04-03
108658,Returning,Mobile,India,Low,2026-05-24
108659,Returning,Mobile,India,Low,2026-08-04
108660,Returning,Mobile,Canada,High,2026-07-29
108661,Returning,Desktop,India,Medium,2026-07-31
108662,Returning,Mobile,India,Medium,2026-04-16
108663,Returning,Mobile,United States,Medium,2026-05-07
108664,Returning,Mobile,India,Low,2026-08-18
108665,New,Mobile,United States,Low,2026-07-08
108666,Returning,Desktop,Australia,Low,2026-07-16
108667,New,Desktop,India,Low,2026-03-11
108668,New,Mobile,India,Medium,2026-08-26
108669,Returning,Mobile,India,Medium,2026-04-05
108670,Returning,Mobile,United Kingdom,Medium,2026-07-15
108671,Returning,Mobile,United Kingdom,Medium,2026-08-20
108672,New,Desktop,India,Medium,2026-03-25
108673,Returning,Desktop,India,Low,2026-04-08
108674,Returning,Desktop,India,Low,2026-08-18
108675,New,Desktop,India,Low,2026-03-23
108676,Returning,Mobile,India,Low,2026-03-16
108677,New,Mobile,India,Low,2026-05-09
108678,New,Mobile,India,Medium,2026-06-16
108679,Returning,Desktop,India,High,2026-08-24
108680,New,Desktop,India,Low,2026-07-08
108681,Returning,Mobile,India,Medium,2026-08-10
108682,Returning,Desktop,United States,Low,2026-08-11
108683,New,Mobile,India,Low,2026-08-21
108684,Returning,Mobile,India,Low,2026-03-14
108685,New,Mobile,United Kingdom,Medium,2026-08-14
108686,New,Mobile,India,Medium,2026-03-18
108687,New,Mobile,Australia,Low,2026-05-09
108688,Returning,Desktop,India,Low,2026-08-04
108689,Returning,Mobile,Canada,Medium,2026-07-06
108690,New,Mobile,India,Low,2026-04-24
108691,Returning,Mobile,India,Low,2026-06-18
108692,Returning,Mobile,India,High,2026-04-22
108693,New,Mobile,United States,Medium,2026-08-16
108694,New,Mobile,United States,Low,2026-05-29
108695,Returning,Desktop,India,High,2026-05-17
108696,Returning,Desktop,India,Low,2026-03-29
108697,Returning,Desktop,India,Medium,2026-05-12
108698,New,Mobile,India,Medium,2026-04-02
108699,New,Mobile,United Kingdom,Low,2026-06-23
108700,Returning,Mobile,United States,Medium,2026-04-13
108701,Returning,Mobile,Canada,Medium,2026-07-20
108702,Returning,Desktop,India,High,2026-05-06
108703,Returning,Mobile,India,Low,2026-07-15
108704,New,Mobile,India,High,2026-03-25
108705,New,Mobile,India,Medium,2026-04-21
108706,Returning,Mobile,United States,Medium,2026-05-11
108707,New,Desktop,India,Low,2026-06-30
108708,New,Mobile,India,High,2026-06-21
108709,New,Desktop,United Kingdom,Low,2026-03-05
108710,Returning,Mobile,India,Medium,2026-05-16
108711,Returning,Mobile,India,Medium,2026-03-21
108712,Returning,Mobile,India,Medium,2026-08-26
108713,New,Desktop,India,Low,2026-06-25
108714,Returning,Mobile,Australia,Low,2026-04-11
108715,Returning,Mobile,United States,Medium,2026-07-09
108716,New,Mobile,United States,Low,2026-05-19
108717,New,Mobile,Canada,Low,2026-05-02
108718,New,Desktop,India,Low,2026-03-07
108719,Returning,Mobile,India,High,2026-06-29
108720,Returning,Mobile,Canada,High,2026-05-08
108721,Returning,Mobile,India,Low,2026-03-11
108722,Returning,Mobile,India,Low,2026-03-08
108723,Returning,Mobile,United Kingdom,Low,2026-08-06
108724,Returning,Desktop,India,Low,2026-06-10
108725,New,Mobile,United Kingdom,High,2026-06-05
108726,Returning,Mobile,Canada,Medium,2026-08-20
108727,New,Mobile,India,Medium,2026-03-12
108728,New,Mobile,India,Medium,2026-04-20
108729,New,Desktop,India,Low,2026-04-01
108730,Returning,Mobile,India,Medium,2026-07-07
108731,Returning,Mobile,India,Medium,2026-04-10
108732,New,Desktop,India,Low,2026-08-25
108733,Returning,Desktop,India,Medium,2026-08-18
108734,New,Mobile,United States,Medium,2026-03-09
108735,Returning,Mobile,India,High,2026-04-29
108736,Returning,Mobile,India,High,2026-03-06
108737,Returning,Mobile,India,Low,2026-08-31
108738,New,Mobile,India,Medium,2026-04-24
108739,New,Desktop,India,Low,2026-07-06
108740,Returning,Mobile,India,Low,2026-08-17
108741,Returning,Mobile,Canada,High,2026-06-26
108742,Returning,Mobile,United Kingdom,Low,2026-06-09
108743,Returning,Mobile,India,Low,2026-05-12
108744,New,Mobile,United States,Medium,2026-05-20
108745,Returning,Desktop,India,Medium,2026-06-23
108746,Returning,Mobile,India,High,2026-07-13
108747,Returning,Desktop,United States,High,2026-08-28
108748,Returning,Desktop,India,High,2026-08-01
108749,Returning,Mobile,India,Low,2026-03-14
108750,Returning,Mobile,India,Medium,2026-04-23
108751,Returning,Mobile,United Kingdom,Medium,2026-04-08
108752,Returning,Desktop,Australia,Medium,2026-06-28
108753,New,Mobile,India,Medium,2026-03-25
108754,New,Desktop,India,Low,2026-03-23
108755,Returning,Mobile,Australia,Medium,2026-07-11
108756,Returning,Mobile,India,Low,2026-04-30
108757,Returning,Mobile,India,High,2026-07-26
108758,New,Mobile,India,High,2026-08-28
108759,New,Mobile,India,High,2026-03-10
108760,Returning,Desktop,United Kingdom,Medium,2026-06-11
108761,Returning,Mobile,Australia,Low,2026-06-28
108762,Returning,Mobile,India,Low,2026-07-22
108763,New,Mobile,India,Medium,2026-06-23
108764,Returning,Desktop,India,High,2026-04-21
108765,New,Mobile,India,High,2026-04-25
108766,Returning,Mobile,India,Medium,2026-05-24
108767,New,Desktop,India,Medium,2026-04-21
108768,Returning,Mobile,United States,Low,2026-08-25
108769,Returning,Mobile,India,Medium,2026-07-25
108770,Returning,Desktop,India,Low,2026-05-05
108771,Returning,Mobile,India,Medium,2026-08-26
108772,Returning,Mobile,India,Low,2026-04-13
108773,Returning,Mobile,Canada,Low,2026-05-28
108774,New,Mobile,Australia,Low,2026-04-03
108775,Returning,Mobile,United States,Medium,2026-06-06
108776,New,Mobile,India,Low,2026-06-28
108777,Returning,Desktop,Canada,Medium,2026-05-01
108778,Returning,Desktop,India,Low,2026-08-20
108779,Returning,Desktop,India,Medium,2026-08-30
108780,Returning,Desktop,India,Low,2026-08-31
108781,Returning,Desktop,India,Low,2026-05-22
108782,Returning,Desktop,India,High,2026-06-17
108783,Returning,Desktop,Canada,Medium,2026-05-25
108784,Returning,Mobile,India,High,2026-07-05
108785,New,Desktop,India,Low,2026-03-05
108786,New,Desktop,India,Low,2026-08-11
108787,New,Desktop,United States,High,2026-07-04
108788,Returning,Mobile,United States,Low,2026-06-06
108789,Returning,Mobile,India,High,2026-07-10
108790,New,Mobile,India,Low,2026-08-20
108791,Returning,Desktop,India,Low,2026-08-23
108792,Returning,Desktop,India,Medium,2026-05-11
108793,Returning,Mobile,India,High,2026-05-17
108794,Returning,Desktop,India,High,2026-07-25
108795,Returning,Desktop,United Kingdom,Low,2026-05-27
108796,Returning,Desktop,United Kingdom,Medium,2026-05-03
108797,Returning,Mobile,United Kingdom,Low,2026-04-21
108798,Returning,Mobile,United States,Low,2026-03-25
108799,New,Mobile,India,High,2026-07-15
108800,Returning,Desktop,India,Medium,2026-05-08
108801,Returning,Desktop,India,High,2026-03-11
108802,Returning,Mobile,United States,Medium,2026-06-14
108803,New,Mobile,India,High,2026-05-05
108804,New,Mobile,India,Low,2026-08-01
108805,Returning,Mobile,India,Low,2026-03-08
108806,New,Mobile,India,Medium,2026-04-27
108807,New,Desktop,India,Low,2026-05-28
108808,Returning,Mobile,India,Low,2026-06-26
108809,Returning,Desktop,India,Medium,2026-05-07
108810,New,Desktop,India,High,2026-05-16
108811,New,Mobile,United Kingdom,High,2026-05-01
108812,Returning,Mobile,India,High,2026-08-03
108813,Returning,Mobile,India,Low,2026-05-21
108814,New,Mobile,India,Low,2026-07-28
108815,Returning,Mobile,India,Medium,2026-08-24
108816,New,Mobile,India,High,2026-06-05
108817,Returning,Mobile,India,Medium,2026-06-18
108818,Returning,Mobile,India,Low,2026-05-27
108819,New,Mobile,Canada,Low,2026-05-26
108820,Returning,Desktop,United Kingdom,Medium,2026-08-15
108821,Returning,Mobile,India,Medium,2026-08-23
108822,New,Mobile,India,Medium,2026-08-16
108823,Returning,Mobile,India,Medium,2026-03-30
108824,Returning,Mobile,United States,Low,2026-04-24
108825,New,Desktop,India,Medium,2026-04-22
108826,Returning,Mobile,India,Medium,2026-06-22
108827,New,Desktop,India,High,2026-06-12
108828,New,Desktop,India,Medium,2026-08-23
108829,Returning,Mobile,United States,High,2026-03-28
108830,Returning,Mobile,India,Low,2026-07-03
108831,New,Mobile,Australia,Medium,2026-08-31
108832,Returning,Mobile,India,Medium,2026-05-08
108833,Returning,Mobile,India,Medium,2026-05-24
108834,Returning,Mobile,United States,Medium,2026-04-25
108835,Returning,Desktop,India,High,2026-06-07
108836,New,Mobile,India,Low,2026-04-07
108837,Returning,Mobile,India,Low,2026-08-21
108838,Returning,Mobile,India,Low,2026-08-29
108839,New,Mobile,India,Medium,2026-03-17
108840,New,Mobile,Australia,Medium,2026-03-26
108841,Returning,Mobile,India,Low,2026-05-19
108842,New,Mobile,Australia,Medium,2026-07-04
108843,Returning,Mobile,India,Low,2026-03-17
108844,Returning,Mobile,United States,High,2026-08-14
108845,New,Desktop,India,Low,2026-05-19
108846,Returning,Desktop,India,Low,2026-08-02
108847,New,Mobile,India,Low,2026-07-27
108848,Returning,Desktop,India,Medium,2026-06-02
108849,Returning,Mobile,India,Low,2026-05-08
108850,Returning,Mobile,Canada,Medium,2026-03-28
108851,Returning,Mobile,United States,High,2026-06-06
108852,Returning,Mobile,India,Low,2026-06-13
108853,Returning,Desktop,United States,Low,2026-08-28
108854,Returning,Mobile,Canada,Medium,2026-03-18
108855,New,Mobile,India,Medium,2026-05-27
108856,New,Desktop,India,Medium,2026-08-26
108857,Returning,Mobile,India,Medium,2026-04-20
108858,Returning,Mobile,India,Medium,2026-06-15
108859,Returning,Desktop,India,Low,2026-05-27
108860,Returning,Desktop,India,Medium,2026-05-11
108861,Returning,Mobile,United States,High,2026-04-09
108862,New,Mobile,United Kingdom,Medium,2026-07-16
108863,Returning,Mobile,United States,Low,2026-06-05
108864,Returning,Desktop,India,Medium,2026-03-25
108865,Returning,Mobile,India,Low,2026-07-25
108866,New,Mobile,India,High,2026-05-05
108867,Returning,Desktop,India,Medium,2026-08-18
108868,Returning,Mobile,India,Low,2026-03-14
108869,New,Desktop,United States,Low,2026-04-24
108870,New,Mobile,Australia,Medium,2026-04-03
108871,Returning,Mobile,India,Medium,2026-03-27
108872,Returning,Mobile,India,Medium,2026-07-05
108873,New,Desktop,India,Low,2026-05-19
108874,Returning,Mobile,United Kingdom,High,2026-04-30
108875,New,Mobile,India,Medium,2026-04-08
108876,New,Desktop,Canada,Medium,2026-08-05
108877,Returning,Mobile,India,Medium,2026-07-21
108878,Returning,Desktop,Canada,High,2026-07-10
108879,Returning,Mobile,India,Low,2026-03-09
108880,New,Desktop,India,Low,2026-07-03
108881,Returning,Mobile,Australia,High,2026-06-27
108882,Returning,Desktop,Canada,Low,2026-03-15
108883,Returning,Mobile,United States,Low,2026-04-01
108884,Returning,Mobile,India,Low,2026-08-05
108885,New,Desktop,Canada,High,2026-07-28
108886,Returning,Mobile,India,Medium,2026-08-29
108887,Returning,Mobile,India,Medium,2026-08-17
108888,Returning,Mobile,India,Medium,2026-05-21
108889,Returning,Desktop,India,High,2026-06-24
108890,Returning,Mobile,India,High,2026-05-21
108891,New,Mobile,India,Low,2026-03-06
108892,Returning,Mobile,India,Medium,2026-06-19
108893,Returning,Desktop,India,Medium,2026-06-15
108894,New,Mobile,India,Medium,2026-05-24
108895,Returning,Desktop,India,Medium,2026-04-20
108896,Returning,Desktop,India,Medium,2026-07-26
108897,Returning,Mobile,India,Medium,2026-04-17
108898,Returning,Mobile,United States,Low,2026-04-26
108899,Returning,Mobile,India,Medium,2026-04-22
108900,Returning,Mobile,India,Low,2026-05-18
108901,Returning,Mobile,India,High,2026-03-28
108902,New,Mobile,India,Low,2026-08-17
108903,Returning,Mobile,India,High,2026-06-26
108904,New,Mobile,India,Medium,2026-03-12
108905,Returning,Mobile,Australia,Low,2026-08-02
108906,New,Desktop,United States,High,2026-03-28
108907,Returning,Mobile,India,Medium,2026-08-27
108908,Returning,Mobile,United States,Low,2026-05-09
108909,Returning,Mobile,India,Medium,2026-06-28
108910,Returning,Mobile,India,Medium,2026-08-30
108911,New,Mobile,India,Medium,2026-04-06
108912,Returning,Mobile,India,Medium,2026-05-24
108913,Returning,Mobile,India,Low,2026-04-29
108914,Returning,Mobile,Canada,High,2026-05-21
108915,New,Mobile,India,Medium,2026-05-25
108916,Returning,Mobile,India,High,2026-07-11
108917,New,Desktop,India,Medium,2026-08-03
108918,Returning,Desktop,Canada,Medium,2026-05-10
108919,Returning,Mobile,United Kingdom,Medium,2026-05-21
108920,Returning,Mobile,Canada,Low,2026-04-19
108921,Returning,Desktop,India,High,2026-07-14
108922,Returning,Mobile,India,Medium,2026-06-30
108923,Returning,Desktop,United Kingdom,Medium,2026-07-29
108924,Returning,Mobile,India,High,2026-04-03
108925,New,Mobile,India,Medium,2026-04-06
108926,New,Mobile,India,Low,2026-03-05
108927,Returning,Desktop,India,Medium,2026-08-28
108928,New,Mobile,Australia,High,2026-03-26
108929,Returning,Mobile,India,High,2026-04-18
108930,Returning,Desktop,India,Low,2026-04-04
108931,New,Mobile,India,Low,2026-07-22
108932,Returning,Mobile,Canada,Low,2026-08-01
108933,Returning,Mobile,India,High,2026-07-22
108934,New,Mobile,India,Medium,2026-07-15
108935,New,Mobile,Canada,Low,2026-05-03
108936,Returning,Mobile,India,Low,2026-04-16
108937,Returning,Desktop,India,Low,2026-05-17
108938,Returning,Desktop,India,Low,2026-05-05
108939,Returning,Desktop,United Kingdom,Medium,2026-04-08
108940,New,Mobile,India,High,2026-05-05
108941,Returning,Mobile,India,High,2026-04-13
108942,Returning,Desktop,India,Medium,2026-08-16
108943,Returning,Desktop,India,Medium,2026-05-18
108944,New,Desktop,India,Medium,2026-07-15
108945,New,Desktop,India,Low,2026-06-17
108946,Returning,Desktop,India,Low,2026-08-27
108947,Returning,Mobile,India,High,2026-05-26
108948,Returning,Mobile,India,Low,2026-03-14
108949,New,Mobile,United Kingdom,High,2026-03-17
108950,Returning,Mobile,India,Medium,2026-08-15
108951,Returning,Mobile,United States,Low,2026-03-15
108952,Returning,Mobile,India,Low,2026-07-10
108953,New,Desktop,United States,Low,2026-08-10
108954,Returning,Mobile,India,Medium,2026-07-10
108955,New,Mobile,India,Medium,2026-03-14
108956,Returning,Mobile,India,Medium,2026-05-12
108957,Returning,Mobile,India,Low,2026-06-05
108958,Returning,Mobile,India,Medium,2026-04-18
108959,New,Mobile,India,Medium,2026-07-26
108960,New,Desktop,India,Medium,2026-06-12
108961,New,Mobile,India,Medium,2026-04-20
108962,New,Desktop,India,High,2026-04-07
108963,New,Desktop,India,Medium,2026-07-22
108964,Returning,Desktop,Canada,High,2026-08-28
108965,Returning,Mobile,Australia,Medium,2026-05-15
108966,Returning,Mobile,India,High,2026-03-08
108967,Returning,Mobile,India,Low,2026-08-07
108968,Returning,Mobile,India,Medium,2026-08-26
108969,Returning,Mobile,India,High,2026-05-13
108970,Returning,Desktop,United States,Low,2026-08-10
108971,Returning,Desktop,India,Low,2026-04-16
108972,Returning,Desktop,United States,Low,2026-06-08
108973,Returning,Mobile,India,High,2026-03-15
108974,New,Desktop,United States,High,2026-05-15
108975,Returning,Desktop,India,Medium,2026-06-16
108976,Returning,Mobile,India,High,2026-05-15
108977,Returning,Mobile,India,High,2026-03-11
108978,Returning,Mobile,Canada,Low,2026-06-01
108979,Returning,Mobile,India,Medium,2026-05-15
108980,Returning,Mobile,India,Medium,2026-07-25
108981,Returning,Mobile,Australia,Medium,2026-05-27
108982,New,Desktop,India,Medium,2026-06-09
108983,Returning,Desktop,India,Low,2026-05-25
108984,Returning,Desktop,United Kingdom,Medium,2026-06-01
108985,Returning,Mobile,India,Medium,2026-07-05
108986,New,Mobile,India,Low,2026-06-14
108987,Returning,Desktop,India,Low,2026-08-01
108988,Returning,Mobile,India,Low,2026-08-21
108989,Returning,Mobile,India,High,2026-04-20
108990,Returning,Desktop,India,High,2026-03-29
108991,Returning,Mobile,United States,High,2026-05-02
108992,New,Mobile,Australia,Medium,2026-06-03
108993,Returning,Mobile,India,Medium,2026-07-15
108994,Returning,Mobile,India,Low,2026-03-07
108995,Returning,Desktop,India,Low,2026-05-26
108996,Returning,Mobile,India,Low,2026-03-16
108997,Returning,Desktop,India,Medium,2026-08-15
108998,Returning,Mobile,United Kingdom,Medium,2026-04-20
108999,Returning,Mobile,India,Low,2026-07-11
109000,New,Desktop,India,High,2026-05-18
109001,Returning,Mobile,India,High,2026-07-05
109002,Returning,Mobile,India,High,2026-08-25
109003,New,Mobile,United Kingdom,High,2026-07-29
109004,Returning,Mobile,India,Medium,2026-08-09
109005,Returning,Desktop,India,Medium,2026-08-13
109006,Returning,Desktop,India,Medium,2026-06-07
109007,Returning,Desktop,India,Low,2026-06-03
109008,Returning,Mobile,India,Medium,2026-05-26
109009,Returning,Desktop,India,Low,2026-06-30
109010,Returning,Desktop,United States,Low,2026-06-21
109011,Returning,Mobile,India,Medium,2026-03-16
109012,Returning,Mobile,India,Medium,2026-08-16
109013,Returning,Desktop,India,Medium,2026-03-13
109014,Returning,Mobile,India,Medium,2026-08-27
109015,Returning,Desktop,India,Low,2026-08-11
109016,New,Mobile,India,Medium,2026-04-16
109017,Returning,Desktop,United States,Medium,2026-03-05
109018,Returning,Desktop,India,Low,2026-05-27
109019,New,Mobile,Australia,Low,2026-06-12
109020,New,Mobile,United Kingdom,Medium,2026-06-13
109021,New,Mobile,India,Low,2026-04-12
109022,New,Mobile,India,High,2026-03-16
109023,Returning,Desktop,India,Medium,2026-04-20
109024,Returning,Mobile,United States,Low,2026-05-13
109025,Returning,Desktop,India,High,2026-07-26
109026,Returning,Mobile,United States,Low,2026-06-18
109027,New,Mobile,India,Medium,2026-05-23
109028,New,Mobile,India,Medium,2026-03-18
109029,New,Desktop,India,Low,2026-07-24
109030,Returning,Desktop,India,Low,2026-08-02
109031,New,Mobile,United States,Low,2026-06-02
109032,Returning,Desktop,India,High,2026-04-29
109033,Returning,Mobile,India,Medium,2026-05-18
109034,Returning,Desktop,Canada,Medium,2026-07-17
109035,Returning,Mobile,India,Low,2026-07-24
109036,New,Desktop,United States,Low,2026-04-01
109037,Returning,Mobile,India,Low,2026-04-22
109038,New,Desktop,India,Low,2026-06-21
109039,Returning,Desktop,India,Low,2026-06-09
109040,Returning,Mobile,India,Low,2026-06-04
109041,Returning,Desktop,India,High,2026-05-04
109042,Returning,Mobile,Australia,Low,2026-06-21
109043,New,Mobile,India,High,2026-07-07
109044,New,Desktop,Australia,Medium,2026-06-01
109045,New,Mobile,India,Low,2026-04-06
109046,Returning,Mobile,India,High,2026-06-10
109047,Returning,Mobile,India,Low,2026-07-02
109048,Returning,Mobile,India,High,2026-07-17
109049,New,Desktop,India,Low,2026-05-25
109050,Returning,Desktop,United States,Low,2026-08-17
109051,Returning,Mobile,India,Low,2026-03-07
109052,Returning,Mobile,India,Low,2026-03-06
109053,Returning,Desktop,United Kingdom,Medium,2026-05-18
109054,New,Mobile,India,High,2026-05-25
109055,New,Mobile,Australia,Low,2026-08-18
109056,New,Mobile,India,Low,2026-07-15
109057,Returning,Mobile,India,Low,2026-07-28
109058,Returning,Desktop,India,Medium,2026-07-18
109059,Returning,Mobile,India,High,2026-07-21
109060,Returning,Mobile,United States,Medium,2026-06-09
109061,Returning,Mobile,India,Medium,2026-05-20
109062,Returning,Desktop,India,High,2026-06-04
109063,Returning,Mobile,United Kingdom,Medium,2026-04-24
109064,Returning,Mobile,Canada,Medium,2026-07-27
109065,New,Mobile,India,Medium,2026-06-01
109066,Returning,Mobile,India,Medium,2026-04-10
109067,Returning,Mobile,India,Medium,2026-08-05
109068,Returning,Desktop,Canada,Medium,2026-07-28
109069,New,Desktop,India,Medium,2026-05-17
109070,Returning,Mobile,India,Medium,2026-07-19
109071,Returning,Mobile,India,Low,2026-05-23
109072,Returning,Desktop,India,High,2026-04-11
109073,Returning,Mobile,India,Medium,2026-04-08
109074,Returning,Mobile,India,High,2026-06-11
109075,Returning,Desktop,India,High,2026-04-24
109076,Returning,Desktop,United States,Medium,2026-04-27
109077,Returning,Mobile,India,Low,2026-05-05
109078,Returning,Desktop,India,Low,2026-07-13
109079,Returning,Mobile,Australia,High,2026-07-18
109080,Returning,Mobile,India,High,2026-05-04
109081,Returning,Mobile,India,Low,2026-08-26
109082,Returning,Mobile,Australia,Medium,2026-06-23
109083,Returning,Desktop,Canada,Medium,2026-05-31
109084,Returning,Desktop,India,High,2026-04-16
109085,New,Mobile,United States,Medium,2026-07-29
109086,New,Desktop,Australia,Medium,2026-03-05
109087,Returning,Mobile,India,Low,2026-08-03
109088,Returning,Mobile,Australia,High,2026-03-07
109089,New,Mobile,India,Low,2026-03-27
109090,Returning,Desktop,India,High,2026-03-30
109091,Returning,Mobile,India,Low,2026-03-08
109092,Returning,Desktop,Australia,Low,2026-07-05
109093,Returning,Mobile,Canada,Low,2026-08-19
109094,New,Mobile,Canada,Medium,2026-07-14
109095,Returning,Mobile,India,Low,2026-08-25
109096,Returning,Desktop,India,Low,2026-09-01
109097,New,Mobile,India,Medium,2026-07-19
109098,Returning,Mobile,India,Medium,2026-07-19
109099,Returning,Mobile,Australia,Medium,2026-06-03
109100,Returning,Mobile,Canada,Low,2026-03-18
109101,New,Desktop,India,Medium,2026-07-21
109102,New,Mobile,India,Low,2026-04-22
109103,New,Desktop,India,Medium,2026-08-19
109104,Returning,Desktop,India,Medium,2026-05-22
109105,Returning,Mobile,United Kingdom,Low,2026-06-25
109106,New,Mobile,United States,Medium,2026-04-24
109107,Returning,Desktop,Australia,Low,2026-03-19
109108,New,Mobile,India,Medium,2026-05-12
109109,Returning,Mobile,United States,Low,2026-06-08
109110,Returning,Mobile,India,Medium,2026-05-07
109111,Returning,Mobile,India,Low,2026-03-22
109112,Returning,Mobile,India,High,2026-04-26
109113,Returning,Mobile,India,Medium,2026-08-12
109114,Returning,Mobile,India,Low,2026-07-30
109115,Returning,Desktop,India,High,2026-03-27
109116,Returning,Desktop,India,Medium,2026-06-25
109117,New,Mobile,India,Low,2026-06-10
109118,New,Desktop,India,Low,2026-05-24
109119,Returning,Mobile,United States,Low,2026-04-23
109120,Returning,Mobile,Canada,Low,2026-08-17
109121,Returning,Mobile,India,High,2026-08-09
109122,New,Desktop,India,Low,2026-05-05
109123,Returning,Desktop,India,High,2026-07-17
109124,New,Mobile,India,Low,2026-07-01
109125,Returning,Mobile,India,High,2026-05-11
109126,Returning,Mobile,Australia,Medium,2026-06-20
109127,New,Mobile,India,Low,2026-07-13
109128,Returning,Desktop,India,Low,2026-06-26
109129,Returning,Desktop,United States,Low,2026-08-05
109130,Returning,Desktop,India,Low,2026-07-28
109131,Returning,Mobile,India,Medium,2026-05-31
109132,Returning,Mobile,India,High,2026-08-19
109133,Returning,Desktop,United States,Medium,2026-05-10
109134,New,Desktop,India,Low,2026-08-22
109135,Returning,Mobile,India,Medium,2026-03-27
109136,Returning,Mobile,India,Medium,2026-03-17
109137,Returning,Desktop,India,Low,2026-06-26
109138,Returning,Mobile,India,Low,2026-05-02
109139,Returning,Mobile,United Kingdom,Medium,2026-03-31
109140,Returning,Mobile,India,Medium,2026-05-05
109141,New,Desktop,India,Low,2026-08-11
109142,Returning,Desktop,India,Low,2026-05-15
109143,New,Mobile,India,Low,2026-07-15
109144,New,Mobile,India,Medium,2026-07-21
109145,New,Mobile,United States,Low,2026-07-13
109146,Returning,Desktop,India,High,2026-04-01
109147,Returning,Mobile,United States,Low,2026-07-04
109148,Returning,Mobile,India,Low,2026-07-23
109149,New,Mobile,India,Low,2026-07-26
109150,New,Mobile,Canada,Low,2026-04-05
109151,Returning,Mobile,India,Medium,2026-08-31
109152,Returning,Desktop,India,High,2026-04-12
109153,Returning,Mobile,India,High,2026-03-25
109154,Returning,Desktop,India,Medium,2026-07-19
109155,New,Mobile,Canada,Low,2026-07-04
109156,Returning,Mobile,India,Medium,2026-05-30
109157,Returning,Mobile,India,Low,2026-03-27
109158,New,Mobile,India,Medium,2026-07-24
109159,New,Mobile,India,Medium,2026-03-21
109160,Returning,Mobile,India,Low,2026-06-03
109161,Returning,Mobile,India,Low,2026-04-23
109162,Returning,Desktop,India,Medium,2026-04-01
109163,Returning,Mobile,India,Low,2026-03-05
109164,New,Mobile,India,Medium,2026-08-25
109165,New,Mobile,India,Low,2026-06-27
109166,Returning,Mobile,India,Low,2026-06-29
109167,Returning,Mobile,India,Medium,2026-06-06
109168,New,Mobile,India,Medium,2026-08-10
109169,Returning,Desktop,India,High,2026-07-06
109170,Returning,Mobile,India,Low,2026-06-08
109171,Returning,Mobile,India,Medium,2026-06-04
109172,Returning,Desktop,India,Medium,2026-04-27
109173,New,Mobile,India,High,2026-04-28
109174,Returning,Mobile,India,Low,2026-06-12
109175,Returning,Mobile,United Kingdom,Low,2026-07-27
109176,Returning,Mobile,United States,Medium,2026-04-26
109177,New,Desktop,India,High,2026-05-27
109178,New,Desktop,United States,High,2026-07-09
109179,New,Mobile,India,High,2026-07-18
109180,Returning,Desktop,India,Low,2026-03-30
109181,Returning,Desktop,India,High,2026-08-13
109182,Returning,Mobile,United States,Low,2026-04-14
109183,Returning,Mobile,India,Medium,2026-03-07
109184,Returning,Mobile,India,Medium,2026-06-07
109185,Returning,Mobile,India,High,2026-04-11
109186,New,Mobile,India,Medium,2026-05-20
109187,Returning,Desktop,India,Medium,2026-06-09
109188,Returning,Mobile,Canada,Medium,2026-03-22
109189,Returning,Desktop,United Kingdom,Low,2026-08-04
109190,New,Mobile,Canada,Medium,2026-03-12
109191,New,Mobile,United Kingdom,Low,2026-05-19
109192,New,Mobile,India,Low,2026-06-01
109193,Returning,Mobile,India,Medium,2026-06-01
109194,Returning,Desktop,India,Low,2026-07-11
109195,Returning,Mobile,Australia,Medium,2026-03-30
109196,Returning,Mobile,India,Medium,2026-05-04
109197,Returning,Mobile,India,Low,2026-03-27
109198,Returning,Desktop,United States,High,2026-04-24
109199,Returning,Mobile,India,Low,2026-04-27
109200,New,Mobile,United States,Medium,2026-03-06
109201,New,Mobile,India,High,2026-03-13
109202,Returning,Desktop,India,Medium,2026-07-13
109203,Returning,Mobile,India,Medium,2026-07-30
109204,New,Mobile,India,High,2026-03-27
109205,New,Mobile,India,High,2026-05-03
109206,Returning,Mobile,United Kingdom,Low,2026-03-11
109207,Returning,Mobile,India,Low,2026-06-08
109208,Returning,Desktop,Australia,Low,2026-07-14
109209,Returning,Mobile,United States,Low,2026-05-13
109210,Returning,Desktop,United States,Low,2026-07-04
109211,Returning,Mobile,India,Low,2026-05-11
109212,Returning,Mobile,India,Medium,2026-04-03
109213,Returning,Mobile,India,Low,2026-03-14
109214,New,Mobile,United States,Low,2026-08-19
109215,Returning,Desktop,India,Low,2026-08-27
109216,New,Mobile,India,Medium,2026-07-04
109217,Returning,Mobile,United States,Low,2026-08-28
109218,Returning,Mobile,India,Medium,2026-04-03
109219,Returning,Desktop,United Kingdom,Medium,2026-04-19
109220,New,Mobile,United Kingdom,Medium,2026-05-03
109221,Returning,Desktop,India,High,2026-07-01
109222,Returning,Desktop,India,Medium,2026-03-08
109223,Returning,Desktop,India,Medium,2026-03-24
109224,Returning,Desktop,India,Low,2026-05-07
109225,Returning,Mobile,United States,Medium,2026-08-11
109226,New,Desktop,India,Low,2026-04-17
109227,Returning,Desktop,India,Medium,2026-03-07
109228,Returning,Desktop,India,Medium,2026-06-20
109229,Returning,Mobile,India,Medium,2026-04-07
109230,New,Mobile,India,Low,2026-07-23
109231,Returning,Mobile,India,Medium,2026-04-01
109232,Returning,Mobile,India,Low,2026-04-04
109233,New,Desktop,Canada,High,2026-07-27
109234,Returning,Mobile,India,Medium,2026-07-16
109235,Returning,Desktop,India,Medium,2026-08-09
109236,Returning,Desktop,India,Medium,2026-03-23
109237,Returning,Desktop,India,High,2026-07-02
109238,Returning,Mobile,India,Medium,2026-08-27
109239,Returning,Desktop,India,Low,2026-04-29
109240,New,Desktop,Canada,Low,2026-04-21
109241,New,Desktop,India,High,2026-06-24
109242,Returning,Mobile,United Kingdom,Low,2026-03-12
109243,Returning,Desktop,India,Medium,2026-06-03
109244,New,Mobile,India,Medium,2026-07-04
109245,Returning,Mobile,Australia,Medium,2026-04-30
109246,New,Mobile,India,Low,2026-05-25
109247,Returning,Mobile,India,Low,2026-06-29
109248,New,Mobile,Canada,Medium,2026-05-01
109249,New,Mobile,Canada,Medium,2026-05-03
109250,Returning,Mobile,India,High,2026-04-15
109251,Returning,Mobile,India,High,2026-06-30
109252,New,Desktop,Australia,Low,2026-06-05
109253,Returning,Desktop,Canada,Medium,2026-07-25
109254,Returning,Desktop,India,Medium,2026-04-17
109255,Returning,Desktop,India,High,2026-08-10
109256,Returning,Mobile,India,Low,2026-07-10
109257,New,Desktop,India,Medium,2026-06-21
109258,Returning,Desktop,United States,Low,2026-08-14
109259,New,Desktop,United States,Medium,2026-05-23
109260,New,Desktop,India,High,2026-04-26
109261,Returning,Desktop,India,Low,2026-03-31
109262,Returning,Mobile,India,Low,2026-04-16
109263,Returning,Mobile,India,Medium,2026-04-01
109264,Returning,Mobile,India,Low,2026-08-24
109265,Returning,Desktop,United Kingdom,Low,2026-07-22
109266,New,Desktop,United States,Medium,2026-03-24
109267,Returning,Desktop,India,Medium,2026-07-04
109268,Returning,Desktop,United Kingdom,Low,2026-08-05
109269,Returning,Desktop,United States,Low,2026-04-27
109270,Returning,Mobile,India,High,2026-05-27
109271,Returning,Mobile,India,Low,2026-04-02
109272,New,Desktop,India,Medium,2026-07-25
109273,Returning,Mobile,India,Low,2026-07-11
109274,New,Mobile,India,Low,2026-03-17
109275,New,Desktop,India,High,2026-05-31
109276,Returning,Desktop,United States,Medium,2026-07-23
109277,New,Desktop,United States,High,2026-03-14
109278,Returning,Desktop,India,Medium,2026-06-09
109279,Returning,Desktop,India,Medium,2026-08-08
109280,New,Mobile,India,Low,2026-05-14
109281,Returning,Mobile,India,Low,2026-08-17
109282,New,Desktop,India,Low,2026-07-06
109283,New,Mobile,India,Low,2026-04-23
109284,New,Mobile,India,Medium,2026-08-20
109285,Returning,Desktop,India,Low,2026-07-28
109286,Returning,Desktop,India,Low,2026-08-02
109287,Returning,Mobile,Australia,Medium,2026-05-16
109288,Returning,Desktop,India,Medium,2026-08-01
109289,Returning,Desktop,Canada,High,2026-06-14
109290,New,Desktop,India,Medium,2026-07-04
109291,New,Mobile,India,High,2026-07-22
109292,Returning,Desktop,Canada,High,2026-05-05
109293,New,Mobile,United States,Medium,2026-08-19
109294,Returning,Desktop,India,Medium,2026-07-16
109295,New,Desktop,Canada,Low,2026-04-24
109296,Returning,Mobile,India,Low,2026-08-15
109297,New,Mobile,India,High,2026-05-24
109298,Returning,Mobile,United Kingdom,High,2026-05-27
109299,Returning,Mobile,United Kingdom,Low,2026-03-14
109300,New,Mobile,India,Medium,2026-06-23
109301,Returning,Mobile,United Kingdom,Low,2026-06-03
109302,New,Desktop,India,Medium,2026-08-15
109303,Returning,Desktop,Canada,Medium,2026-06-09
109304,New,Mobile,United States,Low,2026-08-03
109305,Returning,Mobile,India,Medium,2026-07-30
109306,New,Mobile,India,Low,2026-04-15
109307,Returning,Mobile,India,High,2026-03-13
109308,New,Mobile,India,High,2026-08-15
109309,Returning,Mobile,India,Medium,2026-05-17
109310,Returning,Mobile,Australia,Low,2026-05-26
109311,New,Mobile,India,Medium,2026-08-14
109312,Returning,Mobile,India,High,2026-05-23
109313,Returning,Desktop,India,Medium,2026-07-25
109314,New,Desktop,India,Low,2026-06-11
109315,Returning,Desktop,United States,High,2026-03-06
109316,Returning,Desktop,United States,Medium,2026-05-25
109317,Returning,Mobile,India,High,2026-06-21
109318,Returning,Mobile,India,Low,2026-03-29
109319,Returning,Mobile,India,Low,2026-03-10
109320,New,Desktop,India,Low,2026-06-02
109321,Returning,Mobile,India,Medium,2026-05-16
109322,Returning,Desktop,India,Medium,2026-07-24
109323,New,Desktop,India,Low,2026-08-30
109324,Returning,Desktop,United Kingdom,Medium,2026-08-28
109325,New,Desktop,India,Medium,2026-07-23
109326,Returning,Desktop,United States,Low,2026-05-23
109327,Returning,Mobile,United Kingdom,Medium,2026-08-23
109328,New,Desktop,India,Medium,2026-05-31
109329,Returning,Desktop,India,Low,2026-03-05
109330,Returning,Mobile,United Kingdom,Medium,2026-08-13
109331,Returning,Mobile,India,Medium,2026-05-21
109332,Returning,Desktop,India,Low,2026-08-01
109333,New,Mobile,India,Low,2026-04-02
109334,New,Mobile,Canada,Medium,2026-08-09
109335,Returning,Desktop,India,Low,2026-08-23
109336,Returning,Mobile,United States,High,2026-07-08
109337,New,Mobile,India,Medium,2026-03-25
109338,Returning,Mobile,United States,Low,2026-07-08
109339,Returning,Desktop,India,High,2026-07-08
109340,New,Mobile,India,Medium,2026-07-20
109341,Returning,Desktop,Australia,Low,2026-07-01
109342,Returning,Mobile,India,Low,2026-06-10
109343,Returning,Desktop,United Kingdom,Medium,2026-04-09
109344,Returning,Desktop,India,Low,2026-07-15
109345,New,Desktop,United Kingdom,Medium,2026-03-21
109346,New,Mobile,India,Medium,2026-05-30
109347,New,Desktop,India,Medium,2026-03-17
109348,Returning,Mobile,India,High,2026-08-22
109349,Returning,Desktop,Canada,High,2026-06-04
109350,Returning,Mobile,India,High,2026-05-23
109351,New,Desktop,India,Low,2026-06-16
109352,Returning,Mobile,India,Low,2026-06-26
109353,Returning,Mobile,United States,Medium,2026-06-05
109354,New,Desktop,India,Medium,2026-03-14
109355,Returning,Mobile,India,Medium,2026-08-22
109356,New,Desktop,Canada,Low,2026-07-25
109357,Returning,Mobile,India,Low,2026-05-26
109358,Returning,Desktop,Canada,Low,2026-08-26
109359,New,Mobile,India,Medium,2026-04-04
109360,Returning,Mobile,India,Low,2026-05-23
109361,New,Mobile,India,High,2026-05-14
109362,New,Mobile,India,Low,2026-08-23
109363,New,Desktop,United States,Medium,2026-04-02
109364,Returning,Desktop,Australia,Low,2026-03-05
109365,Returning,Mobile,India,Medium,2026-04-13
109366,Returning,Mobile,United States,High,2026-06-24
109367,New,Mobile,India,High,2026-04-20
109368,New,Mobile,India,Medium,2026-05-21
109369,Returning,Desktop,United States,Medium,2026-07-29
109370,New,Desktop,India,High,2026-06-26
109371,New,Desktop,United Kingdom,High,2026-05-22
109372,Returning,Desktop,Canada,High,2026-08-06
109373,New,Mobile,India,Medium,2026-03-06
109374,Returning,Mobile,India,Low,2026-07-01
109375,Returning,Desktop,Canada,Medium,2026-08-28
109376,Returning,Mobile,United Kingdom,Low,2026-04-10
109377,Returning,Mobile,India,Low,2026-06-16
109378,Returning,Mobile,United States,Low,2026-08-16
109379,Returning,Mobile,United Kingdom,Low,2026-07-11
109380,Returning,Mobile,United States,Medium,2026-05-10
109381,Returning,Mobile,India,Medium,2026-06-22
109382,Returning,Mobile,India,Medium,2026-06-20
109383,Returning,Mobile,India,Medium,2026-08-23
109384,New,Desktop,United States,Low,2026-04-19
109385,New,Mobile,United States,Low,2026-04-09
109386,Returning,Mobile,India,Medium,2026-05-31
109387,Returning,Mobile,United Kingdom,Low,2026-06-16
109388,Returning,Mobile,Canada,Low,2026-04-21
109389,Returning,Mobile,India,High,2026-04-25
109390,Returning,Mobile,India,High,2026-07-31
109391,New,Desktop,India,Low,2026-04-24
109392,New,Mobile,India,Medium,2026-06-11
109393,Returning,Mobile,United Kingdom,Low,2026-08-28
109394,Returning,Mobile,India,High,2026-08-13
109395,New,Desktop,India,Medium,2026-04-28
109396,Returning,Mobile,India,High,2026-07-19
109397,Returning,Mobile,Australia,High,2026-03-21
109398,Returning,Mobile,India,Medium,2026-08-27
109399,New,Mobile,India,High,2026-03-12
109400,Returning,Mobile,India,Low,2026-04-24
109401,New,Mobile,India,Low,2026-08-26
109402,Returning,Mobile,India,Medium,2026-07-15
109403,New,Mobile,India,Medium,2026-04-04
109404,New,Mobile,India,Medium,2026-03-29
109405,Returning,Desktop,India,High,2026-04-14
109406,Returning,Mobile,Canada,Low,2026-07-20
109407,New,Mobile,India,Low,2026-06-06
109408,Returning,Desktop,India,Medium,2026-06-07
109409,Returning,Mobile,India,Medium,2026-08-08
109410,Returning,Mobile,India,Medium,2026-05-20
109411,Returning,Mobile,Australia,Low,2026-07-14
109412,Returning,Mobile,India,Medium,2026-06-01
109413,Returning,Mobile,India,Low,2026-08-12
109414,Returning,Mobile,India,Medium,2026-04-14
109415,Returning,Desktop,India,Low,2026-06-19
109416,Returning,Desktop,India,High,2026-05-19
109417,Returning,Mobile,India,Medium,2026-03-29
109418,Returning,Mobile,India,Low,2026-04-01
109419,Returning,Mobile,India,Low,2026-08-14
109420,Returning,Desktop,India,Low,2026-03-25
109421,Returning,Mobile,India,Medium,2026-08-11
109422,New,Mobile,India,Low,2026-07-09
109423,Returning,Mobile,India,Medium,2026-07-17
109424,Returning,Desktop,India,Medium,2026-07-01
109425,Returning,Mobile,India,High,2026-07-24
109426,Returning,Desktop,India,High,2026-05-09
109427,New,Mobile,India,High,2026-03-26
109428,New,Mobile,India,Medium,2026-08-04
109429,Returning,Desktop,India,Low,2026-06-26
109430,Returning,Desktop,India,Low,2026-07-14
109431,New,Mobile,India,Low,2026-03-13
109432,Returning,Mobile,India,High,2026-06-28
109433,Returning,Mobile,India,Medium,2026-07-31
109434,Returning,Desktop,Canada,Low,2026-04-06
109435,Returning,Mobile,India,Medium,2026-08-14
109436,Returning,Mobile,India,Low,2026-03-31
109437,New,Mobile,Australia,Low,2026-05-06
109438,Returning,Desktop,Canada,Medium,2026-08-20
109439,New,Mobile,India,Low,2026-05-13
109440,Returning,Desktop,India,High,2026-07-09
109441,New,Desktop,Canada,Medium,2026-08-23
109442,New,Mobile,India,Medium,2026-08-02
109443,New,Mobile,India,Medium,2026-08-21
109444,New,Mobile,India,Medium,2026-06-14
109445,New,Mobile,India,High,2026-03-30
109446,Returning,Mobile,India,Low,2026-06-29
109447,Returning,Desktop,India,Low,2026-04-11
109448,New,Desktop,Canada,Low,2026-08-14
109449,New,Mobile,India,Medium,2026-07-17
109450,New,Desktop,Canada,High,2026-07-27
109451,New,Desktop,Australia,High,2026-07-14
109452,Returning,Mobile,India,Medium,2026-03-14
109453,Returning,Desktop,United Kingdom,Medium,2026-03-24
109454,Returning,Mobile,India,High,2026-04-06
109455,Returning,Mobile,Australia,High,2026-06-17
109456,Returning,Desktop,India,Medium,2026-03-16
109457,Returning,Desktop,India,Low,2026-06-04
109458,New,Desktop,United Kingdom,Low,2026-05-09
109459,Returning,Desktop,India,High,2026-03-12
109460,Returning,Mobile,United States,Low,2026-08-24
109461,Returning,Mobile,India,Medium,2026-04-15
109462,Returning,Desktop,India,Medium,2026-04-10
109463,Returning,Desktop,Canada,High,2026-08-03
109464,Returning,Mobile,India,Medium,2026-05-08
109465,Returning,Desktop,India,Low,2026-05-15
109466,New,Desktop,India,High,2026-03-29
109467,New,Desktop,India,Medium,2026-08-15
109468,New,Mobile,Canada,High,2026-05-03
109469,Returning,Mobile,India,Medium,2026-05-25
109470,Returning,Mobile,India,Medium,2026-08-03
109471,Returning,Mobile,India,Medium,2026-07-16
109472,Returning,Mobile,India,Low,2026-08-28
109473,Returning,Mobile,India,Low,2026-03-31
109474,New,Mobile,India,Low,2026-08-28
109475,Returning,Mobile,India,Medium,2026-04-20
109476,Returning,Mobile,India,Medium,2026-05-30
109477,Returning,Desktop,India,Low,2026-06-10
109478,Returning,Mobile,India,High,2026-04-02
109479,Returning,Desktop,India,Medium,2026-03-16
109480,New,Desktop,United Kingdom,Low,2026-04-05
109481,Returning,Desktop,India,High,2026-07-31
109482,Returning,Mobile,India,Low,2026-03-13
109483,New,Desktop,United States,High,2026-06-30
109484,Returning,Desktop,India,High,2026-07-05
109485,Returning,Mobile,India,Medium,2026-03-05
109486,Returning,Desktop,United States,Low,2026-05-24
109487,New,Mobile,India,Low,2026-04-11
109488,Returning,Mobile,India,Medium,2026-08-20
109489,Returning,Mobile,United States,High,2026-04-22
109490,Returning,Mobile,India,Low,2026-08-19
109491,Returning,Desktop,India,High,2026-08-10
109492,Returning,Mobile,India,Medium,2026-04-05
109493,Returning,Mobile,India,High,2026-08-18
109494,Returning,Mobile,Canada,Medium,2026-03-09
109495,New,Mobile,India,Low,2026-07-24
109496,Returning,Mobile,India,Low,2026-07-22
109497,Returning,Mobile,India,Low,2026-08-14
109498,Returning,Mobile,India,Medium,2026-06-03
109499,Returning,Mobile,United States,Low,2026-03-20
109500,New,Mobile,India,Low,2026-04-15
109501,New,Desktop,United Kingdom,Medium,2026-08-12
109502,Returning,Desktop,India,Medium,2026-04-27
109503,Returning,Desktop,India,Medium,2026-03-19
109504,New,Mobile,United States,Low,2026-06-06
109505,New,Mobile,Canada,Medium,2026-07-27
109506,Returning,Desktop,India,High,2026-08-02
109507,Returning,Desktop,India,Medium,2026-05-17
109508,Returning,Mobile,Canada,Low,2026-04-07
109509,New,Mobile,India,Low,2026-04-17
109510,Returning,Desktop,India,Medium,2026-06-28
109511,Returning,Mobile,United Kingdom,High,2026-07-21
109512,New,Desktop,India,Low,2026-03-21
109513,Returning,Mobile,India,Low,2026-07-26
109514,Returning,Desktop,Canada,Low,2026-08-04
109515,Returning,Mobile,United States,Medium,2026-05-23
109516,Returning,Desktop,United Kingdom,Low,2026-07-18
109517,New,Mobile,Australia,High,2026-08-15
109518,Returning,Mobile,India,Low,2026-07-23
109519,New,Mobile,India,High,2026-04-20
109520,Returning,Mobile,India,Medium,2026-05-31
109521,Returning,Mobile,India,Medium,2026-08-02
109522,New,Mobile,United States,Medium,2026-08-13
109523,Returning,Mobile,India,Medium,2026-04-28
109524,New,Desktop,India,Low,2026-04-01
109525,Returning,Desktop,India,Medium,2026-07-07
109526,Returning,Mobile,United Kingdom,Low,2026-08-23
109527,Returning,Desktop,India,Medium,2026-04-23
109528,Returning,Mobile,India,Low,2026-09-01
109529,New,Mobile,Canada,High,2026-03-24
109530,Returning,Mobile,India,Medium,2026-03-27
109531,Returning,Mobile,Australia,Medium,2026-07-26
109532,Returning,Desktop,India,Medium,2026-04-26
109533,Returning,Mobile,India,Medium,2026-05-28
109534,Returning,Mobile,India,Medium,2026-03-22
109535,Returning,Mobile,India,Medium,2026-07-27
109536,Returning,Mobile,India,Low,2026-04-09
109537,New,Mobile,India,Low,2026-08-09
109538,New,Desktop,India,High,2026-06-09
109539,New,Mobile,India,Medium,2026-05-06
109540,Returning,Desktop,United States,Low,2026-07-14
109541,Returning,Desktop,India,Low,2026-05-20
109542,Returning,Mobile,India,High,2026-08-04
109543,New,Mobile,United Kingdom,Low,2026-04-24
109544,Returning,Mobile,India,Low,2026-08-14
109545,Returning,Desktop,India,High,2026-04-18
109546,Returning,Mobile,India,Medium,2026-08-09
109547,New,Mobile,India,High,2026-04-16
109548,Returning,Mobile,India,High,2026-04-25
109549,New,Mobile,United States,Medium,2026-08-23
109550,New,Desktop,India,Low,2026-05-14
109551,Returning,Mobile,United States,Medium,2026-05-13
109552,Returning,Desktop,United States,Medium,2026-06-15
109553,Returning,Mobile,India,High,2026-04-22
109554,New,Mobile,India,High,2026-08-28
109555,Returning,Mobile,Canada,Low,2026-08-26
109556,New,Mobile,India,Low,2026-04-05
109557,Returning,Mobile,India,High,2026-07-11
109558,New,Mobile,United Kingdom,High,2026-08-10
109559,Returning,Desktop,India,Low,2026-03-23
109560,Returning,Mobile,India,Low,2026-06-06
109561,Returning,Desktop,India,High,2026-07-17
109562,Returning,Mobile,India,High,2026-07-21
109563,New,Desktop,United States,High,2026-03-23
109564,Returning,Mobile,India,Medium,2026-08-06
109565,Returning,Desktop,India,High,2026-08-03
109566,New,Desktop,India,Low,2026-05-21
109567,New,Mobile,India,Low,2026-08-02
109568,New,Desktop,India,Low,2026-05-29
109569,Returning,Desktop,India,High,2026-05-16
109570,Returning,Mobile,Canada,Low,2026-07-28
109571,New,Mobile,India,Low,2026-08-14
109572,Returning,Mobile,India,Medium,2026-04-08
109573,New,Desktop,India,Medium,2026-04-30
109574,Returning,Desktop,India,High,2026-08-20
109575,Returning,Mobile,United States,High,2026-07-25
109576,Returning,Desktop,Canada,Medium,2026-05-03
109577,Returning,Mobile,India,Low,2026-04-03
109578,Returning,Desktop,Australia,High,2026-06-19
109579,Returning,Mobile,Canada,Medium,2026-08-22
109580,Returning,Desktop,United States,Low,2026-03-07
109581,Returning,Mobile,Canada,Medium,2026-05-20
109582,Returning,Mobile,United Kingdom,High,2026-06-25
109583,Returning,Desktop,India,Low,2026-04-28
109584,New,Mobile,India,Medium,2026-06-17
109585,New,Mobile,India,High,2026-03-11
109586,Returning,Mobile,United Kingdom,High,2026-08-16
109587,New,Mobile,India,Medium,2026-04-09
109588,Returning,Mobile,Canada,Low,2026-04-11
109589,Returning,Mobile,Canada,Low,2026-05-26
109590,Returning,Mobile,India,High,2026-04-04
109591,New,Mobile,India,Medium,2026-03-19
109592,Returning,Mobile,India,Low,2026-08-22
109593,Returning,Mobile,India,Medium,2026-08-14
109594,Returning,Mobile,Canada,Medium,2026-08-13
109595,Returning,Mobile,India,Low,2026-07-25
109596,New,Mobile,India,Low,2026-08-25
109597,Returning,Mobile,India,Low,2026-06-09
109598,Returning,Desktop,India,Low,2026-08-26
109599,New,Desktop,India,Low,2026-05-07
109600,Returning,Mobile,India,High,2026-03-05
109601,Returning,Mobile,India,Medium,2026-03-23
109602,Returning,Mobile,India,Medium,2026-07-04
109603,New,Mobile,India,Low,2026-06-08
109604,New,Mobile,India,Low,2026-07-17
109605,New,Desktop,United States,Low,2026-06-25
109606,Returning,Desktop,India,Medium,2026-03-13
109607,New,Mobile,India,High,2026-06-13
109608,Returning,Desktop,India,High,2026-08-10
109609,Returning,Desktop,Canada,Low,2026-06-15
109610,New,Mobile,India,High,2026-07-09
109611,New,Mobile,India,High,2026-08-13
109612,Returning,Mobile,India,Medium,2026-04-21
109613,New,Mobile,India,Low,2026-06-30
109614,Returning,Desktop,United States,Medium,2026-08-12
109615,New,Mobile,India,Low,2026-05-11
109616,Returning,Mobile,United States,High,2026-05-13
109617,Returning,Mobile,India,High,2026-04-17
109618,New,Desktop,India,Low,2026-08-20
109619,Returning,Mobile,United States,Low,2026-06-30
109620,Returning,Mobile,India,Medium,2026-04-18
109621,New,Mobile,India,Medium,2026-08-10
109622,Returning,Desktop,India,High,2026-06-17
109623,Returning,Mobile,India,High,2026-08-03
109624,New,Mobile,Canada,Medium,2026-08-02
109625,Returning,Mobile,India,Medium,2026-07-30
109626,Returning,Desktop,India,High,2026-07-06
109627,New,Desktop,India,Low,2026-08-12
109628,Returning,Mobile,India,Medium,2026-08-02
109629,Returning,Mobile,India,Low,2026-03-18
109630,Returning,Mobile,United States,Low,2026-04-25
109631,New,Mobile,Canada,Low,2026-04-25
109632,Returning,Mobile,India,Low,2026-03-14
109633,Returning,Mobile,India,Low,2026-06-18
109634,Returning,Mobile,India,Medium,2026-06-17
109635,Returning,Mobile,India,Medium,2026-03-23
109636,New,Mobile,United Kingdom,High,2026-06-18
109637,Returning,Mobile,India,Low,2026-04-16
109638,Returning,Desktop,United States,Medium,2026-06-20
109639,New,Mobile,Australia,Low,2026-06-04
109640,New,Mobile,India,Medium,2026-07-15
109641,Returning,Desktop,India,Low,2026-03-21
109642,Returning,Mobile,United Kingdom,High,2026-04-21
109643,Returning,Desktop,India,High,2026-03-31
109644,New,Desktop,India,Medium,2026-04-02
109645,Returning,Desktop,Canada,Low,2026-05-24
109646,Returning,Mobile,United Kingdom,Low,2026-06-01
109647,Returning,Mobile,United States,Low,2026-05-12
109648,New,Mobile,India,High,2026-07-08
109649,Returning,Mobile,United States,Medium,2026-04-22
109650,Returning,Mobile,India,Low,2026-06-03
109651,Returning,Mobile,India,Medium,2026-07-30
109652,Returning,Mobile,India,Medium,2026-06-06
109653,Returning,Mobile,United Kingdom,Medium,2026-04-30
109654,New,Desktop,United States,Low,2026-06-10
109655,New,Mobile,United States,Low,2026-07-04
109656,Returning,Desktop,India,Low,2026-08-27
109657,Returning,Mobile,United Kingdom,High,2026-04-15
109658,New,Desktop,India,Low,2026-08-02
109659,New,Desktop,India,Low,2026-04-10
109660,New,Desktop,India,Low,2026-06-21
109661,Returning,Mobile,India,Medium,2026-06-30
109662,New,Desktop,India,Medium,2026-07-23
109663,Returning,Mobile,India,Medium,2026-05-11
109664,New,Mobile,India,High,2026-04-19
109665,Returning,Desktop,India,Medium,2026-03-27
109666,Returning,Mobile,United Kingdom,Low,2026-05-01
109667,Returning,Mobile,United States,High,2026-08-30
109668,Returning,Desktop,India,Medium,2026-06-10
109669,Returning,Mobile,Australia,Medium,2026-06-25
109670,Returning,Mobile,India,High,2026-07-06
109671,Returning,Mobile,India,High,2026-08-17
109672,Returning,Mobile,India,Medium,2026-06-29
109673,Returning,Mobile,India,High,2026-04-18
109674,Returning,Mobile,India,Medium,2026-08-24
109675,New,Mobile,United States,High,2026-03-28
109676,Returning,Desktop,India,High,2026-03-30
109677,Returning,Mobile,India,High,2026-07-16
109678,Returning,Mobile,United States,High,2026-05-17
109679,New,Mobile,India,Low,2026-07-23
109680,Returning,Mobile,India,Low,2026-09-01
109681,New,Mobile,United Kingdom,Medium,2026-06-10
109682,Returning,Mobile,India,Medium,2026-04-03
109683,Returning,Desktop,India,Medium,2026-06-17
109684,New,Mobile,India,High,2026-03-08
109685,New,Mobile,India,Low,2026-08-09
109686,New,Desktop,Australia,Medium,2026-05-06
109687,New,Mobile,India,Low,2026-06-11
109688,Returning,Mobile,Canada,Low,2026-08-02
109689,Returning,Mobile,India,Low,2026-06-29
109690,Returning,Mobile,India,Medium,2026-06-03
109691,Returning,Mobile,India,Medium,2026-04-06
109692,Returning,Mobile,United States,Low,2026-08-13
109693,Returning,Desktop,India,Low,2026-05-24
109694,Returning,Mobile,United Kingdom,Medium,2026-08-15
109695,New,Mobile,India,Medium,2026-07-04
109696,New,Mobile,India,Low,2026-07-15
109697,New,Mobile,Canada,Medium,2026-06-08
109698,Returning,Mobile,Canada,Low,2026-08-10
109699,Returning,Mobile,India,Low,2026-05-09
109700,Returning,Mobile,India,Low,2026-03-24
109701,Returning,Desktop,India,Low,2026-05-18
109702,Returning,Mobile,United States,High,2026-04-22
109703,Returning,Mobile,Canada,Medium,2026-08-29
109704,Returning,Mobile,United States,Medium,2026-06-22
109705,Returning,Desktop,India,Medium,2026-04-17
109706,Returning,Mobile,India,Low,2026-07-04
109707,Returning,Desktop,India,Low,2026-04-05
109708,Returning,Mobile,United States,Medium,2026-05-02
109709,Returning,Mobile,Australia,Medium,2026-05-07
109710,New,Desktop,India,Low,2026-04-02
109711,Returning,Desktop,India,Low,2026-05-08
109712,New,Mobile,India,Medium,2026-03-10
109713,Returning,Mobile,India,Low,2026-03-26
109714,Returning,Mobile,India,Medium,2026-08-13
109715,Returning,Mobile,India,Low,2026-06-18
109716,Returning,Mobile,India,Low,2026-04-16
109717,Returning,Mobile,India,Medium,2026-08-11
109718,Returning,Mobile,United Kingdom,Low,2026-08-10
109719,Returning,Mobile,Canada,Medium,2026-05-29
109720,Returning,Desktop,India,Medium,2026-08-16
109721,Returning,Mobile,United Kingdom,Medium,2026-06-29
109722,Returning,Mobile,India,Low,2026-07-06
109723,Returning,Mobile,India,Low,2026-06-28
109724,Returning,Desktop,India,Low,2026-08-12
109725,Returning,Mobile,India,Low,2026-04-11
109726,Returning,Mobile,India,Low,2026-05-22
109727,Returning,Desktop,India,High,2026-05-25
109728,Returning,Desktop,India,Medium,2026-04-17
109729,Returning,Mobile,India,Low,2026-03-20
109730,Returning,Desktop,India,High,2026-08-20
109731,Returning,Mobile,India,High,2026-05-10
109732,New,Desktop,India,Medium,2026-05-23
109733,New,Desktop,India,High,2026-05-09
109734,Returning,Mobile,India,Low,2026-03-27
109735,Returning,Mobile,India,Low,2026-06-18
109736,Returning,Mobile,United States,Medium,2026-03-29
109737,New,Mobile,India,High,2026-07-12
109738,Returning,Desktop,Canada,Low,2026-04-10
109739,New,Desktop,Canada,Low,2026-05-21
109740,Returning,Desktop,United States,Medium,2026-05-09
109741,New,Mobile,Canada,Low,2026-07-26
109742,Returning,Mobile,India,Low,2026-05-08
109743,Returning,Mobile,India,High,2026-06-05
109744,New,Mobile,United Kingdom,Medium,2026-03-20
109745,Returning,Desktop,United Kingdom,Low,2026-03-13
109746,Returning,Desktop,United States,High,2026-04-11
109747,Returning,Desktop,United States,Medium,2026-06-28
109748,Returning,Desktop,India,Low,2026-04-26
109749,Returning,Mobile,India,Medium,2026-07-25
109750,Returning,Mobile,India,Low,2026-07-16
109751,Returning,Mobile,India,Low,2026-06-17
109752,Returning,Mobile,India,Medium,2026-05-13
109753,New,Desktop,India,High,2026-03-24
109754,Returning,Mobile,India,Low,2026-08-20
109755,Returning,Desktop,India,Medium,2026-07-19
109756,Returning,Desktop,India,High,2026-04-24
109757,Returning,Mobile,United States,Medium,2026-03-27
109758,New,Desktop,United Kingdom,Medium,2026-05-25
109759,New,Mobile,India,Medium,2026-05-01
109760,New,Mobile,India,Medium,2026-06-29
109761,New,Mobile,United States,Medium,2026-06-12
109762,Returning,Mobile,United Kingdom,Low,2026-03-25
109763,Returning,Mobile,Canada,High,2026-05-10
109764,Returning,Mobile,United Kingdom,Low,2026-07-28
109765,New,Desktop,India,Low,2026-08-09
109766,Returning,Mobile,India,High,2026-03-07
109767,Returning,Desktop,Canada,High,2026-04-22
109768,Returning,Mobile,India,High,2026-05-11
109769,Returning,Mobile,India,Medium,2026-08-09
109770,Returning,Mobile,India,Medium,2026-06-06
109771,Returning,Desktop,United States,High,2026-07-10
109772,Returning,Desktop,India,Medium,2026-03-14
109773,New,Mobile,India,Medium,2026-07-02
109774,Returning,Desktop,United States,Low,2026-06-28
109775,Returning,Desktop,India,Medium,2026-07-23
109776,New,Mobile,United Kingdom,Medium,2026-07-24
109777,Returning,Mobile,United States,Medium,2026-08-26
109778,Returning,Mobile,United States,Low,2026-05-14
109779,Returning,Desktop,United States,Low,2026-04-30
109780,Returning,Desktop,United States,Medium,2026-04-28
109781,New,Mobile,India,Low,2026-03-30
109782,Returning,Mobile,United States,Medium,2026-04-28
109783,New,Mobile,Australia,Low,2026-03-24
109784,Returning,Desktop,India,High,2026-07-13
109785,Returning,Mobile,India,Medium,2026-03-08
109786,Returning,Mobile,India,Medium,2026-08-05
109787,New,Desktop,India,High,2026-03-25
109788,New,Mobile,India,Medium,2026-05-05
109789,Returning,Mobile,Canada,Medium,2026-07-28
109790,New,Mobile,India,Low,2026-05-28
109791,New,Desktop,India,Low,2026-04-04
109792,Returning,Mobile,United States,High,2026-06-04
109793,Returning,Mobile,India,Medium,2026-03-12
109794,Returning,Mobile,India,Low,2026-04-12
109795,Returning,Mobile,India,Low,2026-04-15
109796,Returning,Mobile,India,Medium,2026-07-28
109797,Returning,Desktop,India,Low,2026-06-01
109798,Returning,Mobile,Australia,Medium,2026-08-03
109799,Returning,Mobile,India,Medium,2026-05-15
109800,New,Desktop,India,Medium,2026-06-07
109801,Returning,Mobile,United Kingdom,Medium,2026-03-22
109802,Returning,Desktop,Canada,Medium,2026-08-19
109803,Returning,Mobile,United States,Medium,2026-06-12
109804,Returning,Mobile,United States,Low,2026-04-03
109805,Returning,Desktop,India,Medium,2026-07-19
109806,Returning,Desktop,Australia,High,2026-03-12
109807,Returning,Mobile,United Kingdom,Low,2026-05-19
109808,Returning,Desktop,India,Low,2026-07-17
109809,Returning,Mobile,India,High,2026-03-07
109810,Returning,Desktop,Canada,Medium,2026-08-24
109811,Returning,Mobile,United States,Low,2026-08-05
109812,Returning,Mobile,India,Low,2026-08-12
109813,Returning,Mobile,India,Medium,2026-06-28
109814,Returning,Desktop,India,Low,2026-04-21
109815,Returning,Mobile,India,High,2026-07-10
109816,New,Mobile,Australia,Medium,2026-03-12
109817,Returning,Desktop,India,Low,2026-08-28
109818,Returning,Desktop,India,Medium,2026-06-19
109819,New,Mobile,India,High,2026-04-25
109820,Returning,Mobile,India,Low,2026-06-15
109821,Returning,Mobile,India,High,2026-06-01
109822,Returning,Mobile,India,Medium,2026-05-13
109823,New,Desktop,India,Medium,2026-03-28
109824,Returning,Desktop,India,Low,2026-07-07
109825,New,Desktop,United States,Medium,2026-07-02
109826,Returning,Desktop,United States,Medium,2026-06-14
109827,Returning,Desktop,India,Low,2026-03-30
109828,Returning,Desktop,India,Low,2026-06-26
109829,Returning,Mobile,India,High,2026-03-17
109830,Returning,Mobile,India,Medium,2026-04-24
109831,Returning,Mobile,India,Medium,2026-05-25
109832,Returning,Mobile,India,Low,2026-06-28
109833,Returning,Mobile,United States,Low,2026-08-24
109834,New,Mobile,India,High,2026-06-05
109835,New,Mobile,India,High,2026-05-28
109836,Returning,Desktop,United States,Medium,2026-04-04
109837,Returning,Mobile,Canada,Medium,2026-07-10
109838,New,Mobile,India,High,2026-05-29
109839,Returning,Desktop,India,Medium,2026-07-18
109840,Returning,Mobile,India,Medium,2026-08-14
109841,New,Desktop,India,High,2026-04-11
109842,Returning,Mobile,India,Medium,2026-05-04
109843,Returning,Desktop,United States,Low,2026-08-29
109844,Returning,Desktop,United States,Low,2026-06-17
109845,Returning,Mobile,India,High,2026-06-29
109846,Returning,Mobile,United Kingdom,Medium,2026-03-22
109847,Returning,Desktop,United States,High,2026-08-20
109848,New,Desktop,India,Low,2026-04-01
109849,Returning,Mobile,India,Medium,2026-04-13
109850,Returning,Mobile,India,Low,2026-07-09
109851,New,Desktop,India,High,2026-05-17
109852,Returning,Mobile,Australia,Low,2026-03-25
109853,New,Desktop,India,High,2026-06-26
109854,Returning,Desktop,India,Medium,2026-06-21
109855,Returning,Mobile,India,Medium,2026-03-21
109856,Returning,Mobile,United Kingdom,Medium,2026-07-28
109857,Returning,Mobile,India,Low,2026-08-03
109858,Returning,Mobile,Australia,Low,2026-06-22
109859,Returning,Desktop,India,Medium,2026-07-21
109860,New,Mobile,India,Low,2026-04-30
109861,Returning,Mobile,India,Medium,2026-06-18
109862,New,Mobile,India,Low,2026-08-07
109863,Returning,Desktop,India,Medium,2026-03-30
109864,Returning,Mobile,Australia,Low,2026-05-09
109865,Returning,Desktop,United Kingdom,Low,2026-08-14
109866,Returning,Mobile,India,Low,2026-07-09
109867,Returning,Mobile,India,Low,2026-06-09
109868,Returning,Mobile,India,Medium,2026-03-29
109869,Returning,Desktop,India,Low,2026-08-10
109870,New,Mobile,India,Low,2026-04-02
109871,Returning,Mobile,Australia,Low,2026-07-21
109872,Returning,Mobile,India,High,2026-08-18
109873,Returning,Desktop,India,Low,2026-05-22
109874,New,Desktop,India,Low,2026-05-13
109875,Returning,Mobile,United States,Medium,2026-04-20
109876,Returning,Mobile,Australia,Medium,2026-08-10
109877,Returning,Mobile,United Kingdom,Medium,2026-07-16
109878,Returning,Mobile,United Kingdom,Low,2026-07-10
109879,Returning,Desktop,India,Low,2026-08-15
109880,New,Mobile,Australia,Low,2026-07-05
109881,New,Mobile,India,Low,2026-07-10
109882,New,Mobile,India,High,2026-08-04
109883,Returning,Mobile,India,High,2026-06-08
109884,Returning,Mobile,India,Low,2026-07-19
109885,Returning,Mobile,India,Medium,2026-06-06
109886,Returning,Mobile,India,Low,2026-03-20
109887,New,Mobile,United States,Low,2026-07-24
109888,Returning,Mobile,India,Medium,2026-06-14
109889,New,Mobile,India,Medium,2026-05-23
109890,Returning,Mobile,Australia,High,2026-05-09
109891,Returning,Desktop,India,Medium,2026-07-05
109892,Returning,Desktop,India,Medium,2026-04-13
109893,Returning,Mobile,Australia,High,2026-05-02
109894,New,Desktop,India,Low,2026-07-29
109895,Returning,Desktop,India,Medium,2026-07-22
109896,Returning,Mobile,India,High,2026-04-14
109897,Returning,Mobile,Australia,Low,2026-03-30
109898,New,Mobile,India,High,2026-08-31
109899,Returning,Mobile,India,Medium,2026-08-10
109900,New,Desktop,India,High,2026-07-17
109901,Returning,Mobile,India,Low,2026-03-15
109902,Returning,Mobile,Australia,Medium,2026-05-23
109903,Returning,Mobile,India,Medium,2026-07-02
109904,Returning,Desktop,India,Low,2026-06-13
109905,New,Mobile,Australia,Medium,2026-05-15
109906,Returning,Mobile,India,Low,2026-04-21
109907,Returning,Desktop,United States,Low,2026-03-26
109908,Returning,Mobile,India,Low,2026-04-16
109909,Returning,Mobile,India,Medium,2026-06-07
109910,Returning,Mobile,India,High,2026-04-15
109911,New,Mobile,India,Low,2026-05-14
109912,Returning,Mobile,India,Low,2026-06-12
109913,Returning,Mobile,India,Low,2026-06-23
109914,Returning,Mobile,India,High,2026-06-13
109915,Returning,Desktop,India,Low,2026-08-29
109916,Returning,Mobile,India,Low,2026-07-19
109917,Returning,Mobile,India,Low,2026-04-08
109918,Returning,Mobile,India,Low,2026-03-09
109919,New,Mobile,India,High,2026-04-26
109920,Returning,Mobile,India,Low,2026-05-22
109921,Returning,Mobile,India,High,2026-04-22
109922,Returning,Mobile,India,Medium,2026-04-25
109923,New,Desktop,India,High,2026-08-10
109924,New,Mobile,India,High,2026-04-03
109925,New,Desktop,Australia,Low,2026-08-15
109926,New,Desktop,India,Medium,2026-05-23
109927,Returning,Mobile,India,Medium,2026-06-06
109928,Returning,Mobile,India,Medium,2026-07-27
109929,Returning,Mobile,India,Low,2026-03-16
109930,New,Mobile,India,Medium,2026-03-20
109931,New,Mobile,India,Medium,2026-08-23
109932,Returning,Desktop,India,Medium,2026-04-18
109933,New,Mobile,Canada,Medium,2026-04-27
109934,Returning,Mobile,India,Low,2026-04-22
109935,Returning,Mobile,India,Low,2026-07-24
109936,New,Mobile,India,High,2026-05-24
109937,Returning,Desktop,India,Medium,2026-08-21
109938,Returning,Desktop,India,Low,2026-04-09
109939,New,Desktop,India,Low,2026-03-26
109940,Returning,Mobile,India,Low,2026-08-04
109941,Returning,Desktop,India,Low,2026-08-02
109942,Returning,Mobile,India,Low,2026-08-13
109943,New,Desktop,India,High,2026-06-20
109944,New,Mobile,United States,Low,2026-06-23
109945,Returning,Mobile,India,Medium,2026-05-26
109946,New,Mobile,India,High,2026-03-28
109947,Returning,Mobile,India,Low,2026-03-15
109948,New,Mobile,United States,High,2026-05-10
109949,Returning,Desktop,India,Medium,2026-03-14
109950,Returning,Desktop,United States,Medium,2026-08-20
109951,New,Mobile,India,Medium,2026-03-16
109952,Returning,Mobile,India,Low,2026-05-07
109953,Returning,Mobile,India,Low,2026-06-27
109954,Returning,Mobile,Australia,Medium,2026-03-13
109955,Returning,Mobile,Australia,Medium,2026-03-08
109956,New,Desktop,Canada,Low,2026-07-06
109957,Returning,Mobile,India,Low,2026-03-22
109958,New,Desktop,Canada,Medium,2026-08-25
109959,Returning,Mobile,India,Low,2026-07-12
109960,New,Desktop,India,Medium,2026-08-26
109961,New,Desktop,India,Medium,2026-06-05
109962,Returning,Mobile,India,High,2026-08-02
109963,New,Mobile,India,Low,2026-03-06
109964,New,Mobile,India,High,2026-03-14
109965,New,Mobile,India,Medium,2026-07-06
109966,New,Desktop,India,Medium,2026-07-24
109967,Returning,Mobile,India,Low,2026-03-28
109968,Returning,Mobile,India,Medium,2026-08-09
109969,Returning,Desktop,India,Low,2026-04-08
109970,Returning,Desktop,Australia,Medium,2026-08-11
109971,Returning,Desktop,India,Low,2026-06-05
109972,Returning,Desktop,United Kingdom,Medium,2026-06-01
109973,Returning,Mobile,India,Low,2026-07-08
109974,Returning,Mobile,India,Medium,2026-04-28
109975,New,Desktop,India,Medium,2026-05-20
109976,Returning,Mobile,India,Medium,2026-05-19
109977,New,Mobile,India,Medium,2026-05-01
109978,New,Desktop,India,Low,2026-08-07
109979,Returning,Mobile,India,Low,2026-05-10
109980,Returning,Desktop,United States,Low,2026-03-17
109981,Returning,Mobile,India,Medium,2026-03-31
109982,Returning,Mobile,India,Low,2026-07-01
109983,Returning,Desktop,India,High,2026-03-06
109984,Returning,Mobile,Canada,Medium,2026-07-22
109985,Returning,Mobile,India,High,2026-03-21
109986,Returning,Mobile,India,Medium,2026-08-01
109987,New,Mobile,United Kingdom,Low,2026-08-03
109988,Returning,Desktop,India,Medium,2026-06-12
109989,Returning,Desktop,United Kingdom,High,2026-03-18
109990,New,Desktop,Canada,Low,2026-08-12
109991,Returning,Desktop,India,Medium,2026-08-05
109992,New,Desktop,India,Low,2026-08-29
109993,New,Mobile,India,Medium,2026-04-22
109994,New,Desktop,India,Low,2026-03-21
109995,Returning,Desktop,India,Low,2026-06-24
109996,Returning,Mobile,India,Medium,2026-05-19
109997,Returning,Mobile,India,Medium,2026-07-19
109998,New,Mobile,Australia,Low,2026-06-27
109999,Returning,Desktop,India,Medium,2026-04-19
110000,New,Mobile,India,High,2026-06-10
110001,New,Mobile,India,Medium,2026-06-03
110002,Returning,Mobile,India,Medium,2026-05-28
110003,Returning,Mobile,India,High,2026-05-23
110004,New,Mobile,India,High,2026-03-28
110005,Returning,Mobile,United States,Medium,2026-04-27
110006,Returning,Desktop,India,Low,2026-08-17
110007,Returning,Mobile,India,Low,2026-03-24
110008,New,Desktop,India,High,2026-07-14
110009,New,Mobile,India,Low,2026-08-19
110010,Returning,Mobile,India,Low,2026-06-30
110011,New,Desktop,India,Medium,2026-04-30
110012,Returning,Mobile,India,Medium,2026-08-21
110013,New,Mobile,India,Medium,2026-07-10
110014,New,Mobile,India,High,2026-05-18
110015,Returning,Mobile,India,Low,2026-06-20
110016,Returning,Mobile,India,Low,2026-03-08
110017,Returning,Mobile,India,Low,2026-04-18
110018,New,Mobile,India,Medium,2026-07-21
110019,Returning,Mobile,United Kingdom,Medium,2026-05-28
110020,New,Desktop,India,Low,2026-04-07
110021,Returning,Desktop,India,Medium,2026-07-06
110022,Returning,Desktop,United States,Low,2026-04-25
110023,New,Mobile,India,Medium,2026-08-05
110024,New,Mobile,Canada,Medium,2026-06-05
110025,Returning,Mobile,India,Medium,2026-05-19
110026,Returning,Desktop,United Kingdom,Medium,2026-03-13
110027,Returning,Desktop,India,High,2026-07-31
110028,Returning,Desktop,India,Medium,2026-04-22
110029,Returning,Desktop,India,Medium,2026-05-29
110030,New,Mobile,India,Low,2026-08-30
110031,Returning,Mobile,United States,Medium,2026-04-14
110032,New,Mobile,United States,Medium,2026-06-08
110033,New,Mobile,Australia,Medium,2026-07-26
110034,Returning,Mobile,United Kingdom,Low,2026-05-24
110035,New,Mobile,India,Medium,2026-04-02
110036,Returning,Mobile,Australia,Medium,2026-08-09
110037,Returning,Mobile,India,Low,2026-06-26
110038,Returning,Desktop,United States,Medium,2026-06-05
110039,Returning,Desktop,India,Medium,2026-03-24
110040,Returning,Mobile,India,High,2026-04-24
110041,Returning,Mobile,United Kingdom,Medium,2026-04-12
110042,Returning,Mobile,India,Low,2026-07-15
110043,Returning,Desktop,India,Low,2026-08-27
110044,New,Mobile,India,Medium,2026-04-24
110045,Returning,Desktop,India,Low,2026-06-03
110046,Returning,Mobile,India,High,2026-06-19
110047,New,Mobile,United Kingdom,Low,2026-03-14
110048,New,Mobile,India,Medium,2026-04-22
110049,Returning,Desktop,Canada,High,2026-07-30
110050,Returning,Mobile,India,Low,2026-06-02
110051,New,Mobile,India,High,2026-08-09
110052,New,Desktop,India,High,2026-03-28
110053,Returning,Mobile,India,High,2026-03-14
110054,Returning,Desktop,India,Medium,2026-06-04
110055,New,Mobile,India,Low,2026-07-24
110056,Returning,Mobile,India,Low,2026-04-23
110057,Returning,Mobile,India,Low,2026-05-11
110058,New,Mobile,India,Low,2026-07-03
110059,New,Desktop,India,Medium,2026-04-09
110060,New,Desktop,Australia,Low,2026-06-23
110061,Returning,Mobile,India,Medium,2026-07-17
110062,Returning,Desktop,United States,Medium,2026-04-01
110063,Returning,Mobile,India,Low,2026-07-30
110064,Returning,Mobile,India,High,2026-05-18
110065,Returning,Mobile,India,Low,2026-06-27
110066,New,Desktop,United Kingdom,High,2026-05-11
110067,New,Desktop,India,Medium,2026-07-09
110068,Returning,Desktop,India,Medium,2026-05-31
110069,Returning,Mobile,India,Low,2026-06-15
110070,Returning,Mobile,India,Medium,2026-06-04
110071,New,Desktop,United States,Low,2026-05-08
110072,Returning,Mobile,India,Medium,2026-03-31
110073,New,Desktop,India,Low,2026-03-05
110074,Returning,Desktop,India,Low,2026-07-10
110075,Returning,Mobile,United States,Low,2026-04-28
110076,New,Mobile,India,Medium,2026-07-10
110077,Returning,Desktop,United Kingdom,High,2026-06-12
110078,Returning,Mobile,India,Low,2026-07-27
110079,New,Desktop,Canada,High,2026-07-09
110080,Returning,Mobile,India,Low,2026-06-15
110081,Returning,Mobile,India,Medium,2026-08-13
110082,New,Mobile,United Kingdom,Low,2026-05-29
110083,Returning,Desktop,India,High,2026-04-12
110084,New,Mobile,United States,Low,2026-06-05
110085,Returning,Desktop,India,Medium,2026-07-28
110086,Returning,Mobile,India,Low,2026-03-24
110087,Returning,Mobile,United States,Medium,2026-03-27
110088,Returning,Desktop,India,Low,2026-04-10
110089,Returning,Desktop,India,Medium,2026-06-13
110090,Returning,Desktop,India,Medium,2026-04-05
110091,Returning,Mobile,India,Low,2026-03-19
110092,Returning,Mobile,India,High,2026-03-30
110093,Returning,Desktop,India,Low,2026-04-01
110094,Returning,Mobile,India,Low,2026-07-08
110095,Returning,Mobile,India,High,2026-04-02
110096,Returning,Mobile,India,Medium,2026-03-22
110097,Returning,Mobile,United Kingdom,Low,2026-07-18
110098,Returning,Desktop,India,Low,2026-05-20
110099,Returning,Desktop,Australia,Medium,2026-04-10
110100,New,Mobile,India,High,2026-08-21
110101,New,Mobile,United Kingdom,Medium,2026-07-10
110102,Returning,Desktop,United States,Medium,2026-03-08
110103,New,Mobile,India,Medium,2026-07-12
110104,New,Mobile,United States,Medium,2026-05-16
110105,Returning,Mobile,India,Medium,2026-03-20
110106,New,Mobile,India,Low,2026-07-26
110107,New,Mobile,India,Medium,2026-06-12
110108,Returning,Mobile,United States,Medium,2026-07-20
110109,New,Mobile,India,High,2026-07-21
110110,Returning,Desktop,United Kingdom,Low,2026-06-25
110111,Returning,Mobile,United Kingdom,Medium,2026-03-19
110112,Returning,Mobile,India,Low,2026-07-20
110113,Returning,Desktop,United States,High,2026-05-13
110114,New,Desktop,United Kingdom,Low,2026-06-27
110115,Returning,Mobile,United States,Medium,2026-07-13
110116,Returning,Desktop,India,Low,2026-06-19
110117,Returning,Mobile,India,Medium,2026-05-14
110118,Returning,Mobile,United States,Low,2026-05-06
110119,Returning,Mobile,India,Medium,2026-07-21
110120,Returning,Mobile,India,Medium,2026-07-22
110121,New,Mobile,United States,Low,2026-08-06
110122,New,Desktop,India,Low,2026-07-21
110123,Returning,Mobile,Australia,Medium,2026-08-03
110124,Returning,Mobile,India,Medium,2026-04-16
110125,New,Mobile,India,Medium,2026-07-03
110126,Returning,Mobile,India,Low,2026-03-18
110127,Returning,Mobile,Australia,Low,2026-08-22
110128,Returning,Mobile,India,Low,2026-05-19
110129,Returning,Mobile,United Kingdom,Medium,2026-04-18
110130,Returning,Mobile,India,High,2026-03-24
110131,Returning,Desktop,India,Low,2026-06-01
110132,Returning,Mobile,India,High,2026-05-12
110133,New,Desktop,United States,Medium,2026-06-02
110134,New,Mobile,India,High,2026-06-01
110135,Returning,Mobile,India,Medium,2026-07-16
110136,Returning,Mobile,India,Low,2026-08-13
110137,New,Desktop,Australia,High,2026-05-18
110138,Returning,Mobile,India,Medium,2026-06-06
110139,Returning,Mobile,India,Low,2026-03-05
110140,Returning,Desktop,Australia,High,2026-07-24
110141,Returning,Desktop,India,Medium,2026-06-12
110142,New,Desktop,United States,Low,2026-05-24
110143,Returning,Mobile,United Kingdom,Medium,2026-09-01
110144,Returning,Desktop,India,Medium,2026-07-13
110145,New,Mobile,India,Medium,2026-05-16
110146,Returning,Mobile,India,Low,2026-07-22
110147,Returning,Mobile,India,Low,2026-03-19
110148,Returning,Desktop,India,Low,2026-04-25
110149,Returning,Desktop,India,Low,2026-06-08
110150,Returning,Mobile,Canada,Low,2026-03-24
110151,New,Mobile,India,Medium,2026-08-03
110152,Returning,Mobile,India,Medium,2026-07-31
110153,Returning,Mobile,India,Medium,2026-04-17
110154,Returning,Mobile,India,High,2026-05-06
110155,New,Mobile,United Kingdom,Low,2026-06-07
110156,New,Mobile,India,Low,2026-08-09
110157,Returning,Desktop,India,Low,2026-05-20
110158,Returning,Mobile,India,High,2026-04-18
110159,Returning,Mobile,India,Low,2026-03-25
110160,Returning,Mobile,India,High,2026-08-04
110161,Returning,Desktop,India,Medium,2026-07-08
110162,New,Mobile,India,Low,2026-07-16
110163,Returning,Mobile,Australia,Medium,2026-07-27
110164,New,Desktop,India,Low,2026-08-21
110165,Returning,Mobile,Australia,Medium,2026-03-20
110166,Returning,Desktop,India,Medium,2026-04-07
110167,Returning,Mobile,India,Low,2026-08-02
110168,New,Desktop,India,High,2026-08-18
110169,Returning,Mobile,India,High,2026-06-16
110170,New,Desktop,India,Low,2026-06-18
110171,New,Mobile,United Kingdom,High,2026-04-18
110172,Returning,Mobile,India,Medium,2026-06-08
110173,Returning,Mobile,India,Low,2026-06-14
110174,New,Mobile,Canada,Low,2026-07-06
110175,Returning,Mobile,Canada,Medium,2026-07-25
110176,Returning,Desktop,India,Low,2026-07-16
110177,New,Desktop,United States,Low,2026-04-22
110178,Returning,Mobile,India,High,2026-05-31
110179,Returning,Mobile,India,Low,2026-08-01
110180,Returning,Desktop,India,Medium,2026-07-19
110181,Returning,Mobile,United States,Medium,2026-04-06
110182,New,Mobile,India,Medium,2026-07-15
110183,New,Desktop,India,Low,2026-04-03
110184,New,Desktop,India,Medium,2026-04-27
110185,Returning,Desktop,India,Low,2026-04-18
110186,New,Mobile,India,Medium,2026-03-23
110187,Returning,Mobile,Australia,High,2026-05-06
110188,Returning,Mobile,India,Medium,2026-05-04
110189,Returning,Desktop,India,Medium,2026-03-10
110190,Returning,Mobile,United States,High,2026-06-03
110191,Returning,Mobile,United States,Medium,2026-08-14
110192,New,Desktop,India,High,2026-04-25
110193,Returning,Desktop,India,High,2026-06-01
110194,Returning,Mobile,India,High,2026-06-29
110195,New,Desktop,United States,Low,2026-08-23
110196,Returning,Mobile,United Kingdom,Low,2026-08-11
110197,Returning,Mobile,India,High,2026-08-17
110198,New,Desktop,India,Low,2026-08-26
110199,Returning,Mobile,India,High,2026-08-03
110200,Returning,Desktop,Canada,Medium,2026-04-08
110201,New,Desktop,India,Medium,2026-03-25
110202,Returning,Desktop,India,Medium,2026-03-06
110203,Returning,Desktop,United Kingdom,Medium,2026-06-04
110204,Returning,Mobile,United Kingdom,High,2026-07-24
110205,Returning,Desktop,Canada,Medium,2026-05-12
110206,Returning,Mobile,India,Low,2026-04-05
110207,Returning,Mobile,India,Low,2026-07-20
110208,Returning,Mobile,India,Low,2026-07-20
110209,Returning,Mobile,India,Low,2026-08-28
110210,New,Desktop,Australia,Low,2026-03-18
110211,Returning,Mobile,United Kingdom,High,2026-08-18
110212,Returning,Mobile,India,Medium,2026-05-15
110213,Returning,Mobile,India,Medium,2026-06-03
110214,Returning,Mobile,United Kingdom,Low,2026-08-09
110215,Returning,Desktop,United Kingdom,Low,2026-04-29
110216,Returning,Mobile,India,High,2026-03-21
110217,New,Desktop,India,Low,2026-05-23
110218,Returning,Mobile,India,High,2026-04-25
110219,Returning,Desktop,India,Low,2026-03-24
110220,New,Mobile,India,Medium,2026-05-04
110221,Returning,Mobile,India,Low,2026-07-08
110222,New,Mobile,India,Medium,2026-03-19
110223,Returning,Desktop,India,Medium,2026-04-01
110224,Returning,Desktop,India,Medium,2026-04-03
110225,Returning,Desktop,India,Low,2026-03-17
110226,Returning,Mobile,Australia,High,2026-05-06
110227,Returning,Mobile,United Kingdom,High,2026-04-21
110228,New,Mobile,United Kingdom,Low,2026-03-31
110229,Returning,Mobile,Canada,Low,2026-03-06
110230,Returning,Mobile,India,Low,2026-06-28
110231,Returning,Mobile,India,Low,2026-07-22
110232,New,Mobile,India,Medium,2026-08-29
110233,Returning,Desktop,United Kingdom,Low,2026-06-14
110234,New,Mobile,India,Low,2026-04-01
110235,Returning,Mobile,India,Medium,2026-06-21
110236,Returning,Mobile,United States,Low,2026-05-06
110237,Returning,Desktop,India,Medium,2026-03-14
110238,Returning,Mobile,United States,High,2026-03-20
110239,Returning,Mobile,India,Low,2026-06-18
110240,New,Mobile,India,Medium,2026-08-01
110241,Returning,Mobile,India,Low,2026-07-09
110242,Returning,Desktop,India,Medium,2026-05-06
110243,Returning,Desktop,India,High,2026-08-10
110244,Returning,Mobile,India,Medium,2026-06-17
110245,Returning,Mobile,India,Low,2026-07-02
110246,Returning,Mobile,India,Low,2026-03-20
110247,Returning,Mobile,India,Low,2026-04-16
110248,New,Desktop,Canada,Medium,2026-06-26
110249,Returning,Mobile,India,Medium,2026-08-22
110250,Returning,Mobile,United Kingdom,Medium,2026-07-06
110251,New,Desktop,India,Low,2026-08-17
110252,Returning,Mobile,India,Low,2026-04-06
110253,Returning,Mobile,India,High,2026-04-10
110254,New,Mobile,Australia,Medium,2026-08-30
110255,Returning,Mobile,United Kingdom,Low,2026-04-18
110256,Returning,Desktop,India,Low,2026-04-21
110257,New,Mobile,India,High,2026-04-27
110258,Returning,Desktop,Australia,Low,2026-05-23
110259,New,Desktop,India,Low,2026-04-26
110260,Returning,Mobile,Australia,Low,2026-08-04
110261,New,Mobile,India,Medium,2026-04-24
110262,Returning,Mobile,India,Medium,2026-03-29
110263,Returning,Desktop,India,Low,2026-04-14
110264,Returning,Desktop,India,Medium,2026-03-25
110265,Returning,Mobile,India,Medium,2026-07-04
110266,Returning,Mobile,United States,High,2026-06-01
110267,Returning,Mobile,Australia,Medium,2026-06-06
110268,Returning,Desktop,India,Low,2026-05-29
110269,Returning,Mobile,India,Low,2026-06-04
110270,Returning,Mobile,Canada,Low,2026-05-22
110271,Returning,Mobile,United States,Low,2026-07-13
110272,New,Mobile,India,Medium,2026-08-27
110273,New,Desktop,India,Low,2026-07-01
110274,New,Mobile,India,Low,2026-07-24
110275,Returning,Mobile,India,High,2026-08-08
110276,Returning,Mobile,Canada,Medium,2026-03-24
110277,New,Mobile,India,Medium,2026-04-10
110278,New,Mobile,United Kingdom,Medium,2026-05-21
110279,Returning,Mobile,India,Medium,2026-07-23
110280,Returning,Desktop,United States,Low,2026-03-14
110281,Returning,Desktop,India,Low,2026-06-12
110282,Returning,Mobile,India,Low,2026-06-01
110283,Returning,Mobile,India,Low,2026-05-26
110284,Returning,Mobile,India,Low,2026-03-13
110285,New,Desktop,India,Medium,2026-04-07
110286,Returning,Mobile,India,Medium,2026-05-09
110287,Returning,Mobile,India,Medium,2026-08-18
110288,Returning,Desktop,Australia,Medium,2026-03-25
110289,New,Mobile,India,High,2026-03-28
110290,Returning,Mobile,India,Medium,2026-05-25
110291,Returning,Mobile,India,Medium,2026-06-09
110292,New,Mobile,India,Low,2026-05-11
110293,Returning,Mobile,India,Low,2026-05-09
110294,New,Desktop,India,Medium,2026-07-03
110295,Returning,Mobile,India,Low,2026-04-27
110296,Returning,Desktop,India,Medium,2026-04-08
110297,New,Mobile,Canada,High,2026-03-24
110298,Returning,Desktop,United Kingdom,High,2026-03-20
110299,Returning,Mobile,United Kingdom,Medium,2026-08-14
110300,Returning,Mobile,United States,Low,2026-08-24
110301,Returning,Desktop,India,Medium,2026-08-22
110302,New,Desktop,India,Low,2026-08-25
110303,New,Desktop,India,Low,2026-06-15
110304,Returning,Mobile,Australia,Medium,2026-04-22
110305,Returning,Mobile,India,Medium,2026-06-17
110306,New,Mobile,India,Medium,2026-07-17
110307,Returning,Mobile,India,High,2026-03-13
110308,Returning,Mobile,India,Low,2026-05-10
110309,Returning,Mobile,India,Low,2026-06-03
110310,Returning,Mobile,India,Low,2026-03-28
110311,Returning,Mobile,India,Low,2026-04-14
110312,Returning,Mobile,India,Medium,2026-04-30
110313,Returning,Mobile,India,Low,2026-08-24
110314,Returning,Mobile,India,Medium,2026-08-10
110315,Returning,Mobile,India,Low,2026-04-15
110316,Returning,Mobile,India,Low,2026-03-12
110317,Returning,Desktop,India,Low,2026-05-21
110318,Returning,Mobile,India,High,2026-05-30
110319,New,Mobile,United States,Low,2026-03-27
110320,Returning,Mobile,India,Medium,2026-06-05
110321,Returning,Desktop,India,Medium,2026-04-16
110322,Returning,Mobile,India,Medium,2026-05-25
110323,New,Mobile,India,Low,2026-07-14
110324,New,Desktop,United States,Low,2026-07-23
110325,New,Mobile,India,Low,2026-04-26
110326,Returning,Mobile,India,High,2026-07-09
110327,Returning,Mobile,India,Low,2026-08-29
110328,Returning,Desktop,India,Low,2026-08-28
110329,Returning,Mobile,United Kingdom,Low,2026-05-31
110330,Returning,Mobile,India,Medium,2026-06-25
110331,Returning,Mobile,India,Medium,2026-06-28
110332,New,Mobile,India,High,2026-04-27
110333,Returning,Mobile,India,High,2026-07-06
110334,Returning,Mobile,India,Medium,2026-06-05
110335,Returning,Mobile,United Kingdom,Medium,2026-04-14
110336,New,Desktop,India,Low,2026-08-04
110337,New,Mobile,United Kingdom,High,2026-06-12
110338,Returning,Mobile,India,High,2026-08-12
110339,New,Desktop,India,Low,2026-04-02
110340,New,Mobile,India,Medium,2026-03-15
110341,New,Desktop,Canada,Low,2026-06-15
110342,Returning,Desktop,India,Low,2026-06-24
110343,New,Desktop,India,Low,2026-04-12
110344,Returning,Mobile,India,High,2026-08-17
110345,Returning,Mobile,India,Medium,2026-08-02
110346,New,Mobile,India,Medium,2026-07-13
110347,Returning,Desktop,India,Low,2026-04-25
110348,Returning,Mobile,India,Medium,2026-05-14
110349,New,Mobile,United States,Low,2026-05-09
110350,New,Desktop,India,Medium,2026-04-25
110351,Returning,Mobile,India,Low,2026-04-21
110352,Returning,Desktop,India,Medium,2026-03-23
110353,Returning,Mobile,India,Medium,2026-07-28
110354,Returning,Mobile,India,Low,2026-04-26
110355,Returning,Mobile,India,Medium,2026-05-08
110356,Returning,Desktop,India,High,2026-06-20
110357,New,Mobile,India,High,2026-07-08
110358,Returning,Mobile,India,Medium,2026-07-02
110359,New,Mobile,India,Low,2026-05-27
110360,Returning,Desktop,India,High,2026-06-16
110361,New,Desktop,India,Low,2026-07-25
110362,Returning,Desktop,India,Low,2026-05-13
110363,Returning,Desktop,United Kingdom,Medium,2026-04-09
110364,Returning,Mobile,India,High,2026-05-10
110365,Returning,Mobile,India,High,2026-08-19
110366,Returning,Mobile,United States,Low,2026-07-24
110367,Returning,Desktop,Canada,Low,2026-07-29
110368,New,Desktop,India,High,2026-07-31
110369,Returning,Mobile,India,Medium,2026-08-15
110370,Returning,Mobile,United Kingdom,Low,2026-06-22
110371,New,Mobile,India,Low,2026-07-16
110372,Returning,Desktop,India,Medium,2026-07-04
110373,Returning,Desktop,India,Low,2026-03-26
110374,Returning,Desktop,India,Low,2026-05-03
110375,Returning,Mobile,India,Medium,2026-04-12
110376,New,Mobile,Australia,Medium,2026-03-20
110377,Returning,Mobile,United Kingdom,Low,2026-04-30
110378,Returning,Mobile,Australia,Low,2026-03-06
110379,Returning,Mobile,India,Medium,2026-05-28
110380,New,Desktop,India,High,2026-06-21
110381,Returning,Mobile,India,Medium,2026-05-26
110382,Returning,Mobile,Canada,High,2026-03-17
110383,Returning,Desktop,India,Low,2026-08-21
110384,Returning,Desktop,India,High,2026-06-11
110385,Returning,Mobile,India,Medium,2026-03-05
110386,Returning,Desktop,Australia,Medium,2026-06-09
110387,Returning,Mobile,India,Medium,2026-08-26
110388,Returning,Mobile,India,Low,2026-06-14
110389,New,Desktop,India,Medium,2026-07-05
110390,Returning,Desktop,India,Low,2026-08-17
110391,Returning,Desktop,India,High,2026-04-08
110392,New,Mobile,India,High,2026-03-13
110393,New,Mobile,India,Medium,2026-07-17
110394,Returning,Mobile,India,Low,2026-07-04
110395,Returning,Mobile,India,Medium,2026-08-06
110396,New,Mobile,India,High,2026-06-19
110397,New,Desktop,Australia,High,2026-06-29
110398,New,Mobile,Australia,Medium,2026-04-19
110399,New,Mobile,Canada,High,2026-05-24
110400,Returning,Desktop,India,Medium,2026-04-08
110401,Returning,Desktop,India,Low,2026-08-02
110402,Returning,Desktop,United Kingdom,High,2026-05-26
110403,Returning,Mobile,United Kingdom,Medium,2026-06-20
110404,Returning,Mobile,India,Medium,2026-08-13
110405,Returning,Mobile,India,Low,2026-04-11
110406,Returning,Mobile,India,Medium,2026-04-07
110407,Returning,Mobile,India,Low,2026-04-26
110408,Returning,Mobile,India,High,2026-08-24
110409,New,Desktop,India,Low,2026-03-07
110410,Returning,Desktop,United States,High,2026-05-23
110411,New,Desktop,India,High,2026-07-11
110412,Returning,Mobile,United Kingdom,Medium,2026-08-25
110413,New,Mobile,India,Medium,2026-07-05
110414,New,Mobile,India,Medium,2026-07-05
110415,New,Mobile,India,Low,2026-06-01
110416,New,Mobile,India,Medium,2026-08-08
110417,New,Mobile,India,Low,2026-07-02
110418,Returning,Mobile,India,Low,2026-06-17
110419,Returning,Mobile,India,Medium,2026-08-06
110420,Returning,Mobile,India,Low,2026-03-31
110421,Returning,Desktop,India,Medium,2026-07-26
110422,New,Mobile,India,Medium,2026-04-17
110423,Returning,Mobile,India,Low,2026-03-27
110424,Returning,Desktop,United Kingdom,High,2026-07-14
110425,Returning,Desktop,India,Low,2026-05-04
110426,Returning,Mobile,India,Low,2026-06-07
110427,New,Mobile,United States,Medium,2026-05-03
110428,New,Desktop,India,Low,2026-04-27
110429,New,Mobile,India,Low,2026-05-10
110430,Returning,Mobile,India,Medium,2026-05-06
110431,Returning,Mobile,India,Low,2026-06-14
110432,Returning,Desktop,India,Medium,2026-03-09
110433,Returning,Mobile,United States,Low,2026-04-13
110434,Returning,Mobile,United States,Medium,2026-05-04
110435,Returning,Desktop,India,Medium,2026-03-27
110436,Returning,Desktop,India,Medium,2026-04-16
110437,New,Mobile,India,High,2026-04-13
110438,Returning,Mobile,India,Medium,2026-07-12
110439,Returning,Desktop,Australia,Low,2026-06-24
110440,Returning,Mobile,United States,Medium,2026-07-26
110441,Returning,Mobile,India,Low,2026-04-08
110442,Returning,Desktop,India,Low,2026-07-09
110443,New,Desktop,United States,High,2026-07-29
110444,Returning,Mobile,India,Medium,2026-07-20
110445,Returning,Mobile,India,Medium,2026-03-29
110446,Returning,Mobile,India,High,2026-08-05
110447,Returning,Desktop,Australia,Medium,2026-08-12
110448,New,Desktop,India,Low,2026-06-29
110449,New,Mobile,India,Low,2026-07-13
110450,Returning,Mobile,India,Medium,2026-03-21
110451,New,Mobile,India,Low,2026-06-07
110452,New,Mobile,India,High,2026-05-05
110453,Returning,Mobile,United Kingdom,Low,2026-05-18
110454,New,Mobile,India,High,2026-03-20
110455,New,Mobile,United States,Medium,2026-08-24
110456,Returning,Mobile,Canada,Medium,2026-04-14
110457,New,Mobile,India,Medium,2026-06-23
110458,Returning,Mobile,Australia,Medium,2026-08-19
110459,Returning,Mobile,India,Medium,2026-04-02
110460,New,Mobile,India,Medium,2026-04-17
110461,Returning,Desktop,India,Low,2026-07-15
110462,Returning,Mobile,India,Medium,2026-06-02
110463,Returning,Mobile,India,Low,2026-06-17
110464,Returning,Desktop,India,Medium,2026-07-21
110465,Returning,Mobile,India,Medium,2026-05-21
110466,Returning,Mobile,India,Medium,2026-07-26
110467,Returning,Desktop,United Kingdom,Medium,2026-08-08
110468,Returning,Mobile,United States,Medium,2026-05-02
110469,New,Mobile,India,Medium,2026-07-11
110470,Returning,Desktop,India,Low,2026-04-02
110471,Returning,Desktop,India,Low,2026-06-13
110472,Returning,Mobile,India,Low,2026-08-29
110473,New,Desktop,Australia,High,2026-06-03
110474,Returning,Mobile,United Kingdom,Low,2026-06-06
110475,Returning,Mobile,India,High,2026-04-25
110476,Returning,Mobile,India,Medium,2026-09-01
110477,New,Desktop,India,High,2026-05-21
110478,Returning,Desktop,Australia,Low,2026-05-14
110479,Returning,Mobile,India,Low,2026-04-13
110480,New,Mobile,India,Low,2026-07-23
110481,Returning,Desktop,India,High,2026-08-31
110482,New,Mobile,Australia,High,2026-03-10
110483,Returning,Desktop,United Kingdom,Medium,2026-06-24
110484,Returning,Mobile,United States,Medium,2026-06-25
110485,New,Desktop,India,High,2026-05-24
110486,Returning,Mobile,India,Low,2026-05-01
110487,Returning,Mobile,India,High,2026-04-24
110488,Returning,Mobile,India,Low,2026-08-17
110489,Returning,Desktop,Canada,Low,2026-06-09
110490,Returning,Mobile,India,Medium,2026-03-22
110491,Returning,Desktop,India,Medium,2026-04-21
110492,Returning,Desktop,India,High,2026-03-14
110493,Returning,Mobile,United States,High,2026-06-05
110494,Returning,Mobile,India,Medium,2026-04-28
110495,New,Desktop,India,Low,2026-08-27
110496,Returning,Mobile,India,Low,2026-05-22
110497,New,Desktop,United Kingdom,Low,2026-05-18
110498,Returning,Mobile,India,High,2026-07-12
110499,New,Desktop,United Kingdom,Low,2026-03-22
110500,Returning,Mobile,India,High,2026-06-21
110501,Returning,Mobile,India,High,2026-08-24
110502,Returning,Mobile,India,Medium,2026-03-30
110503,Returning,Desktop,United States,High,2026-08-17
110504,Returning,Desktop,India,Medium,2026-06-10
110505,Returning,Mobile,India,High,2026-04-29
110506,Returning,Mobile,India,Low,2026-07-20
110507,Returning,Desktop,Australia,Medium,2026-04-14
110508,New,Desktop,United Kingdom,High,2026-06-15
110509,Returning,Mobile,India,Medium,2026-05-08
110510,Returning,Desktop,India,Medium,2026-03-24
110511,Returning,Mobile,India,High,2026-06-07
110512,New,Desktop,United States,Low,2026-05-25
110513,Returning,Mobile,India,Low,2026-07-07
110514,New,Mobile,India,Low,2026-07-08
110515,New,Desktop,United Kingdom,Medium,2026-05-12
110516,Returning,Desktop,India,Low,2026-08-14
110517,New,Mobile,India,Low,2026-04-05
110518,Returning,Mobile,India,Low,2026-08-04
110519,New,Desktop,India,High,2026-03-30
110520,Returning,Mobile,India,Low,2026-03-22
110521,New,Desktop,India,Low,2026-08-28
110522,Returning,Mobile,India,High,2026-08-09
110523,New,Mobile,India,High,2026-07-02
110524,New,Desktop,India,Medium,2026-05-24
110525,Returning,Desktop,Australia,Low,2026-04-22
110526,New,Desktop,India,Medium,2026-08-14
110527,Returning,Mobile,India,Low,2026-03-19
110528,Returning,Mobile,India,Medium,2026-08-04
110529,New,Mobile,United Kingdom,Medium,2026-08-29
110530,Returning,Mobile,India,Low,2026-05-19
110531,Returning,Mobile,India,Low,2026-03-26
110532,New,Desktop,India,Low,2026-08-28
110533,Returning,Mobile,India,Medium,2026-08-19
110534,Returning,Mobile,India,Medium,2026-07-10
110535,New,Mobile,India,Low,2026-08-25
110536,New,Desktop,India,Low,2026-03-06
110537,Returning,Mobile,India,High,2026-08-23
110538,Returning,Mobile,India,High,2026-03-15
110539,Returning,Mobile,United States,Low,2026-09-01
110540,Returning,Mobile,India,Low,2026-04-06
110541,New,Desktop,India,Medium,2026-03-14
110542,Returning,Mobile,India,Medium,2026-03-29
110543,Returning,Desktop,India,Medium,2026-04-02
110544,Returning,Mobile,India,Low,2026-07-22
110545,New,Desktop,India,High,2026-04-15
110546,Returning,Desktop,India,High,2026-08-25
110547,New,Desktop,India,Medium,2026-03-21
110548,Returning,Mobile,India,Medium,2026-04-01
110549,Returning,Mobile,India,Medium,2026-06-19
110550,Returning,Mobile,India,High,2026-07-11
110551,New,Desktop,India,Medium,2026-05-05
110552,New,Mobile,India,Low,2026-08-25
110553,New,Desktop,India,Medium,2026-07-11
110554,Returning,Mobile,India,Medium,2026-08-17
110555,Returning,Desktop,India,Low,2026-04-12
110556,Returning,Desktop,Canada,Low,2026-06-19
110557,Returning,Mobile,India,Low,2026-08-12
110558,New,Mobile,India,Low,2026-06-29
110559,New,Desktop,United States,Low,2026-04-15
110560,Returning,Mobile,United Kingdom,High,2026-04-05
110561,Returning,Mobile,India,Medium,2026-05-09
110562,Returning,Mobile,Canada,Medium,2026-04-10
110563,Returning,Desktop,India,Low,2026-03-23
110564,New,Mobile,Canada,Medium,2026-08-06
110565,Returning,Desktop,United States,Medium,2026-06-09
110566,Returning,Mobile,India,Medium,2026-05-14
110567,Returning,Mobile,United States,Medium,2026-06-18
110568,Returning,Desktop,India,Medium,2026-07-19
110569,Returning,Mobile,India,Low,2026-03-17
110570,Returning,Desktop,India,Medium,2026-04-16
110571,Returning,Mobile,United Kingdom,Low,2026-08-01
110572,New,Mobile,United States,Medium,2026-06-15
110573,Returning,Mobile,India,Low,2026-05-30
110574,Returning,Mobile,India,Low,2026-04-17
110575,Returning,Desktop,Australia,High,2026-05-25
110576,New,Mobile,United States,Medium,2026-08-16
110577,Returning,Desktop,India,Medium,2026-07-25
110578,New,Mobile,India,Low,2026-04-18
110579,Returning,Desktop,Australia,Low,2026-06-28
110580,Returning,Mobile,India,Low,2026-08-03
110581,New,Mobile,India,Low,2026-05-04
110582,Returning,Desktop,India,Low,2026-05-29
110583,New,Desktop,United Kingdom,Medium,2026-07-16
110584,Returning,Desktop,India,Medium,2026-06-21
110585,Returning,Desktop,United States,Low,2026-08-09
110586,Returning,Mobile,India,Low,2026-05-12
110587,New,Desktop,India,High,2026-06-22
110588,New,Desktop,India,Medium,2026-04-15
110589,Returning,Desktop,Canada,Low,2026-04-23
110590,New,Mobile,India,Medium,2026-05-23
110591,Returning,Mobile,Canada,Medium,2026-04-11
110592,Returning,Mobile,India,Medium,2026-03-05
110593,Returning,Mobile,India,Low,2026-07-09
110594,Returning,Mobile,India,Low,2026-07-11
110595,Returning,Desktop,India,Medium,2026-09-01
110596,Returning,Mobile,United Kingdom,Medium,2026-08-12
110597,Returning,Desktop,India,Low,2026-08-18
110598,Returning,Mobile,India,Low,2026-03-25
110599,New,Mobile,India,Medium,2026-08-03
110600,Returning,Mobile,India,Low,2026-04-01
110601,New,Mobile,India,Medium,2026-07-05
110602,New,Desktop,Australia,Low,2026-06-03
110603,New,Desktop,Australia,High,2026-08-16
110604,Returning,Mobile,India,High,2026-08-04
110605,New,Desktop,India,Medium,2026-04-16
110606,Returning,Desktop,India,Low,2026-08-18
110607,Returning,Mobile,India,Medium,2026-04-30
110608,Returning,Desktop,India,High,2026-07-31
110609,Returning,Mobile,India,Medium,2026-05-18
110610,New,Mobile,India,Low,2026-06-08
110611,New,Mobile,United Kingdom,Low,2026-05-31
110612,Returning,Mobile,India,High,2026-04-06
110613,Returning,Desktop,India,High,2026-06-02
110614,Returning,Mobile,India,Medium,2026-05-05
110615,Returning,Mobile,India,Low,2026-06-10
110616,New,Mobile,India,Medium,2026-03-25
110617,Returning,Mobile,India,Medium,2026-08-07
110618,Returning,Mobile,Canada,High,2026-06-02
110619,New,Mobile,India,Low,2026-05-23
110620,Returning,Desktop,United Kingdom,Low,2026-04-16
110621,New,Mobile,India,Medium,2026-05-15
110622,New,Mobile,India,High,2026-04-13
110623,Returning,Mobile,United Kingdom,Medium,2026-06-24
110624,Returning,Desktop,India,Low,2026-07-12
110625,New,Desktop,India,Low,2026-08-12
110626,Returning,Mobile,India,Medium,2026-08-30
110627,New,Desktop,India,Low,2026-03-31
110628,Returning,Mobile,India,Medium,2026-08-30
110629,Returning,Mobile,India,Medium,2026-03-30
110630,Returning,Mobile,India,Low,2026-03-24
110631,New,Desktop,United States,Low,2026-08-22
110632,Returning,Mobile,Canada,Low,2026-08-31
110633,Returning,Mobile,India,Medium,2026-05-15
110634,Returning,Mobile,Canada,Low,2026-08-22
110635,New,Mobile,United States,Low,2026-07-26
110636,New,Mobile,India,Medium,2026-03-31
110637,Returning,Desktop,India,High,2026-04-05
110638,New,Mobile,India,Medium,2026-06-30
110639,New,Mobile,United States,Medium,2026-08-21
110640,New,Mobile,Canada,Medium,2026-05-14
110641,Returning,Mobile,Canada,Medium,2026-07-18
110642,Returning,Mobile,India,Low,2026-04-11
110643,New,Desktop,Australia,Medium,2026-05-21
110644,Returning,Mobile,United Kingdom,High,2026-06-11
110645,Returning,Mobile,India,Medium,2026-06-01
110646,Returning,Desktop,India,Low,2026-05-06
110647,Returning,Mobile,Australia,Medium,2026-04-07
110648,Returning,Mobile,India,Medium,2026-06-03
110649,Returning,Desktop,India,Medium,2026-07-06
110650,New,Mobile,India,Low,2026-03-15
110651,Returning,Desktop,United States,High,2026-04-03
110652,Returning,Mobile,United States,Medium,2026-07-22
110653,New,Desktop,India,Medium,2026-08-21
110654,Returning,Mobile,India,High,2026-04-01
110655,Returning,Mobile,India,Low,2026-04-26
110656,Returning,Desktop,India,Low,2026-04-12
110657,Returning,Mobile,Australia,Medium,2026-08-28
110658,Returning,Desktop,India,High,2026-05-14
110659,New,Desktop,India,High,2026-08-15
110660,Returning,Desktop,Canada,Low,2026-03-09
110661,Returning,Mobile,India,Low,2026-03-14
110662,Returning,Mobile,Canada,Medium,2026-05-24
110663,Returning,Mobile,India,Medium,2026-05-22
110664,Returning,Desktop,India,Low,2026-04-29
110665,New,Mobile,United States,Low,2026-06-19
110666,New,Desktop,India,Low,2026-06-06
110667,Returning,Desktop,India,Medium,2026-06-15
110668,New,Desktop,India,High,2026-05-04
110669,New,Mobile,India,Low,2026-05-19
110670,New,Mobile,India,Medium,2026-08-18
110671,Returning,Desktop,India,Low,2026-04-06
110672,New,Mobile,India,Medium,2026-03-25
110673,Returning,Mobile,India,Low,2026-04-23
110674,New,Mobile,United States,Low,2026-07-04
110675,Returning,Desktop,India,Low,2026-06-16
110676,Returning,Mobile,Canada,Low,2026-05-03
110677,New,Desktop,India,Low,2026-08-08
110678,Returning,Mobile,Canada,Medium,2026-07-03
110679,Returning,Mobile,Australia,Low,2026-04-18
110680,Returning,Desktop,India,Medium,2026-08-06
110681,Returning,Desktop,India,High,2026-06-07
110682,Returning,Mobile,United Kingdom,Medium,2026-04-24
110683,Returning,Mobile,India,Low,2026-04-16
110684,Returning,Mobile,India,High,2026-05-11
110685,Returning,Mobile,India,Low,2026-08-19
110686,Returning,Mobile,India,Low,2026-07-09
110687,Returning,Mobile,India,Low,2026-06-09
110688,New,Desktop,India,Medium,2026-03-31
110689,New,Mobile,India,Medium,2026-04-12
110690,Returning,Mobile,India,Low,2026-04-29
110691,Returning,Mobile,India,Low,2026-06-25
110692,Returning,Mobile,Australia,Low,2026-06-02
110693,New,Desktop,India,High,2026-07-23
110694,Returning,Mobile,Australia,Low,2026-03-23
110695,Returning,Desktop,India,Low,2026-07-06
110696,Returning,Desktop,India,High,2026-06-12
110697,Returning,Mobile,India,High,2026-05-05
110698,New,Mobile,India,Medium,2026-04-16
110699,New,Mobile,India,Medium,2026-05-20
110700,Returning,Desktop,India,Medium,2026-04-08
110701,Returning,Mobile,Australia,Low,2026-08-07
110702,Returning,Mobile,United States,Low,2026-07-01
110703,Returning,Mobile,India,Medium,2026-07-21
110704,Returning,Mobile,Australia,High,2026-08-18
110705,Returning,Desktop,India,Low,2026-04-10
110706,Returning,Mobile,United Kingdom,Low,2026-05-18
110707,Returning,Mobile,India,Low,2026-04-23
110708,Returning,Desktop,India,Medium,2026-06-07
110709,New,Mobile,United Kingdom,Medium,2026-03-08
110710,Returning,Mobile,United Kingdom,High,2026-05-15
110711,Returning,Mobile,India,Medium,2026-03-29
110712,Returning,Mobile,India,Low,2026-04-11
110713,Returning,Desktop,India,Low,2026-07-21
110714,Returning,Desktop,India,Low,2026-07-02
110715,Returning,Desktop,India,Low,2026-06-11
110716,Returning,Mobile,Australia,Low,2026-04-03
110717,Returning,Mobile,Canada,Medium,2026-03-30
110718,Returning,Mobile,India,High,2026-04-22
110719,Returning,Desktop,Australia,Low,2026-06-03
110720,Returning,Mobile,India,Medium,2026-07-30
110721,New,Mobile,India,Medium,2026-04-09
110722,Returning,Mobile,Australia,Low,2026-06-26
110723,Returning,Mobile,India,Medium,2026-05-02
110724,Returning,Mobile,Australia,Low,2026-06-15
110725,Returning,Mobile,India,Medium,2026-06-26
110726,New,Mobile,India,High,2026-03-15
110727,Returning,Mobile,India,Low,2026-03-23
110728,Returning,Mobile,India,High,2026-05-12
110729,Returning,Mobile,United States,Medium,2026-06-27
110730,Returning,Mobile,India,Medium,2026-08-12
110731,Returning,Desktop,India,Medium,2026-07-18
110732,Returning,Mobile,United States,High,2026-05-18
110733,Returning,Mobile,India,Medium,2026-03-16
110734,Returning,Mobile,India,High,2026-06-24
110735,Returning,Desktop,United States,Low,2026-05-08
110736,Returning,Mobile,India,Low,2026-03-17
110737,New,Mobile,India,Low,2026-05-09
110738,New,Mobile,India,Medium,2026-05-28
110739,Returning,Mobile,India,Medium,2026-08-20
110740,Returning,Desktop,United Kingdom,High,2026-03-08
110741,New,Mobile,India,Low,2026-03-11
110742,New,Mobile,Australia,Medium,2026-07-01
110743,New,Mobile,India,Medium,2026-06-12
110744,Returning,Mobile,India,Medium,2026-04-21
110745,Returning,Mobile,India,Medium,2026-04-14
110746,Returning,Mobile,Australia,Medium,2026-04-16
110747,Returning,Mobile,India,Low,2026-03-29
110748,Returning,Mobile,India,Medium,2026-05-13
110749,New,Desktop,India,Low,2026-07-22
110750,Returning,Desktop,India,Low,2026-03-10
110751,New,Mobile,India,Low,2026-04-09
110752,Returning,Desktop,Canada,High,2026-04-28
110753,Returning,Desktop,India,Low,2026-03-17
110754,Returning,Mobile,United States,Low,2026-03-16
110755,Returning,Mobile,India,Low,2026-08-25
110756,Returning,Mobile,India,High,2026-04-17
110757,New,Desktop,India,Medium,2026-03-05
110758,Returning,Mobile,India,High,2026-03-19
110759,New,Mobile,Canada,High,2026-03-21
110760,Returning,Mobile,India,Low,2026-05-10
110761,Returning,Mobile,India,Low,2026-03-12
110762,Returning,Desktop,India,High,2026-06-27
110763,Returning,Mobile,India,Low,2026-04-15
110764,Returning,Mobile,India,Low,2026-03-20
110765,Returning,Mobile,United Kingdom,Medium,2026-05-26
110766,Returning,Desktop,India,Low,2026-03-12
110767,Returning,Mobile,India,Low,2026-04-08
110768,Returning,Desktop,United Kingdom,High,2026-04-06
110769,Returning,Mobile,India,High,2026-05-13
110770,Returning,Desktop,Canada,Low,2026-08-02
110771,Returning,Desktop,India,Low,2026-05-26
110772,Returning,Mobile,India,Low,2026-04-05
110773,Returning,Desktop,India,Medium,2026-03-07
110774,Returning,Mobile,United States,Low,2026-04-03
110775,Returning,Desktop,India,Low,2026-04-25
110776,Returning,Desktop,India,Medium,2026-07-10
110777,Returning,Mobile,India,Medium,2026-06-01
110778,Returning,Mobile,India,Medium,2026-05-04
110779,Returning,Mobile,India,High,2026-05-11
110780,New,Mobile,India,High,2026-07-22
110781,Returning,Desktop,India,Medium,2026-08-20
110782,Returning,Desktop,United States,Low,2026-07-28
110783,New,Mobile,India,Medium,2026-05-27
110784,New,Mobile,India,Low,2026-08-26
110785,Returning,Mobile,Canada,Medium,2026-08-19
110786,New,Mobile,India,Medium,2026-06-07
110787,Returning,Mobile,India,Medium,2026-07-20
110788,Returning,Desktop,India,High,2026-05-12
110789,Returning,Mobile,India,Low,2026-06-03
110790,Returning,Desktop,Australia,Low,2026-07-28
110791,Returning,Desktop,India,Low,2026-09-01
110792,Returning,Desktop,India,Low,2026-07-14
110793,New,Desktop,United Kingdom,Medium,2026-03-13
110794,New,Desktop,India,Low,2026-08-20
110795,New,Desktop,United Kingdom,Medium,2026-08-13
110796,Returning,Desktop,United Kingdom,High,2026-05-14
110797,Returning,Mobile,United Kingdom,Medium,2026-07-22
110798,Returning,Mobile,India,High,2026-07-02
110799,Returning,Desktop,United Kingdom,Low,2026-05-02
110800,Returning,Mobile,United States,Medium,2026-07-12
110801,Returning,Desktop,Australia,High,2026-03-24
110802,Returning,Mobile,India,High,2026-05-17
110803,New,Desktop,India,Low,2026-08-04
110804,Returning,Desktop,Canada,High,2026-06-18
110805,Returning,Mobile,India,Medium,2026-08-22
110806,Returning,Mobile,United Kingdom,Low,2026-05-13
110807,Returning,Mobile,Canada,Low,2026-05-06
110808,Returning,Mobile,India,Medium,2026-06-15
110809,Returning,Mobile,India,Medium,2026-08-04
110810,Returning,Desktop,United Kingdom,Low,2026-08-29
110811,Returning,Mobile,India,High,2026-03-07
110812,Returning,Mobile,India,Medium,2026-03-27
110813,Returning,Mobile,India,Low,2026-05-10
110814,New,Desktop,India,Medium,2026-04-13
110815,Returning,Desktop,India,Low,2026-04-02
110816,Returning,Mobile,India,High,2026-04-24
110817,Returning,Mobile,India,High,2026-05-20
110818,Returning,Desktop,India,Medium,2026-06-02
110819,Returning,Mobile,India,Medium,2026-03-22
110820,New,Mobile,India,Low,2026-08-14
110821,Returning,Mobile,India,Low,2026-04-27
110822,Returning,Mobile,United States,Medium,2026-06-07
110823,Returning,Mobile,India,High,2026-08-14
110824,Returning,Desktop,India,High,2026-07-01
110825,Returning,Desktop,India,High,2026-06-09
110826,New,Mobile,India,Medium,2026-06-18
110827,Returning,Mobile,Canada,High,2026-05-13
110828,Returning,Mobile,United States,Medium,2026-04-20
110829,Returning,Mobile,India,Medium,2026-08-10
110830,New,Mobile,India,Medium,2026-04-20
110831,New,Desktop,India,Low,2026-05-13
110832,Returning,Desktop,India,High,2026-05-31
110833,Returning,Desktop,India,Low,2026-04-01
110834,Returning,Desktop,United States,Medium,2026-03-16
110835,New,Mobile,India,Low,2026-06-13
110836,Returning,Mobile,India,Medium,2026-05-11
110837,Returning,Mobile,India,Medium,2026-07-22
110838,Returning,Mobile,India,Low,2026-05-22
110839,New,Mobile,Canada,High,2026-08-29
110840,Returning,Mobile,Australia,High,2026-09-01
110841,Returning,Mobile,India,Low,2026-07-10
110842,Returning,Mobile,India,Medium,2026-06-29
110843,Returning,Mobile,India,High,2026-05-25
110844,New,Mobile,India,Low,2026-06-09
110845,New,Mobile,India,Low,2026-03-06
110846,Returning,Desktop,India,High,2026-05-16
110847,Returning,Desktop,India,Low,2026-04-11
110848,Returning,Mobile,India,Low,2026-06-02
110849,New,Desktop,Canada,Low,2026-05-12
110850,Returning,Desktop,India,High,2026-04-19
110851,New,Mobile,India,Low,2026-08-06
110852,New,Mobile,United States,Medium,2026-08-26
110853,Returning,Mobile,United Kingdom,Medium,2026-04-30
110854,Returning,Mobile,United States,Low,2026-04-04
110855,Returning,Desktop,India,Medium,2026-07-01
110856,New,Desktop,India,Medium,2026-07-20
110857,New,Mobile,India,Medium,2026-04-30
110858,Returning,Desktop,Australia,Low,2026-07-02
110859,Returning,Mobile,India,High,2026-07-27
110860,Returning,Desktop,Australia,Medium,2026-06-04
110861,Returning,Mobile,India,High,2026-03-12
110862,Returning,Mobile,India,Low,2026-07-10
110863,New,Mobile,Australia,Low,2026-06-19
110864,Returning,Mobile,India,Low,2026-04-12
110865,Returning,Desktop,India,Low,2026-04-29
110866,Returning,Desktop,United Kingdom,Low,2026-05-24
110867,Returning,Mobile,India,Medium,2026-07-21
110868,New,Mobile,Australia,Low,2026-08-12
110869,Returning,Desktop,India,Low,2026-03-24
110870,New,Mobile,India,Medium,2026-05-29
110871,New,Mobile,India,High,2026-05-27
110872,Returning,Mobile,India,Medium,2026-05-01
110873,Returning,Mobile,Canada,High,2026-05-21
110874,Returning,Mobile,India,High,2026-04-02
110875,Returning,Desktop,India,Medium,2026-04-03
110876,Returning,Mobile,United Kingdom,Low,2026-03-21
110877,Returning,Mobile,India,Low,2026-08-20
110878,Returning,Mobile,India,Medium,2026-06-01
110879,New,Desktop,India,Medium,2026-05-06
110880,New,Desktop,Australia,High,2026-08-18
110881,New,Desktop,India,Low,2026-03-06
110882,Returning,Mobile,Australia,Medium,2026-04-07
110883,Returning,Mobile,India,Medium,2026-07-12
110884,New,Desktop,India,Medium,2026-04-22
110885,Returning,Desktop,India,Medium,2026-04-30
110886,New,Mobile,India,Low,2026-04-01
110887,New,Mobile,United States,Medium,2026-05-07
110888,New,Mobile,India,Low,2026-06-09
110889,Returning,Desktop,India,High,2026-03-07
110890,Returning,Desktop,India,Medium,2026-06-01
110891,Returning,Mobile,Australia,Low,2026-04-19
110892,Returning,Mobile,India,High,2026-03-12
110893,New,Mobile,India,Low,2026-03-31
110894,Returning,Mobile,India,Low,2026-07-31
110895,New,Mobile,Australia,Low,2026-05-22
110896,New,Desktop,United Kingdom,High,2026-06-29
110897,New,Desktop,India,High,2026-03-22
110898,Returning,Mobile,India,High,2026-04-26
110899,Returning,Mobile,India,High,2026-05-30
110900,New,Mobile,India,Medium,2026-04-09
110901,Returning,Mobile,India,Low,2026-04-25
110902,New,Desktop,India,Medium,2026-08-08
110903,Returning,Mobile,India,Medium,2026-06-26
110904,Returning,Mobile,India,Low,2026-04-01
110905,Returning,Desktop,United States,Low,2026-06-09
110906,New,Desktop,Canada,High,2026-04-05
110907,Returning,Mobile,India,Low,2026-05-08
110908,New,Mobile,India,High,2026-05-07
110909,Returning,Mobile,India,Low,2026-08-30
110910,New,Mobile,India,Medium,2026-07-03
110911,Returning,Mobile,India,Medium,2026-05-31
110912,New,Desktop,India,High,2026-05-06
110913,Returning,Mobile,Canada,Low,2026-08-25
110914,New,Desktop,India,Low,2026-05-30
110915,Returning,Mobile,India,Low,2026-07-16
110916,Returning,Mobile,Australia,Medium,2026-06-02
110917,Returning,Mobile,India,Low,2026-05-25
110918,New,Desktop,Australia,Medium,2026-06-10
110919,New,Desktop,India,Medium,2026-07-20
110920,Returning,Mobile,India,Medium,2026-07-14
110921,Returning,Desktop,India,Low,2026-06-29
110922,Returning,Mobile,Canada,Medium,2026-05-02
110923,New,Mobile,United States,Medium,2026-03-14
110924,New,Mobile,India,Medium,2026-03-21
110925,Returning,Desktop,India,Low,2026-05-31
110926,Returning,Mobile,India,High,2026-05-01
110927,New,Desktop,India,Low,2026-04-20
110928,Returning,Mobile,United States,Medium,2026-06-07
110929,Returning,Desktop,India,Medium,2026-04-19
110930,Returning,Mobile,India,Medium,2026-08-02
110931,New,Desktop,India,Low,2026-04-23
110932,Returning,Mobile,India,Medium,2026-03-21
110933,Returning,Mobile,India,High,2026-03-26
110934,Returning,Desktop,India,Low,2026-05-04
110935,New,Mobile,India,Medium,2026-06-19
110936,Returning,Mobile,India,Medium,2026-05-09
110937,Returning,Mobile,India,Medium,2026-08-10
110938,Returning,Desktop,India,Medium,2026-06-24
110939,Returning,Desktop,India,Low,2026-08-07
110940,Returning,Mobile,India,Medium,2026-03-17
110941,Returning,Mobile,India,Low,2026-05-29
110942,Returning,Mobile,United Kingdom,Medium,2026-06-18
110943,Returning,Mobile,United Kingdom,Low,2026-07-05
110944,Returning,Mobile,India,High,2026-08-24
110945,Returning,Desktop,United States,Medium,2026-06-10
110946,Returning,Desktop,India,High,2026-07-17
110947,Returning,Desktop,India,Medium,2026-07-04
110948,Returning,Desktop,India,High,2026-03-21
110949,Returning,Desktop,India,Medium,2026-05-22
110950,Returning,Mobile,India,Medium,2026-03-07
110951,Returning,Desktop,India,Low,2026-08-27
110952,Returning,Mobile,India,High,2026-08-21
110953,Returning,Mobile,India,High,2026-03-20
110954,New,Mobile,Canada,Medium,2026-06-20
110955,Returning,Desktop,United Kingdom,Low,2026-07-17
110956,New,Desktop,India,High,2026-08-26
110957,Returning,Mobile,United Kingdom,Medium,2026-06-29
110958,Returning,Desktop,Canada,Low,2026-06-09
110959,Returning,Mobile,India,Low,2026-06-23
110960,Returning,Mobile,United States,Low,2026-04-30
110961,Returning,Desktop,India,Medium,2026-06-01
110962,Returning,Desktop,India,Medium,2026-08-14
110963,Returning,Mobile,India,Low,2026-05-13
110964,Returning,Mobile,India,Medium,2026-03-11
110965,Returning,Mobile,India,High,2026-06-23
110966,Returning,Mobile,India,Low,2026-07-12
110967,New,Desktop,India,High,2026-03-10
110968,New,Mobile,India,High,2026-07-06
110969,New,Desktop,India,Low,2026-07-12
110970,Returning,Mobile,India,Medium,2026-04-06
110971,Returning,Desktop,India,High,2026-03-15
110972,Returning,Mobile,United Kingdom,Medium,2026-03-20
110973,Returning,Desktop,Australia,High,2026-07-31
110974,New,Desktop,India,Low,2026-04-29
110975,New,Mobile,India,Medium,2026-04-25
110976,Returning,Desktop,India,High,2026-07-26
110977,Returning,Mobile,India,Medium,2026-03-29
110978,Returning,Mobile,India,Low,2026-07-04
110979,Returning,Mobile,United Kingdom,Low,2026-07-15
110980,Returning,Mobile,India,Medium,2026-04-02
110981,New,Mobile,India,Low,2026-08-17
110982,Returning,Desktop,India,Medium,2026-06-17
110983,Returning,Mobile,United Kingdom,Medium,2026-03-21
110984,Returning,Mobile,India,Medium,2026-06-05
110985,New,Mobile,Canada,Medium,2026-07-05
110986,Returning,Mobile,United States,Medium,2026-05-03
110987,Returning,Mobile,India,Low,2026-03-18
110988,Returning,Mobile,India,Medium,2026-04-04
110989,New,Mobile,India,Low,2026-03-17
110990,Returning,Desktop,India,Low,2026-07-31
110991,New,Desktop,India,Medium,2026-03-22
110992,Returning,Mobile,India,High,2026-05-29
110993,Returning,Mobile,India,Medium,2026-04-21
110994,New,Mobile,India,Medium,2026-04-26
110995,New,Desktop,India,Medium,2026-06-03
110996,Returning,Mobile,India,Medium,2026-08-18
110997,Returning,Mobile,India,Medium,2026-07-05
110998,Returning,Mobile,India,Medium,2026-04-14
110999,New,Desktop,India,High,2026-05-13
111000,Returning,Desktop,United States,Low,2026-05-29
111001,Returning,Desktop,United States,Low,2026-04-28
111002,Returning,Mobile,India,Low,2026-03-16
111003,New,Desktop,India,Low,2026-07-24
111004,Returning,Mobile,India,High,2026-06-13
111005,New,Mobile,India,High,2026-04-14
111006,New,Mobile,India,Medium,2026-05-09
111007,Returning,Mobile,Australia,Low,2026-03-15
111008,New,Desktop,Canada,Medium,2026-08-05
111009,Returning,Desktop,India,Low,2026-06-15
111010,Returning,Desktop,India,Medium,2026-03-14
111011,Returning,Mobile,India,Medium,2026-05-07
111012,Returning,Mobile,India,Low,2026-04-15
111013,New,Mobile,India,High,2026-08-07
111014,New,Mobile,United States,High,2026-04-02
111015,Returning,Mobile,India,Low,2026-05-08
111016,Returning,Mobile,India,Medium,2026-08-21
111017,New,Desktop,India,Low,2026-08-29
111018,Returning,Mobile,United States,Medium,2026-03-15
111019,New,Desktop,India,Medium,2026-04-23
111020,Returning,Mobile,India,Low,2026-06-27
111021,Returning,Desktop,India,High,2026-03-05
111022,Returning,Desktop,Australia,High,2026-03-31
111023,Returning,Desktop,United Kingdom,Low,2026-06-17
111024,Returning,Mobile,India,Medium,2026-08-31
111025,Returning,Mobile,India,Medium,2026-07-09
111026,Returning,Desktop,India,Medium,2026-09-01
111027,Returning,Mobile,India,Medium,2026-07-31
111028,New,Desktop,India,Medium,2026-03-24
111029,New,Mobile,India,Medium,2026-06-02
111030,Returning,Mobile,India,High,2026-06-19
111031,New,Desktop,India,Low,2026-08-02
111032,Returning,Mobile,Australia,Low,2026-03-09
111033,Returning,Mobile,India,High,2026-03-16
111034,New,Desktop,United States,Medium,2026-07-20
111035,Returning,Mobile,United States,Low,2026-07-09
111036,Returning,Desktop,India,High,2026-07-27
111037,New,Mobile,Canada,High,2026-03-21
111038,Returning,Mobile,India,Medium,2026-07-15
111039,Returning,Desktop,India,Low,2026-07-19
111040,New,Mobile,India,High,2026-08-07
111041,Returning,Mobile,India,Medium,2026-07-19
111042,Returning,Mobile,United Kingdom,Low,2026-05-06
111043,Returning,Desktop,India,Medium,2026-06-30
111044,Returning,Desktop,United Kingdom,Low,2026-08-06
111045,Returning,Desktop,India,Low,2026-03-05
111046,Returning,Mobile,United States,High,2026-03-21
111047,Returning,Desktop,India,Low,2026-05-24
111048,Returning,Desktop,India,Low,2026-05-02
111049,New,Mobile,India,Low,2026-05-19
111050,Returning,Mobile,India,Medium,2026-04-29
111051,Returning,Desktop,India,High,2026-07-16
111052,New,Desktop,United States,High,2026-05-30
111053,Returning,Mobile,India,Medium,2026-07-22
111054,New,Desktop,India,High,2026-08-16
111055,Returning,Desktop,United Kingdom,Medium,2026-04-12
111056,Returning,Mobile,United States,High,2026-07-30
111057,Returning,Mobile,India,High,2026-07-27
111058,New,Mobile,India,Low,2026-05-30
111059,New,Mobile,India,Low,2026-03-26
111060,New,Mobile,Canada,Low,2026-07-01
111061,Returning,Mobile,India,Medium,2026-05-31
111062,Returning,Mobile,India,Medium,2026-03-08
111063,Returning,Mobile,India,Low,2026-03-28
111064,Returning,Mobile,India,High,2026-07-23
111065,Returning,Desktop,India,Medium,2026-05-08
111066,Returning,Desktop,India,Low,2026-03-21
111067,Returning,Mobile,India,Low,2026-06-19
111068,Returning,Desktop,India,Medium,2026-08-15
111069,Returning,Mobile,India,High,2026-08-23
111070,Returning,Desktop,India,Medium,2026-03-25
111071,Returning,Mobile,India,High,2026-08-18
111072,Returning,Desktop,United States,Medium,2026-07-11
111073,New,Mobile,United States,Medium,2026-03-11
111074,Returning,Mobile,India,Low,2026-08-17
111075,Returning,Mobile,India,Medium,2026-04-07
111076,Returning,Desktop,India,Low,2026-08-26
111077,New,Mobile,India,Medium,2026-04-15
111078,Returning,Mobile,India,High,2026-07-18
111079,Returning,Mobile,India,Low,2026-07-03
111080,New,Mobile,India,Low,2026-05-30
111081,Returning,Mobile,India,Medium,2026-03-15
111082,Returning,Mobile,United Kingdom,High,2026-04-07
111083,New,Desktop,India,High,2026-08-28
111084,Returning,Mobile,India,Low,2026-04-05
111085,Returning,Desktop,United Kingdom,Medium,2026-08-29
111086,Returning,Mobile,India,Medium,2026-04-19
111087,Returning,Desktop,United States,Low,2026-08-11
111088,Returning,Desktop,United States,Low,2026-04-05
111089,Returning,Mobile,India,Low,2026-05-05
111090,Returning,Desktop,India,Medium,2026-08-13
111091,New,Mobile,India,High,2026-07-20
111092,Returning,Mobile,Canada,Low,2026-06-04
111093,New,Mobile,Australia,Medium,2026-04-02
111094,New,Desktop,Australia,Medium,2026-06-26
111095,New,Mobile,United States,Medium,2026-04-16
111096,Returning,Mobile,India,Low,2026-06-19
111097,New,Mobile,India,Medium,2026-05-21
111098,Returning,Mobile,India,Low,2026-08-24
111099,New,Desktop,India,Low,2026-08-02
111100,Returning,Desktop,India,Low,2026-07-03
111101,Returning,Desktop,India,High,2026-05-10
111102,Returning,Mobile,Australia,Low,2026-08-14
111103,Returning,Desktop,India,Medium,2026-04-26
111104,Returning,Mobile,Australia,High,2026-05-07
111105,Returning,Mobile,India,High,2026-08-19
111106,New,Mobile,United States,Low,2026-04-17
111107,New,Mobile,India,Medium,2026-06-28
111108,Returning,Mobile,India,Medium,2026-04-20
111109,Returning,Mobile,United States,Low,2026-07-22
111110,New,Desktop,United States,Low,2026-05-28
111111,Returning,Mobile,India,Low,2026-04-07
111112,New,Mobile,India,Medium,2026-08-29
111113,New,Mobile,India,High,2026-08-13
111114,Returning,Mobile,Australia,Low,2026-05-02
111115,Returning,Mobile,United States,Medium,2026-06-18
111116,Returning,Mobile,India,Medium,2026-06-06
111117,Returning,Mobile,India,Low,2026-08-20
111118,New,Mobile,Australia,High,2026-03-28
111119,Returning,Mobile,India,Medium,2026-04-13
111120,Returning,Mobile,India,Low,2026-06-22
111121,Returning,Mobile,India,Medium,2026-03-28
111122,New,Desktop,United Kingdom,Low,2026-04-01
111123,New,Mobile,India,Medium,2026-07-14
111124,Returning,Desktop,India,Medium,2026-08-13
111125,Returning,Mobile,India,Low,2026-03-25
111126,Returning,Mobile,India,Medium,2026-04-11
111127,Returning,Mobile,India,Medium,2026-04-24
111128,Returning,Mobile,Canada,Low,2026-05-13
111129,Returning,Mobile,India,Medium,2026-06-06
111130,Returning,Desktop,India,Medium,2026-06-04
111131,Returning,Desktop,Canada,Medium,2026-05-12
111132,New,Desktop,Australia,Medium,2026-04-15
111133,Returning,Mobile,India,Medium,2026-08-06
111134,Returning,Desktop,India,Medium,2026-05-19
111135,Returning,Desktop,India,High,2026-04-05
111136,Returning,Mobile,India,Medium,2026-06-29
111137,Returning,Mobile,India,Low,2026-03-28
111138,Returning,Desktop,India,High,2026-08-27
111139,Returning,Mobile,India,Medium,2026-05-30
111140,Returning,Mobile,India,High,2026-08-26
111141,Returning,Desktop,India,High,2026-06-29
111142,Returning,Mobile,India,Medium,2026-04-13
111143,Returning,Desktop,India,High,2026-07-19
111144,Returning,Mobile,India,High,2026-03-10
111145,Returning,Mobile,India,Low,2026-05-31
111146,Returning,Mobile,India,Low,2026-06-13
111147,New,Mobile,Canada,High,2026-04-18
111148,Returning,Desktop,India,Low,2026-05-17
111149,New,Desktop,India,Medium,2026-04-25
111150,New,Desktop,Australia,Low,2026-07-09
111151,Returning,Mobile,United Kingdom,High,2026-06-14
111152,Returning,Desktop,India,Low,2026-04-10
111153,Returning,Mobile,India,Low,2026-03-29
111154,Returning,Mobile,United Kingdom,Low,2026-06-26
111155,Returning,Desktop,India,Medium,2026-04-02
111156,Returning,Desktop,India,High,2026-04-01
111157,Returning,Desktop,India,Medium,2026-05-09
111158,Returning,Desktop,India,Medium,2026-03-25
111159,Returning,Mobile,United Kingdom,Medium,2026-04-12
111160,New,Mobile,India,Medium,2026-05-16
111161,New,Desktop,India,Low,2026-09-01
111162,Returning,Desktop,India,High,2026-04-20
111163,New,Desktop,United States,Medium,2026-07-22
111164,New,Desktop,United States,Low,2026-04-09
111165,Returning,Desktop,India,High,2026-03-12
111166,Returning,Mobile,United States,Medium,2026-04-08
111167,Returning,Mobile,India,Medium,2026-03-23
111168,Returning,Mobile,India,Low,2026-04-01
111169,New,Mobile,India,Medium,2026-08-20
111170,Returning,Mobile,India,Medium,2026-03-22
111171,Returning,Mobile,Australia,Low,2026-04-22
111172,Returning,Desktop,India,Low,2026-03-20
111173,Returning,Mobile,India,High,2026-03-25
111174,Returning,Desktop,India,Low,2026-04-11
111175,Returning,Desktop,Australia,Medium,2026-08-09
111176,Returning,Mobile,India,Low,2026-06-22
111177,Returning,Mobile,India,Medium,2026-08-18
111178,Returning,Mobile,India,Low,2026-03-30
111179,Returning,Mobile,Australia,Low,2026-08-07
111180,Returning,Desktop,India,High,2026-08-04
111181,Returning,Mobile,United States,High,2026-05-09
111182,Returning,Mobile,India,Low,2026-06-22
111183,Returning,Mobile,Canada,Low,2026-07-21
111184,Returning,Desktop,India,Medium,2026-04-10
111185,New,Mobile,United States,Low,2026-05-03
111186,New,Mobile,India,Medium,2026-03-23
111187,Returning,Mobile,India,Low,2026-03-28
111188,New,Mobile,India,Low,2026-07-27
111189,Returning,Mobile,India,Medium,2026-04-26
111190,New,Desktop,India,Low,2026-05-21
111191,Returning,Mobile,India,Medium,2026-08-25
111192,Returning,Mobile,India,Low,2026-08-02
111193,New,Mobile,India,Low,2026-04-07
111194,Returning,Desktop,India,Low,2026-06-06
111195,Returning,Desktop,India,Low,2026-03-09
111196,Returning,Mobile,India,Low,2026-08-22
111197,Returning,Mobile,India,Medium,2026-06-15
111198,Returning,Mobile,India,Low,2026-04-06
111199,Returning,Desktop,India,Low,2026-07-24
111200,Returning,Desktop,United Kingdom,Medium,2026-04-23
111201,Returning,Mobile,India,High,2026-06-28
111202,Returning,Mobile,India,Medium,2026-04-23
111203,Returning,Mobile,India,Medium,2026-08-27
111204,Returning,Mobile,India,Low,2026-08-05
111205,Returning,Mobile,United States,Low,2026-05-19
111206,Returning,Mobile,India,High,2026-04-21
111207,Returning,Mobile,India,Medium,2026-03-31
111208,New,Desktop,India,Medium,2026-06-27
111209,Returning,Desktop,United States,High,2026-07-31
111210,New,Mobile,India,Low,2026-05-20
111211,New,Mobile,India,High,2026-03-08
111212,Returning,Mobile,United States,Low,2026-07-10
111213,Returning,Desktop,India,Low,2026-04-06
111214,New,Desktop,India,Low,2026-08-17
111215,Returning,Mobile,India,Low,2026-08-16
111216,Returning,Mobile,India,Medium,2026-07-08
111217,Returning,Mobile,India,High,2026-09-01
111218,New,Mobile,India,High,2026-04-20
111219,Returning,Desktop,India,High,2026-08-12
111220,Returning,Desktop,United Kingdom,Medium,2026-03-14
111221,Returning,Desktop,India,Medium,2026-06-28
111222,Returning,Mobile,India,Medium,2026-08-31
111223,New,Desktop,India,Medium,2026-03-19
111224,Returning,Desktop,India,Medium,2026-04-29
111225,Returning,Mobile,India,Low,2026-06-13
111226,New,Desktop,India,Medium,2026-04-18
111227,Returning,Mobile,India,Low,2026-08-13
111228,Returning,Desktop,India,Low,2026-08-30
111229,Returning,Mobile,India,High,2026-06-18
111230,New,Mobile,United States,Medium,2026-04-01
111231,Returning,Mobile,United States,High,2026-04-18
111232,New,Mobile,India,Low,2026-08-16
111233,Returning,Mobile,India,Medium,2026-08-27
111234,Returning,Desktop,India,Medium,2026-03-06
111235,Returning,Desktop,India,High,2026-03-09
111236,Returning,Mobile,Canada,Medium,2026-03-22
111237,Returning,Mobile,India,Medium,2026-05-30
111238,New,Desktop,India,Medium,2026-06-05
111239,Returning,Mobile,India,Low,2026-03-25
111240,Returning,Desktop,India,High,2026-04-02
111241,Returning,Mobile,United States,High,2026-07-11
111242,New,Mobile,India,Medium,2026-04-11
111243,New,Mobile,Australia,Medium,2026-07-14
111244,Returning,Mobile,India,High,2026-08-03
111245,Returning,Desktop,India,High,2026-03-31
111246,Returning,Desktop,India,Low,2026-04-15
111247,Returning,Mobile,India,Medium,2026-08-20
111248,Returning,Mobile,India,High,2026-05-27
111249,New,Mobile,India,Medium,2026-08-26
111250,Returning,Mobile,India,Medium,2026-03-09
111251,New,Mobile,India,High,2026-07-12
111252,Returning,Desktop,India,Low,2026-04-05
111253,New,Mobile,India,Medium,2026-08-31
111254,Returning,Mobile,India,Low,2026-05-14
111255,New,Desktop,United Kingdom,High,2026-08-08
111256,New,Desktop,United States,Low,2026-05-28
111257,Returning,Mobile,India,Low,2026-06-20
111258,Returning,Mobile,India,Medium,2026-05-02
111259,Returning,Mobile,India,Medium,2026-05-26
111260,New,Mobile,India,Low,2026-05-30
111261,Returning,Mobile,Canada,High,2026-06-23
111262,New,Mobile,India,Low,2026-06-20
111263,Returning,Desktop,India,Medium,2026-06-07
111264,Returning,Mobile,India,Low,2026-05-11
111265,Returning,Desktop,India,Low,2026-07-30
111266,Returning,Mobile,India,Low,2026-04-06
111267,Returning,Mobile,India,Medium,2026-08-12
111268,Returning,Mobile,India,Medium,2026-08-06
111269,Returning,Desktop,India,Medium,2026-04-15
111270,New,Mobile,India,Low,2026-08-06
111271,New,Mobile,India,Medium,2026-08-13
111272,Returning,Mobile,India,Medium,2026-05-07
111273,New,Mobile,Australia,Low,2026-04-25
111274,Returning,Mobile,India,Low,2026-08-25
111275,Returning,Desktop,India,Medium,2026-06-29
111276,New,Mobile,Canada,High,2026-07-04
111277,New,Desktop,India,Medium,2026-08-23
111278,Returning,Desktop,India,High,2026-06-09
111279,Returning,Desktop,Canada,Low,2026-08-18
111280,Returning,Desktop,India,Low,2026-03-08
111281,Returning,Desktop,India,Low,2026-07-10
111282,Returning,Desktop,India,High,2026-03-21
111283,Returning,Desktop,India,High,2026-07-16
111284,Returning,Mobile,India,Low,2026-04-02
111285,Returning,Mobile,India,Medium,2026-05-14
111286,Returning,Mobile,India,Low,2026-03-21
111287,Returning,Desktop,Australia,Medium,2026-05-13
111288,Returning,Desktop,United Kingdom,High,2026-04-27
111289,Returning,Desktop,India,Medium,2026-03-09
111290,Returning,Desktop,India,Low,2026-03-10
111291,Returning,Desktop,United States,Medium,2026-08-09
111292,Returning,Desktop,India,Low,2026-07-18
111293,New,Mobile,India,High,2026-06-06
111294,Returning,Mobile,India,Medium,2026-07-18
111295,Returning,Desktop,India,High,2026-07-07
111296,New,Mobile,India,Medium,2026-08-01
111297,Returning,Mobile,Canada,Medium,2026-06-21
111298,Returning,Mobile,India,Medium,2026-08-09
111299,New,Desktop,India,Low,2026-03-12
111300,Returning,Desktop,India,Low,2026-03-26
111301,Returning,Mobile,India,Medium,2026-07-24
111302,New,Desktop,India,High,2026-08-04
111303,New,Mobile,India,Low,2026-06-25
111304,New,Mobile,United States,High,2026-03-13
111305,Returning,Mobile,United Kingdom,Low,2026-05-27
111306,New,Mobile,India,Medium,2026-03-19
111307,Returning,Mobile,United States,Medium,2026-05-24
111308,Returning,Mobile,India,Low,2026-04-05
111309,Returning,Mobile,India,High,2026-04-20
111310,Returning,Mobile,India,Medium,2026-03-19
111311,Returning,Mobile,United States,Medium,2026-04-20
111312,New,Mobile,India,High,2026-08-29
111313,New,Mobile,India,Medium,2026-08-21
111314,Returning,Desktop,India,Low,2026-05-28
111315,Returning,Desktop,India,Medium,2026-05-25
111316,New,Mobile,India,Low,2026-06-13
111317,Returning,Mobile,India,Low,2026-04-06
111318,Returning,Mobile,India,Medium,2026-07-21
111319,New,Mobile,India,Low,2026-05-16
111320,Returning,Mobile,United States,Low,2026-07-10
111321,Returning,Desktop,India,Low,2026-08-09
111322,New,Mobile,United Kingdom,Low,2026-04-16
111323,Returning,Desktop,India,Low,2026-04-03
111324,Returning,Desktop,United Kingdom,Low,2026-07-13
111325,New,Desktop,United Kingdom,Low,2026-03-17
111326,Returning,Mobile,India,Medium,2026-04-26
111327,New,Desktop,India,Medium,2026-07-14
111328,Returning,Mobile,United Kingdom,Low,2026-04-08
111329,Returning,Mobile,India,Low,2026-05-18
111330,Returning,Desktop,India,Low,2026-06-06
111331,New,Desktop,India,Low,2026-06-29
111332,Returning,Mobile,United States,Low,2026-07-21
111333,Returning,Desktop,United States,Medium,2026-04-13
111334,Returning,Mobile,India,Medium,2026-05-20
111335,Returning,Desktop,India,Low,2026-04-08
111336,New,Mobile,United Kingdom,Low,2026-05-08
111337,New,Mobile,India,High,2026-04-14
111338,Returning,Mobile,India,Low,2026-05-31
111339,Returning,Desktop,Canada,Low,2026-06-20
111340,Returning,Mobile,India,Medium,2026-05-24
111341,Returning,Mobile,India,Medium,2026-05-22
111342,New,Mobile,India,High,2026-06-20
111343,New,Mobile,India,High,2026-07-01
111344,Returning,Mobile,United States,Medium,2026-08-21
111345,Returning,Mobile,India,Low,2026-08-25
111346,Returning,Mobile,India,Medium,2026-08-10
111347,Returning,Mobile,United Kingdom,Medium,2026-07-20
111348,Returning,Mobile,India,High,2026-05-13
111349,Returning,Desktop,United Kingdom,Medium,2026-08-29
111350,Returning,Mobile,India,Low,2026-03-26
111351,Returning,Mobile,United States,High,2026-08-05
111352,New,Mobile,India,Medium,2026-05-21
111353,Returning,Mobile,India,Low,2026-07-11
111354,Returning,Mobile,India,Low,2026-03-21
111355,New,Mobile,India,Low,2026-03-28
111356,Returning,Mobile,United States,Low,2026-03-28
111357,Returning,Desktop,India,Low,2026-05-28
111358,Returning,Desktop,India,High,2026-05-02
111359,Returning,Mobile,India,Low,2026-05-15
111360,Returning,Mobile,India,Low,2026-08-09
111361,Returning,Desktop,United States,Medium,2026-06-20
111362,Returning,Mobile,India,Low,2026-08-03
111363,Returning,Desktop,India,Low,2026-03-11
111364,Returning,Mobile,India,High,2026-06-13
111365,Returning,Mobile,United States,Low,2026-06-06
111366,Returning,Mobile,United Kingdom,Low,2026-08-25
111367,Returning,Mobile,Australia,Medium,2026-08-28
111368,Returning,Mobile,India,Low,2026-04-05
111369,Returning,Mobile,India,High,2026-03-17
111370,New,Mobile,India,High,2026-08-03
111371,Returning,Mobile,Australia,Medium,2026-04-23
111372,Returning,Desktop,United States,Medium,2026-05-14
111373,Returning,Desktop,India,Low,2026-06-29
111374,New,Mobile,Australia,Medium,2026-08-18
111375,Returning,Mobile,India,Medium,2026-03-05
111376,Returning,Desktop,India,Medium,2026-07-24
111377,Returning,Mobile,India,Medium,2026-04-19
111378,New,Mobile,United States,Medium,2026-04-09
111379,Returning,Mobile,India,Medium,2026-06-20
111380,Returning,Mobile,India,Medium,2026-05-29
111381,Returning,Mobile,Canada,Medium,2026-05-01
111382,Returning,Mobile,India,Medium,2026-03-09
111383,New,Mobile,India,High,2026-07-15
111384,New,Desktop,India,Medium,2026-07-11
111385,New,Mobile,United Kingdom,Low,2026-06-11
111386,New,Desktop,United States,Medium,2026-08-10
111387,New,Mobile,India,Medium,2026-03-18
111388,Returning,Desktop,India,Medium,2026-03-22
111389,Returning,Desktop,India,Medium,2026-04-20
111390,Returning,Mobile,India,Medium,2026-04-27
111391,New,Mobile,India,Low,2026-03-24
111392,Returning,Desktop,Canada,Low,2026-05-01
111393,Returning,Desktop,India,Low,2026-03-06
111394,Returning,Desktop,India,Medium,2026-06-07
111395,Returning,Desktop,Australia,Medium,2026-04-27
111396,New,Desktop,India,Medium,2026-05-01
111397,New,Mobile,India,Low,2026-07-16
111398,Returning,Mobile,United Kingdom,Medium,2026-06-28
111399,New,Mobile,India,Low,2026-03-10
111400,Returning,Mobile,Canada,Medium,2026-07-10
111401,Returning,Mobile,India,Medium,2026-05-25
111402,Returning,Mobile,India,High,2026-08-23
111403,Returning,Desktop,United Kingdom,Medium,2026-05-06
111404,New,Mobile,India,Medium,2026-07-24
111405,Returning,Desktop,India,Medium,2026-05-01
111406,New,Mobile,India,Medium,2026-03-25
111407,Returning,Mobile,India,Low,2026-08-14
111408,Returning,Mobile,United Kingdom,High,2026-03-29
111409,Returning,Desktop,India,High,2026-06-13
111410,New,Mobile,India,Medium,2026-08-19
111411,New,Desktop,United States,Low,2026-07-03
111412,New,Desktop,India,Low,2026-05-31
111413,Returning,Mobile,United Kingdom,Medium,2026-08-17
111414,Returning,Mobile,India,Medium,2026-04-18
111415,Returning,Mobile,United States,Low,2026-04-05
111416,Returning,Desktop,Canada,Medium,2026-05-08
111417,New,Mobile,Canada,High,2026-07-28
111418,Returning,Mobile,India,Low,2026-06-08
111419,Returning,Mobile,India,Medium,2026-07-16
111420,Returning,Mobile,India,Low,2026-03-16
111421,Returning,Mobile,India,High,2026-07-02
111422,Returning,Desktop,Canada,High,2026-05-09
111423,Returning,Mobile,United States,Medium,2026-07-13
111424,New,Desktop,Australia,Medium,2026-05-16
111425,Returning,Desktop,India,Medium,2026-08-06
111426,Returning,Mobile,India,Medium,2026-07-02
111427,New,Mobile,India,High,2026-04-07
111428,Returning,Mobile,India,Low,2026-06-09
111429,Returning,Mobile,India,Medium,2026-07-15
111430,Returning,Mobile,India,Low,2026-04-27
111431,New,Mobile,India,Low,2026-07-07
111432,Returning,Mobile,United Kingdom,Medium,2026-05-03
111433,Returning,Desktop,India,Medium,2026-07-11
111434,Returning,Desktop,India,Medium,2026-03-27
111435,Returning,Mobile,India,Low,2026-07-27
111436,Returning,Mobile,India,Low,2026-07-08
111437,Returning,Desktop,India,High,2026-08-25
111438,New,Mobile,India,High,2026-03-14
111439,Returning,Mobile,United States,Medium,2026-07-10
111440,Returning,Mobile,India,High,2026-03-18
111441,Returning,Desktop,Canada,Low,2026-08-29
111442,New,Mobile,India,Low,2026-08-02
111443,Returning,Mobile,United States,High,2026-04-20
111444,New,Mobile,India,Low,2026-06-10
111445,New,Mobile,India,Medium,2026-06-08
111446,Returning,Desktop,India,Low,2026-07-12
111447,Returning,Mobile,United States,Low,2026-08-03
111448,Returning,Desktop,India,Low,2026-07-18
111449,Returning,Mobile,Canada,Medium,2026-08-24
111450,Returning,Mobile,India,Medium,2026-03-28
111451,Returning,Mobile,India,High,2026-06-28
111452,Returning,Mobile,Canada,High,2026-05-22
111453,Returning,Desktop,Canada,Medium,2026-05-19
111454,Returning,Desktop,India,Medium,2026-06-02
111455,New,Mobile,India,Medium,2026-06-11
111456,New,Desktop,United Kingdom,Medium,2026-04-16
111457,New,Desktop,India,Low,2026-08-14
111458,Returning,Mobile,India,Low,2026-08-04
111459,Returning,Desktop,India,High,2026-05-08
111460,Returning,Desktop,India,High,2026-07-14
111461,Returning,Desktop,United States,Medium,2026-05-10
111462,Returning,Mobile,India,Medium,2026-07-15
111463,Returning,Mobile,Australia,Low,2026-08-28
111464,Returning,Mobile,Australia,Medium,2026-05-05
111465,Returning,Mobile,India,Medium,2026-04-15
111466,New,Mobile,India,Medium,2026-03-11
111467,New,Mobile,India,High,2026-06-08
111468,New,Mobile,India,High,2026-03-29
111469,Returning,Desktop,India,Medium,2026-03-18
111470,Returning,Mobile,India,Medium,2026-06-28
111471,Returning,Mobile,Australia,Medium,2026-06-18
111472,New,Mobile,India,Low,2026-09-01
111473,Returning,Mobile,India,High,2026-03-16
111474,Returning,Mobile,United Kingdom,Medium,2026-05-20
111475,Returning,Mobile,United States,Medium,2026-05-12
111476,New,Desktop,India,Medium,2026-08-15
111477,Returning,Mobile,India,Low,2026-08-12
111478,Returning,Mobile,Australia,Low,2026-07-23
111479,Returning,Mobile,India,Medium,2026-06-15
111480,New,Mobile,United States,Medium,2026-05-05
111481,Returning,Mobile,India,High,2026-03-31
111482,Returning,Desktop,India,Low,2026-07-20
111483,Returning,Mobile,United Kingdom,Medium,2026-06-14
111484,Returning,Mobile,United Kingdom,Medium,2026-07-31
111485,New,Mobile,India,Low,2026-06-11
111486,Returning,Desktop,India,Medium,2026-06-05
111487,New,Mobile,India,Medium,2026-09-01
111488,Returning,Mobile,India,Low,2026-03-23
111489,Returning,Mobile,United Kingdom,Low,2026-07-27
111490,Returning,Desktop,India,Low,2026-08-24
111491,New,Mobile,United States,Medium,2026-08-14
111492,Returning,Mobile,India,High,2026-07-06
111493,New,Desktop,United Kingdom,Low,2026-03-07
111494,Returning,Mobile,India,Medium,2026-08-30
111495,Returning,Mobile,India,Medium,2026-03-07
111496,New,Mobile,India,High,2026-03-27
111497,Returning,Desktop,India,Medium,2026-08-29
111498,Returning,Mobile,United Kingdom,Medium,2026-03-13
111499,Returning,Desktop,United States,High,2026-05-03
111500,Returning,Desktop,India,Medium,2026-06-19
111501,Returning,Desktop,India,High,2026-07-27
111502,Returning,Mobile,India,Low,2026-03-09
111503,Returning,Desktop,Australia,Low,2026-08-14
111504,New,Mobile,Canada,Medium,2026-03-09
111505,Returning,Desktop,India,Medium,2026-08-17
111506,Returning,Mobile,Australia,Low,2026-03-10
111507,Returning,Mobile,India,Low,2026-08-26
111508,New,Desktop,India,Medium,2026-05-08
111509,Returning,Mobile,India,Low,2026-03-05
111510,New,Mobile,India,Low,2026-08-28
111511,Returning,Desktop,United States,Low,2026-03-24
111512,New,Desktop,India,Medium,2026-03-31
111513,Returning,Mobile,India,Medium,2026-04-28
111514,Returning,Mobile,India,Low,2026-05-07
111515,Returning,Mobile,United Kingdom,Medium,2026-07-21
111516,Returning,Desktop,India,Low,2026-08-30
111517,New,Desktop,Canada,Low,2026-05-06
111518,Returning,Mobile,Australia,High,2026-06-04
111519,Returning,Mobile,India,Low,2026-07-26
111520,Returning,Mobile,India,Medium,2026-06-14
111521,Returning,Desktop,India,Low,2026-08-07
111522,Returning,Desktop,India,Medium,2026-03-22
111523,New,Mobile,India,Low,2026-06-16
111524,Returning,Mobile,India,High,2026-06-15
111525,Returning,Mobile,India,Low,2026-08-09
111526,Returning,Mobile,India,Medium,2026-04-14
111527,New,Mobile,Canada,Medium,2026-08-30
111528,Returning,Mobile,India,Medium,2026-03-05
111529,Returning,Mobile,Australia,High,2026-08-30
111530,Returning,Mobile,India,High,2026-08-25
111531,New,Mobile,United States,High,2026-04-01
111532,Returning,Mobile,United States,Medium,2026-05-11
111533,Returning,Mobile,India,Medium,2026-04-11
111534,New,Mobile,India,Medium,2026-03-14
111535,Returning,Mobile,India,High,2026-04-18
111536,Returning,Desktop,Canada,Low,2026-06-17
111537,New,Mobile,India,Medium,2026-07-29
111538,Returning,Mobile,India,High,2026-03-29
111539,New,Mobile,Australia,Low,2026-05-11
111540,Returning,Mobile,India,Low,2026-04-05
111541,Returning,Mobile,United Kingdom,Medium,2026-05-25
111542,New,Mobile,India,Low,2026-05-22
111543,Returning,Mobile,India,Low,2026-04-22
111544,New,Desktop,Canada,Medium,2026-05-06
111545,New,Desktop,India,Low,2026-07-08
111546,Returning,Desktop,India,Low,2026-03-12
111547,New,Mobile,India,Low,2026-06-28
111548,New,Desktop,Canada,Medium,2026-03-27
111549,Returning,Mobile,India,Medium,2026-03-11
111550,Returning,Mobile,United States,Low,2026-06-27
111551,Returning,Desktop,India,High,2026-08-04
111552,Returning,Desktop,India,Medium,2026-07-06
111553,Returning,Mobile,India,Medium,2026-04-28
111554,New,Mobile,India,Low,2026-07-22
111555,Returning,Desktop,India,Low,2026-05-11
111556,New,Mobile,India,High,2026-08-10
111557,New,Desktop,India,Medium,2026-06-01
111558,Returning,Desktop,India,High,2026-07-30
111559,Returning,Desktop,India,Low,2026-07-19
111560,Returning,Mobile,United States,Medium,2026-05-15
111561,Returning,Desktop,Canada,Medium,2026-07-11
111562,Returning,Mobile,India,Medium,2026-08-31
111563,Returning,Mobile,India,Low,2026-04-11
111564,Returning,Mobile,India,Medium,2026-06-01
111565,New,Mobile,United Kingdom,Low,2026-08-18
111566,Returning,Mobile,United Kingdom,Medium,2026-06-13
111567,Returning,Mobile,India,Medium,2026-04-03
111568,Returning,Mobile,India,Low,2026-06-14
111569,Returning,Mobile,India,High,2026-07-21
111570,Returning,Mobile,United Kingdom,High,2026-07-25
111571,Returning,Desktop,India,Medium,2026-07-29
111572,Returning,Desktop,India,Low,2026-04-11
111573,Returning,Mobile,India,Low,2026-07-14
111574,Returning,Desktop,India,High,2026-08-13
111575,Returning,Mobile,India,Low,2026-05-13
111576,New,Desktop,India,Low,2026-03-13
111577,Returning,Mobile,United States,Low,2026-07-03
111578,Returning,Mobile,India,Medium,2026-08-19
111579,New,Desktop,India,Medium,2026-04-23
111580,Returning,Mobile,India,Low,2026-05-26
111581,Returning,Mobile,India,Medium,2026-04-08
111582,Returning,Mobile,India,Low,2026-03-09
111583,Returning,Desktop,India,Medium,2026-04-29
111584,Returning,Desktop,India,Low,2026-07-13
111585,Returning,Desktop,India,Low,2026-03-08
111586,Returning,Desktop,India,Medium,2026-05-27
111587,Returning,Mobile,India,Medium,2026-06-21
111588,Returning,Desktop,Canada,Medium,2026-03-19
111589,Returning,Desktop,India,Low,2026-05-14
111590,New,Desktop,India,High,2026-03-08
111591,Returning,Desktop,India,Medium,2026-03-18
111592,Returning,Desktop,India,Medium,2026-04-03
111593,Returning,Mobile,United Kingdom,Low,2026-07-13
111594,New,Mobile,India,High,2026-08-28
111595,New,Mobile,India,High,2026-08-10
111596,Returning,Mobile,India,Medium,2026-08-03
111597,Returning,Desktop,India,Medium,2026-03-25
111598,Returning,Desktop,India,Low,2026-03-28
111599,Returning,Desktop,India,Medium,2026-08-07
111600,New,Desktop,India,Low,2026-08-25
111601,Returning,Desktop,India,Low,2026-07-27
111602,Returning,Mobile,India,Medium,2026-07-27
111603,Returning,Desktop,United Kingdom,Medium,2026-06-23
111604,Returning,Mobile,India,High,2026-05-17
111605,New,Desktop,Canada,Medium,2026-03-18
111606,New,Desktop,India,High,2026-04-01
111607,New,Mobile,India,Low,2026-05-31
111608,New,Mobile,Canada,Low,2026-06-29
111609,Returning,Desktop,India,Low,2026-05-13
111610,New,Mobile,India,Medium,2026-03-26
111611,Returning,Mobile,India,Low,2026-06-12
111612,Returning,Mobile,United Kingdom,Low,2026-07-05
111613,Returning,Mobile,United Kingdom,Medium,2026-07-05
111614,New,Desktop,India,Low,2026-03-25
111615,Returning,Mobile,India,Medium,2026-04-29
111616,Returning,Mobile,United States,High,2026-05-07
111617,New,Mobile,Australia,Low,2026-08-25
111618,Returning,Desktop,Australia,Medium,2026-08-12
111619,New,Mobile,India,Medium,2026-04-23
111620,Returning,Mobile,Canada,Low,2026-05-27
111621,Returning,Mobile,India,Low,2026-07-22
111622,New,Mobile,India,Low,2026-04-01
111623,Returning,Mobile,India,Low,2026-04-23
111624,Returning,Mobile,India,Medium,2026-05-29
111625,Returning,Mobile,Canada,Medium,2026-05-11
111626,Returning,Mobile,India,Low,2026-08-23
111627,New,Mobile,India,Low,2026-03-26
111628,Returning,Mobile,United Kingdom,High,2026-07-25
111629,New,Mobile,India,High,2026-08-20
111630,New,Mobile,India,Medium,2026-08-11
111631,New,Mobile,India,Low,2026-06-09
111632,Returning,Mobile,India,Low,2026-03-26
111633,New,Desktop,United Kingdom,Medium,2026-07-12
111634,Returning,Mobile,India,Low,2026-06-27
111635,Returning,Desktop,India,Low,2026-06-10
111636,Returning,Desktop,India,Medium,2026-06-12
111637,Returning,Desktop,India,Medium,2026-06-18
111638,Returning,Desktop,India,Medium,2026-06-21
111639,Returning,Mobile,India,Medium,2026-07-12
111640,New,Mobile,United Kingdom,Low,2026-05-25
111641,New,Mobile,Canada,High,2026-03-11
111642,Returning,Mobile,India,Medium,2026-04-26
111643,Returning,Mobile,India,Low,2026-07-10
111644,New,Mobile,United Kingdom,Medium,2026-04-01
111645,Returning,Mobile,United Kingdom,High,2026-04-25
111646,Returning,Desktop,India,Medium,2026-07-15
111647,New,Mobile,United States,High,2026-08-20
111648,Returning,Desktop,India,Low,2026-05-05
111649,Returning,Desktop,India,Medium,2026-06-16
111650,Returning,Mobile,India,Low,2026-06-10
111651,Returning,Mobile,United Kingdom,High,2026-08-24
111652,New,Desktop,Australia,Low,2026-08-19
111653,Returning,Desktop,India,Low,2026-06-01
111654,Returning,Mobile,India,Low,2026-03-11
111655,New,Mobile,India,Medium,2026-07-12
111656,Returning,Mobile,India,Low,2026-05-16
111657,New,Mobile,Canada,Low,2026-06-15
111658,Returning,Mobile,India,Low,2026-03-07
111659,New,Mobile,India,Medium,2026-07-03
111660,New,Desktop,India,Medium,2026-05-13
111661,Returning,Desktop,India,Medium,2026-04-13
111662,Returning,Mobile,India,Low,2026-04-04
111663,New,Mobile,India,Low,2026-07-22
111664,Returning,Desktop,United Kingdom,Low,2026-03-17
111665,Returning,Mobile,India,Low,2026-08-29
111666,Returning,Mobile,India,Low,2026-07-31
111667,Returning,Mobile,Australia,High,2026-06-26
111668,Returning,Mobile,India,Medium,2026-04-29
111669,New,Mobile,India,Low,2026-07-26
111670,Returning,Mobile,India,Medium,2026-05-14
111671,New,Desktop,India,Medium,2026-08-03
111672,New,Mobile,India,Low,2026-05-09
111673,Returning,Mobile,India,Low,2026-08-14
111674,Returning,Desktop,India,Medium,2026-05-12
111675,Returning,Desktop,India,High,2026-03-24
111676,New,Mobile,India,High,2026-05-30
111677,Returning,Desktop,United States,Low,2026-07-27
111678,New,Mobile,India,Medium,2026-06-10
111679,New,Mobile,India,Medium,2026-06-22
111680,Returning,Mobile,India,Medium,2026-07-15
111681,Returning,Mobile,Australia,Medium,2026-07-07
111682,Returning,Desktop,India,Low,2026-04-15
111683,Returning,Desktop,India,Medium,2026-07-27
111684,Returning,Mobile,India,Medium,2026-03-18
111685,Returning,Desktop,India,Low,2026-06-09
111686,Returning,Mobile,United States,High,2026-05-02
111687,Returning,Mobile,India,Medium,2026-07-17
111688,Returning,Mobile,India,High,2026-03-18
111689,New,Mobile,India,Low,2026-06-14
111690,New,Mobile,Australia,Low,2026-05-09
111691,Returning,Mobile,India,Medium,2026-08-28
111692,New,Mobile,India,Medium,2026-05-15
111693,Returning,Mobile,India,High,2026-04-04
111694,New,Desktop,India,Low,2026-03-09
111695,Returning,Desktop,India,High,2026-08-08
111696,Returning,Desktop,India,High,2026-05-26
111697,Returning,Mobile,India,Low,2026-04-10
111698,New,Desktop,United Kingdom,Medium,2026-03-07
111699,Returning,Mobile,India,Medium,2026-05-14
111700,Returning,Mobile,India,Medium,2026-05-24
111701,New,Mobile,India,High,2026-05-30
111702,Returning,Mobile,India,Medium,2026-06-10
111703,New,Desktop,United Kingdom,Medium,2026-04-09
111704,Returning,Mobile,India,Medium,2026-07-31
111705,Returning,Mobile,India,Medium,2026-05-01
111706,Returning,Mobile,India,Low,2026-06-26
111707,Returning,Mobile,India,Medium,2026-06-28
111708,Returning,Mobile,India,Medium,2026-03-20
111709,Returning,Mobile,India,Low,2026-03-24
111710,Returning,Mobile,United States,Low,2026-05-03
111711,Returning,Desktop,India,Medium,2026-03-31
111712,New,Mobile,India,Medium,2026-07-27
111713,Returning,Mobile,India,Medium,2026-04-05
111714,Returning,Mobile,Canada,High,2026-05-12
111715,Returning,Desktop,India,High,2026-05-27
111716,Returning,Mobile,India,High,2026-08-14
111717,Returning,Desktop,Canada,High,2026-03-16
111718,New,Mobile,United States,Low,2026-07-22
111719,Returning,Desktop,India,Low,2026-05-01
111720,Returning,Mobile,India,Medium,2026-05-03
111721,Returning,Mobile,United Kingdom,Medium,2026-03-07
111722,Returning,Mobile,United Kingdom,High,2026-03-21
111723,New,Desktop,India,Low,2026-07-07
111724,Returning,Mobile,India,Medium,2026-03-14
111725,New,Desktop,India,Medium,2026-05-08
111726,New,Desktop,India,Medium,2026-03-25
111727,New,Mobile,Australia,Low,2026-08-07
111728,New,Mobile,India,Medium,2026-06-26
111729,Returning,Desktop,India,Medium,2026-07-07
111730,Returning,Mobile,India,Medium,2026-06-29
111731,New,Mobile,United States,Low,2026-06-19
111732,Returning,Desktop,Australia,Medium,2026-05-08
111733,Returning,Desktop,India,Medium,2026-05-05
111734,New,Mobile,Canada,Low,2026-08-07
111735,Returning,Mobile,India,Low,2026-08-27
111736,New,Mobile,United States,High,2026-03-25
111737,Returning,Mobile,India,Low,2026-06-04
111738,New,Desktop,India,High,2026-06-25
111739,New,Desktop,Australia,Low,2026-03-11
111740,Returning,Mobile,India,Medium,2026-04-06
111741,New,Mobile,Australia,Medium,2026-03-26
111742,Returning,Desktop,India,High,2026-06-20
111743,New,Mobile,Australia,Medium,2026-05-06
111744,Returning,Desktop,India,Low,2026-07-29
111745,Returning,Mobile,India,Medium,2026-06-05
111746,Returning,Desktop,Canada,Low,2026-04-29
111747,New,Mobile,India,Medium,2026-04-03
111748,New,Desktop,India,Medium,2026-07-28
111749,New,Mobile,India,Low,2026-04-18
111750,Returning,Mobile,India,Low,2026-08-10
111751,New,Mobile,India,Low,2026-06-21
111752,Returning,Desktop,India,Medium,2026-04-16
111753,New,Desktop,India,Medium,2026-07-15
111754,New,Mobile,India,Low,2026-07-14
111755,Returning,Mobile,India,Medium,2026-04-17
111756,Returning,Desktop,India,Medium,2026-05-14
111757,Returning,Mobile,India,Low,2026-04-14
111758,Returning,Mobile,India,Low,2026-05-10
111759,Returning,Mobile,India,Low,2026-06-03
111760,New,Mobile,India,Medium,2026-05-12
111761,Returning,Desktop,India,Low,2026-06-22
111762,Returning,Mobile,India,Low,2026-06-29
111763,New,Desktop,India,High,2026-04-20
111764,Returning,Mobile,India,High,2026-03-25
111765,Returning,Mobile,India,Medium,2026-05-08
111766,Returning,Desktop,India,Medium,2026-06-15
111767,Returning,Mobile,United States,Low,2026-08-18
111768,Returning,Mobile,India,High,2026-07-29
111769,New,Mobile,India,Low,2026-06-15
111770,Returning,Desktop,India,Medium,2026-08-15
111771,New,Mobile,India,Low,2026-03-16
111772,New,Mobile,United States,Medium,2026-06-22
111773,Returning,Desktop,India,Low,2026-06-21
111774,Returning,Mobile,United States,Medium,2026-03-14
111775,Returning,Mobile,India,Medium,2026-08-24
111776,Returning,Mobile,United Kingdom,Low,2026-07-15
111777,Returning,Mobile,United States,Medium,2026-06-12
111778,Returning,Desktop,India,Medium,2026-03-09
111779,New,Mobile,India,High,2026-08-22
111780,Returning,Desktop,India,Low,2026-04-24
111781,New,Mobile,India,Medium,2026-06-19
111782,Returning,Mobile,India,Medium,2026-03-09
111783,Returning,Mobile,India,Low,2026-03-20
111784,Returning,Mobile,India,Medium,2026-07-11
111785,Returning,Desktop,India,Low,2026-05-29
111786,Returning,Mobile,India,High,2026-05-30
111787,Returning,Mobile,United States,Medium,2026-05-12
111788,New,Mobile,Australia,High,2026-07-13
111789,New,Mobile,India,Low,2026-06-09
111790,Returning,Mobile,United States,Medium,2026-03-08
111791,New,Mobile,United Kingdom,Low,2026-04-22
111792,Returning,Mobile,India,Medium,2026-05-04
111793,New,Mobile,United States,Medium,2026-04-17
111794,Returning,Mobile,India,Medium,2026-05-06
111795,Returning,Desktop,United States,Medium,2026-03-07
111796,Returning,Desktop,United States,Low,2026-03-16
111797,New,Mobile,United States,Low,2026-08-09
111798,Returning,Desktop,India,Low,2026-06-25
111799,Returning,Mobile,India,High,2026-08-25
111800,Returning,Mobile,India,High,2026-06-05
111801,Returning,Mobile,United Kingdom,Low,2026-03-12
111802,Returning,Mobile,India,Low,2026-07-20
111803,Returning,Mobile,United Kingdom,Medium,2026-05-07
111804,New,Mobile,India,Medium,2026-07-16
111805,New,Mobile,India,Medium,2026-04-03
111806,New,Mobile,United Kingdom,Low,2026-05-10
111807,Returning,Desktop,India,Medium,2026-06-12
111808,Returning,Mobile,India,Low,2026-07-17
111809,Returning,Desktop,United Kingdom,Low,2026-06-05
111810,Returning,Desktop,India,Low,2026-07-01
111811,New,Mobile,India,Low,2026-04-16
111812,Returning,Mobile,India,Medium,2026-07-02
111813,Returning,Mobile,India,Low,2026-04-25
111814,New,Desktop,India,Low,2026-07-02
111815,New,Mobile,Australia,Medium,2026-08-23
111816,Returning,Desktop,United Kingdom,Medium,2026-03-18
111817,Returning,Desktop,Canada,Medium,2026-07-26
111818,Returning,Mobile,Canada,High,2026-05-15
111819,Returning,Desktop,India,High,2026-04-30
111820,New,Desktop,India,Low,2026-07-03
111821,Returning,Mobile,United States,High,2026-05-01
111822,Returning,Mobile,Australia,High,2026-04-05
111823,Returning,Mobile,India,Medium,2026-04-23
111824,Returning,Mobile,United States,Medium,2026-08-19
111825,Returning,Desktop,India,Low,2026-08-27
111826,Returning,Mobile,India,Low,2026-04-01
111827,New,Desktop,India,Low,2026-06-09
111828,Returning,Desktop,India,Low,2026-05-13
111829,Returning,Desktop,India,Medium,2026-07-20
111830,Returning,Desktop,India,Medium,2026-06-09
111831,Returning,Mobile,India,Medium,2026-06-06
111832,New,Mobile,India,Low,2026-07-24
111833,Returning,Desktop,Australia,Medium,2026-07-27
111834,Returning,Mobile,India,Low,2026-07-06
111835,New,Mobile,India,Medium,2026-05-28
111836,New,Mobile,India,Low,2026-03-06
111837,Returning,Mobile,India,Medium,2026-04-01
111838,New,Mobile,India,Low,2026-04-24
111839,Returning,Mobile,India,Low,2026-06-06
111840,New,Mobile,India,High,2026-05-07
111841,Returning,Desktop,India,Medium,2026-07-13
111842,Returning,Desktop,United States,Medium,2026-07-15
111843,Returning,Mobile,Canada,Low,2026-04-24
111844,Returning,Mobile,India,Medium,2026-05-27
111845,Returning,Mobile,India,Medium,2026-06-28
111846,Returning,Desktop,India,Low,2026-05-23
111847,Returning,Desktop,United Kingdom,High,2026-06-07
111848,New,Mobile,India,Low,2026-05-29
111849,Returning,Mobile,India,Low,2026-08-14
111850,New,Desktop,India,Low,2026-06-12
111851,Returning,Mobile,India,Low,2026-07-05
111852,New,Mobile,India,Medium,2026-07-29
111853,Returning,Desktop,India,Medium,2026-03-14
111854,Returning,Mobile,United Kingdom,Low,2026-08-24
111855,Returning,Mobile,Australia,Medium,2026-04-25
111856,New,Mobile,United States,Low,2026-04-12
111857,Returning,Mobile,Australia,Medium,2026-06-14
111858,New,Mobile,India,Medium,2026-06-05
111859,Returning,Mobile,India,Low,2026-05-16
111860,Returning,Desktop,India,Medium,2026-08-14
111861,Returning,Desktop,India,Low,2026-05-11
111862,Returning,Desktop,United Kingdom,High,2026-06-15
111863,Returning,Mobile,Canada,Low,2026-03-30
111864,Returning,Mobile,United Kingdom,Low,2026-08-12
111865,Returning,Mobile,India,Low,2026-06-12
111866,Returning,Mobile,India,Medium,2026-08-27
111867,Returning,Mobile,Canada,Low,2026-05-16
111868,Returning,Mobile,Canada,Medium,2026-08-02
111869,Returning,Mobile,India,High,2026-03-15
111870,Returning,Mobile,India,Low,2026-05-20
111871,Returning,Mobile,India,High,2026-04-26
111872,New,Desktop,India,Low,2026-04-02
111873,New,Desktop,India,Low,2026-03-29
111874,Returning,Desktop,India,Medium,2026-05-30
111875,New,Mobile,India,High,2026-08-10
111876,Returning,Mobile,United Kingdom,Medium,2026-06-20
111877,Returning,Mobile,India,Medium,2026-06-24
111878,Returning,Desktop,India,Medium,2026-03-26
111879,New,Desktop,India,Medium,2026-07-16
111880,New,Desktop,India,Medium,2026-05-26
111881,Returning,Mobile,India,Medium,2026-08-09
111882,New,Desktop,United Kingdom,Medium,2026-04-11
111883,Returning,Desktop,India,Low,2026-08-22
111884,Returning,Mobile,India,Medium,2026-03-28
111885,Returning,Desktop,India,Low,2026-03-22
111886,New,Mobile,India,Low,2026-07-08
111887,Returning,Mobile,India,High,2026-06-25
111888,Returning,Mobile,India,Medium,2026-07-16
111889,Returning,Mobile,India,Medium,2026-03-27
111890,New,Desktop,India,High,2026-04-20
111891,Returning,Desktop,India,Medium,2026-04-16
111892,New,Mobile,Australia,Medium,2026-05-07
111893,Returning,Desktop,India,Medium,2026-06-18
111894,Returning,Mobile,India,Low,2026-05-03
111895,Returning,Mobile,India,High,2026-05-20
111896,Returning,Desktop,India,Low,2026-06-15
111897,Returning,Mobile,United Kingdom,High,2026-05-03
111898,Returning,Desktop,India,Medium,2026-05-29
111899,New,Desktop,India,Medium,2026-08-30
111900,Returning,Mobile,United States,High,2026-08-27
111901,New,Mobile,India,Low,2026-06-17
111902,Returning,Desktop,India,Low,2026-07-17
111903,Returning,Mobile,India,Low,2026-03-15
111904,Returning,Desktop,Australia,Medium,2026-04-30
111905,Returning,Desktop,India,Low,2026-03-31
111906,Returning,Desktop,India,Low,2026-08-31
111907,New,Mobile,India,Medium,2026-08-13
111908,Returning,Desktop,United Kingdom,High,2026-04-17
111909,Returning,Desktop,India,High,2026-07-02
111910,Returning,Mobile,India,Low,2026-04-17
111911,Returning,Desktop,India,High,2026-06-24
111912,New,Mobile,India,Medium,2026-06-09
111913,Returning,Desktop,Canada,Low,2026-04-19
111914,Returning,Desktop,India,Medium,2026-03-30
111915,Returning,Desktop,India,Medium,2026-08-22
111916,New,Desktop,India,Medium,2026-04-30
111917,Returning,Desktop,India,Low,2026-04-20
111918,Returning,Mobile,India,Medium,2026-05-12
111919,New,Desktop,United Kingdom,Medium,2026-08-28
111920,Returning,Desktop,India,Medium,2026-03-09
111921,New,Desktop,India,Low,2026-08-08
111922,Returning,Desktop,India,Low,2026-08-05
111923,New,Mobile,India,Low,2026-07-29
111924,Returning,Desktop,India,Medium,2026-03-29
111925,New,Mobile,India,Low,2026-05-10
111926,Returning,Desktop,India,Low,2026-03-29
111927,New,Desktop,United Kingdom,High,2026-08-17
111928,Returning,Mobile,United States,Medium,2026-05-11
111929,New,Desktop,India,Medium,2026-08-30
111930,Returning,Desktop,India,Medium,2026-08-21
111931,Returning,Mobile,India,Low,2026-03-28
111932,Returning,Mobile,India,High,2026-06-26
111933,Returning,Mobile,India,Low,2026-07-25
111934,Returning,Mobile,India,Medium,2026-04-13
111935,Returning,Mobile,India,Medium,2026-04-04
111936,Returning,Mobile,India,Low,2026-07-02
111937,New,Mobile,India,High,2026-05-14
111938,Returning,Mobile,India,Medium,2026-05-18
111939,Returning,Mobile,India,Medium,2026-04-17
111940,New,Desktop,India,Medium,2026-06-30
111941,Returning,Mobile,India,Low,2026-05-07
111942,Returning,Mobile,Australia,Low,2026-06-16
111943,Returning,Mobile,Canada,Low,2026-06-08
111944,Returning,Desktop,India,High,2026-08-30
111945,Returning,Mobile,United States,Low,2026-06-28
111946,Returning,Desktop,India,Low,2026-06-22
111947,Returning,Mobile,India,Low,2026-07-29
111948,Returning,Mobile,India,Low,2026-03-14
111949,Returning,Desktop,India,Low,2026-07-02
111950,New,Mobile,India,Medium,2026-06-07
111951,New,Mobile,India,Low,2026-08-08
111952,Returning,Mobile,India,Low,2026-06-22
111953,Returning,Mobile,India,Low,2026-08-25
111954,Returning,Desktop,India,High,2026-07-31
111955,Returning,Desktop,India,Medium,2026-07-21
111956,Returning,Mobile,India,Low,2026-05-02
111957,Returning,Mobile,United Kingdom,Low,2026-08-18
111958,Returning,Mobile,India,Medium,2026-07-09
111959,Returning,Desktop,India,Medium,2026-05-28
111960,Returning,Mobile,India,High,2026-05-03
111961,Returning,Mobile,India,Medium,2026-05-04
111962,New,Mobile,India,High,2026-05-19
111963,Returning,Mobile,Australia,Medium,2026-06-24
111964,Returning,Mobile,United States,Medium,2026-07-03
111965,New,Desktop,India,Low,2026-03-06
111966,New,Mobile,India,Medium,2026-08-10
111967,New,Mobile,United Kingdom,Low,2026-04-22
111968,Returning,Mobile,United States,Medium,2026-08-16
111969,Returning,Mobile,India,Medium,2026-03-06
111970,Returning,Desktop,India,Low,2026-03-11
111971,New,Desktop,India,Medium,2026-07-09
111972,New,Mobile,India,Low,2026-06-14
111973,Returning,Mobile,India,Medium,2026-08-22
111974,Returning,Mobile,India,High,2026-06-21
111975,New,Desktop,United States,Low,2026-05-21
111976,Returning,Mobile,India,Low,2026-06-08
111977,Returning,Desktop,Australia,Medium,2026-08-15
111978,Returning,Mobile,Australia,Medium,2026-07-28
111979,Returning,Desktop,India,High,2026-07-24
111980,Returning,Mobile,United States,Low,2026-04-17
111981,New,Mobile,India,Medium,2026-03-28
111982,New,Mobile,India,Low,2026-04-13
111983,Returning,Mobile,India,Low,2026-07-11
111984,Returning,Desktop,India,Medium,2026-08-18
111985,Returning,Mobile,India,Medium,2026-05-25
111986,Returning,Mobile,Canada,Low,2026-05-25
111987,Returning,Desktop,India,Low,2026-03-10
111988,Returning,Desktop,India,High,2026-03-07
111989,Returning,Mobile,United Kingdom,Low,2026-03-07
111990,Returning,Mobile,India,Medium,2026-03-05
111991,Returning,Mobile,India,Low,2026-05-12
111992,New,Desktop,Australia,Medium,2026-05-02
111993,Returning,Mobile,United States,Low,2026-09-01
111994,Returning,Desktop,Australia,High,2026-06-01
111995,Returning,Mobile,India,Low,2026-06-18
111996,Returning,Desktop,India,Medium,2026-03-13
111997,Returning,Mobile,Australia,Low,2026-08-30
111998,New,Desktop,India,High,2026-04-15
111999,New,Desktop,India,Low,2026-06-23
112000,Returning,Mobile,India,Medium,2026-03-06
